patient0051_0005 0 0.4059 284 244 319 268
patient0051_0036 0 0.3020 300 230 326 249
patient0051_0124 0 0.4383 199 290 215 312
patient0051_0125 0 0.5814 199 292 215 313
patient0051_0126 0 0.5927 199 293 216 313
patient0051_0127 0 0.4782 199 294 217 313
patient0051_0128 0 0.4377 199 293 219 313
patient0051_0129 0 0.3226 199 293 218 314
patient0051_0130 0 0.3321 200 295 217 314
patient0051_0130 0 0.2823 196 291 216 314
patient0051_0131 0 0.4541 201 295 216 314
patient0051_0131 0 0.3109 196 291 215 314
patient0051_0132 0 0.4253 201 294 216 314
patient0051_0141 0 0.3019 192 80 221 99
patient0051_0142 0 0.2917 193 80 221 99
patient0051_0144 0 0.2927 215 298 228 316
patient0051_0176 0 0.3804 237 305 265 329
patient0051_0177 0 0.4812 230 269 275 330
patient0051_0178 0 0.5166 229 269 274 332
patient0051_0179 0 0.5809 229 269 274 334
patient0051_0180 0 0.5299 229 268 275 335
patient0051_0181 0 0.3422 229 267 277 335
patient0051_0182 0 0.2985 228 265 283 335
patient0051_0183 0 0.2661 226 287 277 335
patient0051_0183 0 0.2538 225 269 285 335
patient0051_0186 0 0.2586 224 283 279 335
patient0051_0187 0 0.3821 225 287 282 337
patient0051_0188 0 0.4594 223 287 280 337
patient0051_0189 0 0.4411 222 284 281 335
patient0051_0190 0 0.5518 222 286 281 336
patient0051_0191 0 0.5715 224 288 282 337
patient0051_0197 0 0.3628 221 287 252 303
patient0051_0214 0 0.4005 211 278 220 294
patient0051_0215 0 0.4642 211 278 220 294
patient0051_0216 0 0.4015 211 278 220 294
patient0051_0217 0 0.4617 209 278 219 294
patient0051_0217 0 0.2532 196 311 212 322
patient0051_0218 0 0.5679 206 277 218 295
patient0051_0218 0 0.3459 195 308 214 321
patient0051_0219 0 0.5457 204 276 218 294
patient0051_0219 0 0.4212 194 308 215 321
patient0051_0220 0 0.4572 204 278 218 294
patient0051_0221 0 0.6287 203 277 219 295
patient0051_0221 0 0.3822 197 309 213 321
patient0051_0222 0 0.7532 198 272 221 299
patient0051_0223 0 0.7922 198 270 221 299
patient0051_0224 0 0.8199 198 269 222 299
patient0051_0225 0 0.8489 198 268 223 300
patient0051_0226 0 0.8499 197 267 223 301
patient0051_0227 0 0.8747 195 265 224 302
patient0051_0228 0 0.8538 196 266 223 302
patient0051_0229 0 0.8395 195 264 224 302
patient0051_0230 0 0.8304 194 262 223 302
patient0051_0231 0 0.8320 193 261 223 302
patient0051_0232 0 0.7953 192 260 224 303
patient0051_0233 0 0.7702 192 260 227 303
patient0051_0234 0 0.8115 191 245 240 303
patient0051_0234 0 0.6252 192 258 227 304
patient0051_0235 0 0.8509 190 245 243 304
patient0051_0236 0 0.8765 188 245 244 305
patient0051_0237 0 0.8817 186 243 244 305
patient0051_0238 0 0.9121 186 244 245 305
patient0051_0239 0 0.9233 186 243 245 306
patient0051_0240 0 0.9218 185 241 246 306
patient0051_0241 0 0.9133 184 241 246 306
patient0051_0242 0 0.8915 183 242 246 307
patient0051_0243 0 0.8884 182 242 246 307
patient0051_0244 0 0.8814 181 242 247 307
patient0051_0245 0 0.8895 181 242 248 308
patient0051_0246 0 0.8926 180 242 248 308
patient0051_0247 0 0.8897 180 241 248 308
patient0051_0248 0 0.8808 178 242 248 308
patient0051_0249 0 0.8798 178 242 248 309
patient0051_0250 0 0.8902 178 242 249 309
patient0051_0251 0 0.8934 177 242 249 309
patient0051_0252 0 0.8804 177 243 249 309
patient0051_0253 0 0.8747 178 245 249 310
patient0051_0254 0 0.8674 178 245 250 310
patient0051_0254 0 0.5913 198 244 251 309
patient0051_0255 0 0.8459 180 246 250 310
patient0051_0255 0 0.7853 203 245 251 310
patient0051_0256 0 0.8482 205 244 250 311
patient0051_0257 0 0.8408 207 245 251 311
patient0051_0258 0 0.8577 216 246 253 312
patient0051_0259 0 0.8573 216 246 255 312
patient0051_0260 0 0.8191 217 246 258 312
patient0051_0261 0 0.8219 216 246 259 312
patient0051_0262 0 0.8199 215 245 262 312
patient0051_0263 0 0.8716 214 246 263 313
patient0051_0264 0 0.8746 213 245 264 313
patient0051_0265 0 0.8855 211 245 264 312
patient0051_0266 0 0.8861 211 245 264 313
patient0051_0267 0 0.8824 210 245 264 313
patient0051_0268 0 0.8643 210 244 262 312
patient0051_0269 0 0.8485 210 245 261 312
patient0051_0270 0 0.8252 210 244 261 312
patient0051_0271 0 0.6738 225 245 261 276
patient0051_0271 0 0.3717 209 244 260 311
patient0051_0272 0 0.6231 225 242 259 273
patient0051_0273 0 0.6702 225 243 259 271
patient0051_0274 0 0.6934 225 243 258 270
patient0051_0275 0 0.7058 224 243 258 270
patient0051_0276 0 0.7016 224 244 258 269
patient0051_0277 0 0.6653 224 244 258 269
patient0051_0278 0 0.6986 225 243 255 268
patient0051_0279 0 0.6981 225 243 254 267
patient0051_0280 0 0.6458 226 243 253 266
patient0051_0280 0 0.3786 236 243 254 266
patient0051_0281 0 0.6336 237 243 253 265
patient0051_0282 0 0.6550 233 243 253 265
patient0051_0282 0 0.2726 226 243 253 266
patient0051_0283 0 0.6866 228 242 252 264
patient0051_0284 0 0.6549 229 242 252 263
patient0051_0285 0 0.6946 230 243 251 263
patient0051_0286 0 0.6856 229 244 249 262
patient0051_0287 0 0.6654 229 246 247 262
patient0051_0288 0 0.6421 225 246 246 262
patient0051_0289 0 0.6607 231 246 245 261
patient0051_0290 0 0.6729 230 246 244 260
patient0051_0291 0 0.6583 232 246 243 259
patient0051_0292 0 0.6188 230 245 243 259
patient0051_0293 0 0.5844 227 246 243 260
patient0051_0294 0 0.6011 229 247 242 259
patient0051_0295 0 0.6271 229 247 240 259
patient0051_0296 0 0.6452 228 248 238 258
patient0051_0296 0 0.2572 227 247 241 259
patient0051_0297 0 0.6249 226 247 236 258
patient0051_0298 0 0.5458 225 247 235 258
patient0051_0299 0 0.3975 226 249 235 258
patient0051_0300 0 0.3426 225 249 235 259
patient0052_0006 0 0.3743 367 306 390 323
patient0052_0007 0 0.4428 368 301 389 324
patient0052_0008 0 0.3718 363 296 384 326
patient0052_0061 0 0.3363 27 119 46 154
patient0052_0110 0 0.3761 276 288 304 312
patient0052_0111 0 0.2565 276 286 305 311
patient0052_0124 0 0.3167 253 260 282 280
patient0052_0125 0 0.4096 253 260 282 280
patient0052_0125 0 0.3180 253 261 276 277
patient0052_0126 0 0.4353 253 261 281 279
patient0052_0127 0 0.3247 253 262 279 279
patient0052_0127 0 0.2517 253 262 274 277
patient0052_0130 0 0.3470 254 262 278 280
patient0052_0131 0 0.4721 254 265 274 281
patient0052_0132 0 0.3897 256 267 273 280
patient0052_0133 0 0.3051 258 267 273 280
patient0052_0134 0 0.3214 256 266 273 279
patient0052_0135 0 0.4066 257 265 272 279
patient0052_0136 0 0.4610 258 264 271 279
patient0052_0137 0 0.4875 259 264 271 277
patient0052_0137 0 0.2674 255 261 270 275
patient0052_0138 0 0.4159 258 261 270 276
patient0052_0138 0 0.3506 253 258 270 273
patient0052_0140 0 0.3742 259 263 270 279
patient0052_0141 0 0.3955 257 261 270 280
patient0052_0141 0 0.3630 252 258 270 279
patient0052_0142 0 0.6828 245 243 270 271
patient0052_0143 0 0.7540 247 243 271 271
patient0052_0144 0 0.6150 247 244 271 271
patient0052_0145 0 0.4932 249 251 269 273
patient0052_0146 0 0.4537 249 254 268 276
patient0052_0146 0 0.3015 252 257 269 279
patient0052_0147 0 0.5227 251 254 272 281
patient0052_0148 0 0.5749 249 248 265 271
patient0052_0148 0 0.3784 247 248 269 279
patient0052_0149 0 0.7434 249 247 264 270
patient0052_0150 0 0.7733 248 245 265 271
patient0052_0151 0 0.8526 249 241 267 273
patient0052_0152 0 0.8806 249 240 268 274
patient0052_0153 0 0.9011 249 239 269 276
patient0052_0154 0 0.8842 247 237 270 278
patient0052_0155 0 0.8932 246 235 271 279
patient0052_0156 0 0.8950 245 234 273 280
patient0052_0157 0 0.8552 245 232 275 280
patient0052_0158 0 0.8852 244 222 276 281
patient0052_0159 0 0.8770 244 221 279 282
patient0052_0160 0 0.9004 243 222 290 283
patient0052_0161 0 0.9138 242 221 291 283
patient0052_0162 0 0.9329 241 220 293 284
patient0052_0163 0 0.9293 241 220 294 284
patient0052_0164 0 0.9270 242 221 294 284
patient0052_0165 0 0.9331 240 221 295 284
patient0052_0166 0 0.9113 238 221 296 284
patient0052_0167 0 0.8614 237 221 297 284
patient0052_0168 0 0.8642 237 221 297 284
patient0052_0169 0 0.8457 237 221 298 284
patient0052_0170 0 0.8319 237 221 298 284
patient0052_0170 0 0.2668 254 233 297 284
patient0052_0171 0 0.7764 249 231 297 284
patient0052_0172 0 0.8209 253 232 297 284
patient0052_0173 0 0.8142 253 232 297 284
patient0052_0174 0 0.8374 256 231 297 284
patient0052_0175 0 0.8220 256 233 300 284
patient0052_0176 0 0.8431 255 230 302 284
patient0052_0177 0 0.9136 256 230 302 284
patient0052_0178 0 0.9106 255 229 302 284
patient0052_0179 0 0.8755 255 229 302 283
patient0052_0180 0 0.9092 256 229 301 282
patient0052_0181 0 0.8983 256 229 301 280
patient0052_0182 0 0.8850 256 228 301 279
patient0052_0183 0 0.8572 254 228 301 279
patient0052_0183 0 0.4605 277 229 302 257
patient0052_0184 0 0.8233 253 228 301 279
patient0052_0184 0 0.6221 277 229 302 257
patient0052_0185 0 0.7442 252 228 301 279
patient0052_0185 0 0.7186 278 228 301 256
patient0052_0186 0 0.6938 277 228 300 254
patient0052_0186 0 0.6738 251 227 300 280
patient0052_0187 0 0.6830 251 229 300 279
patient0052_0187 0 0.5587 278 228 299 252
patient0052_0188 0 0.6108 250 227 300 279
patient0052_0188 0 0.6070 277 228 299 251
patient0052_0189 0 0.6600 277 228 299 250
patient0052_0190 0 0.6909 278 229 298 249
patient0052_0191 0 0.7041 278 229 297 248
patient0052_0192 0 0.7317 279 229 297 246
patient0052_0193 0 0.7276 279 229 295 245
patient0052_0194 0 0.6395 280 230 294 244
patient0052_0195 0 0.3855 283 231 293 243
patient0052_0196 0 0.2988 283 229 293 243
patient0052_0196 0 0.2855 272 210 285 220
patient0053_0067 0 0.4271 180 346 211 372
patient0053_0068 0 0.5390 183 346 212 371
patient0053_0071 0 0.3702 193 348 211 372
patient0053_0072 0 0.4801 194 347 212 372
patient0053_0087 0 0.4246 211 314 247 370
patient0053_0098 0 0.2645 208 302 221 317
patient0053_0099 0 0.2706 207 301 220 316
patient0053_0104 0 0.2675 212 271 239 292
patient0053_0105 0 0.2787 196 269 221 302
patient0053_0106 0 0.7046 195 267 220 306
patient0053_0107 0 0.7353 197 267 214 306
patient0053_0108 0 0.7414 196 264 215 303
patient0053_0109 0 0.7168 194 261 218 304
patient0053_0110 0 0.7677 194 260 218 305
patient0053_0111 0 0.7585 194 259 218 306
patient0053_0112 0 0.7605 195 257 214 307
patient0053_0112 0 0.4656 194 257 222 307
patient0053_0113 0 0.7687 195 255 212 307
patient0053_0113 0 0.4923 194 254 222 309
patient0053_0114 0 0.7542 195 254 212 306
patient0053_0114 0 0.5050 194 254 219 308
patient0053_0115 0 0.7502 195 254 213 307
patient0053_0116 0 0.7394 193 252 213 307
patient0053_0117 0 0.7109 194 252 222 307
patient0053_0118 0 0.7405 194 251 224 307
patient0053_0119 0 0.6833 194 250 220 307
patient0053_0120 0 0.7950 193 241 227 307
patient0053_0121 0 0.8215 190 240 229 308
patient0053_0122 0 0.8428 189 240 231 308
patient0053_0123 0 0.8307 186 237 231 308
patient0053_0124 0 0.8179 186 236 232 309
patient0053_0125 0 0.8557 187 235 234 309
patient0053_0126 0 0.8759 187 235 236 309
patient0053_0127 0 0.8887 187 236 240 309
patient0053_0128 0 0.9124 186 236 242 309
patient0053_0129 0 0.8835 184 235 244 309
patient0053_0130 0 0.8676 186 235 245 309
patient0053_0131 0 0.8439 185 235 246 308
patient0053_0132 0 0.8303 187 236 246 309
patient0053_0133 0 0.8362 186 235 247 308
patient0053_0133 0 0.4384 190 253 247 308
patient0053_0134 0 0.8188 189 241 248 309
patient0053_0134 0 0.6477 192 263 249 308
patient0053_0135 0 0.7765 191 259 248 308
patient0053_0136 0 0.8209 193 264 249 307
patient0053_0137 0 0.8166 193 264 250 308
patient0053_0138 0 0.7865 192 264 248 307
patient0053_0139 0 0.7705 191 263 248 307
patient0053_0140 0 0.7715 190 262 248 306
patient0053_0141 0 0.7766 189 264 248 306
patient0053_0142 0 0.7436 190 263 249 307
patient0053_0143 0 0.7332 188 263 248 309
patient0053_0144 0 0.6374 188 266 246 307
patient0053_0144 0 0.6141 186 237 248 308
patient0053_0145 0 0.6063 187 267 246 307
patient0053_0145 0 0.5763 186 252 247 307
patient0053_0145 0 0.5715 186 221 248 307
patient0053_0146 0 0.4579 190 268 245 307
patient0053_0146 0 0.3298 185 250 247 307
patient0053_0146 0 0.2657 185 216 247 307
patient0053_0149 0 0.5276 210 264 246 311
patient0053_0149 0 0.4279 191 264 247 310
patient0053_0150 0 0.8317 215 264 245 311
patient0053_0151 0 0.8485 214 264 244 311
patient0053_0152 0 0.6703 213 264 244 311
patient0053_0153 0 0.7128 215 262 245 311
patient0053_0154 0 0.8053 214 261 245 308
patient0053_0155 0 0.8301 215 259 243 308
patient0053_0156 0 0.8361 214 259 244 307
patient0053_0157 0 0.8073 215 262 244 305
patient0053_0158 0 0.8070 215 262 244 303
patient0053_0159 0 0.8468 215 261 243 301
patient0053_0160 0 0.8229 215 261 242 300
patient0053_0161 0 0.7522 216 261 241 297
patient0053_0162 0 0.8087 214 260 239 295
patient0053_0163 0 0.8083 213 260 239 294
patient0053_0163 0 0.2689 122 272 139 301
patient0053_0164 0 0.7733 213 259 239 293
patient0053_0164 0 0.2799 122 271 138 300
patient0053_0165 0 0.7553 214 260 239 285
patient0053_0166 0 0.7521 214 260 238 282
patient0053_0167 0 0.7116 214 260 237 281
patient0053_0168 0 0.7279 214 259 236 277
patient0053_0169 0 0.7263 215 258 237 275
patient0053_0170 0 0.6705 216 258 236 275
patient0053_0171 0 0.6811 215 257 234 273
patient0053_0172 0 0.6788 215 255 233 272
patient0053_0173 0 0.6734 214 254 232 272
patient0053_0174 0 0.5949 215 255 231 271
patient0053_0175 0 0.6171 215 255 229 269
patient0053_0176 0 0.5422 214 254 228 269
patient0053_0177 0 0.2997 215 254 227 269
patient0053_0178 0 0.3949 215 253 226 270
patient0053_0179 0 0.3664 214 254 225 271
patient0054_0034 0 0.3619 368 363 385 395
patient0054_0035 0 0.3689 366 363 383 396
patient0054_0036 0 0.2819 364 363 381 402
patient0054_0039 0 0.4446 364 369 379 406
patient0054_0040 0 0.3449 366 371 379 406
patient0054_0092 0 0.3579 156 280 196 294
patient0054_0092 0 0.3444 154 280 196 300
patient0054_0094 0 0.4881 171 270 197 292
patient0054_0095 0 0.4910 175 270 197 290
patient0054_0096 0 0.5020 176 272 197 290
patient0054_0097 0 0.5077 179 272 197 290
patient0054_0098 0 0.5791 183 274 197 290
patient0054_0099 0 0.5270 184 274 198 289
patient0054_0100 0 0.4480 185 274 200 290
patient0054_0101 0 0.2784 185 273 200 290
patient0054_0166 0 0.4452 223 297 230 314
patient0054_0167 0 0.4366 224 297 231 313
patient0054_0167 0 0.3027 224 291 233 312
patient0054_0171 0 0.2600 223 302 231 311
patient0054_0172 0 0.3369 222 301 232 313
patient0054_0173 0 0.3743 221 300 232 313
patient0054_0173 0 0.2792 218 299 232 313
patient0054_0174 0 0.4310 219 299 231 312
patient0054_0175 0 0.4356 219 298 231 312
patient0054_0176 0 0.4768 218 297 231 312
patient0054_0177 0 0.5193 219 296 231 313
patient0054_0178 0 0.4899 219 295 230 312
patient0054_0178 0 0.3439 217 295 229 311
patient0054_0179 0 0.4881 218 295 229 311
patient0054_0180 0 0.5603 218 293 229 311
patient0054_0181 0 0.5784 218 293 230 312
patient0054_0182 0 0.6306 218 292 228 311
patient0054_0183 0 0.6521 217 290 228 310
patient0054_0183 0 0.4396 218 293 230 311
patient0054_0183 0 0.2864 216 288 226 308
patient0054_0184 0 0.6419 218 291 228 311
patient0054_0184 0 0.3234 216 288 226 308
patient0054_0185 0 0.6025 215 288 226 308
patient0054_0185 0 0.5809 217 288 228 310
patient0054_0185 0 0.4646 214 287 225 306
patient0054_0185 0 0.2783 212 288 226 306
patient0054_0186 0 0.6403 214 287 227 310
patient0054_0186 0 0.3482 214 287 230 312
patient0054_0186 0 0.2677 212 286 225 304
patient0054_0187 0 0.6556 214 286 227 312
patient0054_0187 0 0.3375 211 284 226 305
patient0054_0188 0 0.6709 215 286 228 312
patient0054_0188 0 0.3115 212 284 227 308
patient0054_0189 0 0.7161 215 288 227 312
patient0054_0189 0 0.3259 212 284 228 311
patient0054_0190 0 0.7214 213 286 228 313
patient0054_0191 0 0.6856 214 288 228 312
patient0054_0191 0 0.2838 212 286 229 311
patient0054_0192 0 0.6506 212 287 227 311
patient0054_0193 0 0.6681 211 285 227 309
patient0054_0193 0 0.4073 208 285 229 313
patient0054_0194 0 0.6828 211 283 227 309
patient0054_0194 0 0.3115 208 283 229 313
patient0054_0195 0 0.6447 211 281 228 309
patient0054_0196 0 0.6708 210 280 223 303
patient0054_0196 0 0.3750 209 280 226 307
patient0054_0197 0 0.7474 207 277 223 303
patient0054_0198 0 0.7932 207 277 224 305
patient0054_0199 0 0.8415 207 276 226 307
patient0054_0200 0 0.8247 206 274 227 308
patient0054_0201 0 0.8266 206 274 228 308
patient0054_0202 0 0.8330 205 273 229 310
patient0054_0203 0 0.8326 206 272 229 311
patient0054_0204 0 0.8315 205 271 230 312
patient0054_0205 0 0.8139 203 261 234 313
patient0054_0205 0 0.7684 204 270 230 312
patient0054_0205 0 0.5031 204 259 249 312
patient0054_0206 0 0.8499 203 259 249 313
patient0054_0206 0 0.6408 204 264 236 313
patient0054_0207 0 0.8690 203 260 250 314
patient0054_0208 0 0.8642 202 260 252 314
patient0054_0209 0 0.9050 201 259 254 315
patient0054_0210 0 0.9320 201 259 254 315
patient0054_0211 0 0.9332 200 259 254 315
patient0054_0212 0 0.9382 199 258 254 315
patient0054_0213 0 0.9383 200 258 255 315
patient0054_0214 0 0.9253 199 258 255 315
patient0054_0215 0 0.9387 198 257 256 315
patient0054_0216 0 0.9421 197 257 257 315
patient0054_0217 0 0.9336 197 256 258 315
patient0054_0218 0 0.9212 196 256 258 315
patient0054_0219 0 0.9132 196 256 258 315
patient0054_0220 0 0.9149 196 256 258 315
patient0054_0221 0 0.9188 197 256 258 315
patient0054_0222 0 0.9103 197 257 258 315
patient0054_0223 0 0.8917 195 257 259 315
patient0054_0224 0 0.8648 194 257 259 315
patient0054_0224 0 0.7860 210 262 258 315
patient0054_0225 0 0.8790 212 263 259 315
patient0054_0225 0 0.5771 193 259 259 315
patient0054_0226 0 0.8779 214 263 259 315
patient0054_0227 0 0.8765 216 262 259 315
patient0054_0228 0 0.8785 216 262 259 316
patient0054_0229 0 0.8737 217 263 259 316
patient0054_0230 0 0.8740 220 265 259 316
patient0054_0231 0 0.8703 222 265 259 316
patient0054_0232 0 0.8541 222 265 259 316
patient0054_0233 0 0.8581 223 265 259 315
patient0054_0234 0 0.8797 223 265 261 315
patient0054_0235 0 0.8892 222 266 263 315
patient0054_0236 0 0.8823 221 265 264 316
patient0054_0237 0 0.8926 221 264 264 315
patient0054_0238 0 0.8926 220 264 264 316
patient0054_0239 0 0.8977 220 264 265 316
patient0054_0240 0 0.8949 221 265 264 316
patient0054_0241 0 0.9017 220 266 264 316
patient0054_0242 0 0.8960 219 265 263 316
patient0054_0243 0 0.8854 219 265 263 315
patient0054_0244 0 0.8832 219 265 262 314
patient0054_0245 0 0.8622 218 264 262 314
patient0054_0246 0 0.8216 218 262 262 314
patient0054_0247 0 0.6873 217 262 262 314
patient0054_0247 0 0.5203 237 264 262 287
patient0054_0248 0 0.6814 217 262 262 314
patient0054_0248 0 0.4490 238 264 261 284
patient0054_0249 0 0.7834 217 262 260 314
patient0054_0249 0 0.4344 239 263 260 282
patient0054_0250 0 0.8289 217 262 260 313
patient0054_0250 0 0.3513 238 263 260 281
patient0054_0251 0 0.5950 238 262 259 280
patient0054_0251 0 0.5485 217 260 260 314
patient0054_0252 0 0.5971 239 262 259 280
patient0054_0252 0 0.3550 217 262 260 313
patient0054_0253 0 0.6050 240 262 259 279
patient0054_0253 0 0.3971 217 262 259 313
patient0054_0254 0 0.5988 241 263 258 278
patient0054_0254 0 0.3614 217 262 259 313
patient0054_0255 0 0.5890 240 263 258 278
patient0054_0255 0 0.3229 217 262 258 313
patient0054_0256 0 0.5981 240 263 257 277
patient0054_0256 0 0.2796 217 262 258 313
patient0054_0257 0 0.6065 240 263 257 276
patient0054_0258 0 0.6193 240 261 256 276
patient0054_0259 0 0.6290 240 261 255 275
patient0054_0260 0 0.6221 241 261 254 275
patient0054_0261 0 0.6366 241 262 252 275
patient0054_0262 0 0.6515 242 262 252 274
patient0054_0263 0 0.6489 241 262 251 273
patient0054_0264 0 0.6038 241 262 250 273
patient0054_0265 0 0.5417 240 262 249 273
patient0054_0266 0 0.4867 240 261 249 273
patient0054_0267 0 0.3593 240 261 248 273
patient0054_0297 0 0.2911 136 289 165 315
patient0054_0298 0 0.2979 136 289 164 316
patient0054_0341 0 0.4232 145 296 167 317
patient0054_0342 0 0.5173 145 295 167 318
patient0054_0343 0 0.5497 146 295 167 318
patient0054_0344 0 0.5604 145 294 167 318
patient0054_0345 0 0.5146 145 294 168 318
patient0054_0346 0 0.5069 145 294 168 319
patient0054_0347 0 0.5867 143 293 169 320
patient0054_0348 0 0.6112 145 293 168 320
patient0054_0349 0 0.5511 145 293 168 320
patient0054_0350 0 0.4495 147 292 168 319
patient0054_0351 0 0.3391 148 292 168 317
patient0054_0353 0 0.3064 148 292 168 317
patient0054_0354 0 0.3123 149 293 167 315
patient0055_0055 0 0.2826 167 364 189 399
patient0055_0081 0 0.2931 180 318 207 344
patient0055_0082 0 0.3076 180 317 207 343
patient0055_0083 0 0.3134 180 314 207 342
patient0055_0085 0 0.3808 182 315 210 344
patient0055_0092 0 0.5455 365 328 384 363
patient0055_0093 0 0.4887 365 331 383 361
patient0055_0095 0 0.2909 242 235 267 255
patient0055_0153 0 0.4451 208 287 263 330
patient0055_0154 0 0.4784 207 281 267 330
patient0055_0156 0 0.2696 209 277 268 330
patient0055_0176 0 0.2664 197 259 206 274
patient0055_0178 0 0.3263 196 259 206 274
patient0055_0178 0 0.3225 197 260 209 275
patient0055_0179 0 0.3230 192 256 202 272
patient0055_0182 0 0.4441 191 256 201 270
patient0055_0183 0 0.4311 192 256 201 271
patient0055_0184 0 0.6400 191 254 202 272
patient0055_0185 0 0.7203 189 256 204 274
patient0055_0186 0 0.7729 188 255 205 276
patient0055_0187 0 0.8122 188 253 206 277
patient0055_0188 0 0.7805 186 252 207 277
patient0055_0189 0 0.7478 185 251 208 277
patient0055_0190 0 0.7710 184 248 211 277
patient0055_0191 0 0.7217 183 247 210 278
patient0055_0192 0 0.5329 181 242 210 279
patient0055_0193 0 0.8220 182 234 215 278
patient0055_0194 0 0.8201 182 236 220 279
patient0055_0195 0 0.8014 181 236 221 279
patient0055_0196 0 0.7351 179 236 220 279
patient0055_0197 0 0.7168 178 236 219 279
patient0055_0198 0 0.8639 178 234 224 280
patient0055_0199 0 0.8642 176 233 225 280
patient0055_0200 0 0.8652 176 233 226 280
patient0055_0201 0 0.8604 175 234 226 280
patient0055_0202 0 0.7934 174 232 226 280
patient0055_0203 0 0.8150 174 233 228 280
patient0055_0204 0 0.8532 175 234 228 280
patient0055_0205 0 0.8355 175 233 228 280
patient0055_0206 0 0.8470 197 232 228 280
patient0055_0207 0 0.8338 197 232 227 280
patient0055_0208 0 0.8376 200 233 227 280
patient0055_0209 0 0.8769 203 233 228 281
patient0055_0210 0 0.8706 204 233 227 281
patient0055_0211 0 0.8242 204 233 228 281
patient0055_0212 0 0.7877 203 233 229 281
patient0055_0213 0 0.8237 203 232 229 281
patient0055_0214 0 0.8446 202 233 234 281
patient0055_0215 0 0.8540 202 231 236 281
patient0055_0216 0 0.8499 201 231 236 281
patient0055_0217 0 0.8436 201 229 236 281
patient0055_0218 0 0.8500 201 228 235 281
patient0055_0219 0 0.8181 199 228 236 281
patient0055_0220 0 0.8152 199 228 235 281
patient0055_0221 0 0.7458 198 228 233 281
patient0055_0221 0 0.5231 214 229 230 245
patient0055_0222 0 0.8158 197 228 230 281
patient0055_0222 0 0.3961 214 230 229 244
patient0055_0223 0 0.8046 197 228 230 280
patient0055_0223 0 0.4604 214 230 229 243
patient0055_0224 0 0.6928 196 229 228 280
patient0055_0224 0 0.5517 213 230 228 242
patient0055_0225 0 0.6681 195 229 229 280
patient0055_0225 0 0.5075 213 230 227 241
patient0055_0226 0 0.5840 212 230 225 240
patient0055_0226 0 0.4717 194 228 227 280
patient0055_0227 0 0.6281 211 230 224 239
patient0055_0228 0 0.6140 211 229 224 239
patient0055_0229 0 0.5722 211 228 223 239
patient0055_0230 0 0.4731 211 228 221 238
patient0055_0231 0 0.2877 211 229 221 237
patient0055_0232 0 0.2520 210 229 220 237
patient0055_0246 0 0.3707 204 239 225 267
patient0056_0056 0 0.4327 227 260 263 287
patient0056_0060 0 0.2988 204 262 242 299
patient0056_0061 0 0.2776 204 263 237 301
patient0056_0062 0 0.2888 202 264 234 299
patient0056_0065 0 0.3315 198 263 234 299
patient0056_0069 0 0.3829 180 273 215 308
patient0056_0070 0 0.5478 181 276 211 306
patient0056_0071 0 0.5530 181 281 210 304
patient0056_0072 0 0.4044 181 281 208 304
patient0056_0073 0 0.3197 181 280 206 305
patient0056_0075 0 0.2740 182 286 198 307
patient0056_0092 0 0.4363 238 277 269 314
patient0056_0093 0 0.2712 236 275 265 315
patient0056_0101 0 0.3331 273 269 314 306
patient0056_0101 0 0.2602 195 294 243 346
patient0056_0102 0 0.4411 272 269 313 307
patient0056_0103 0 0.2853 283 222 298 232
patient0056_0105 0 0.4671 194 290 233 317
patient0056_0105 0 0.3341 194 286 255 353
patient0056_0106 0 0.5790 193 288 234 316
patient0056_0106 0 0.2570 194 290 255 354
patient0056_0107 0 0.6080 192 281 234 316
patient0056_0108 0 0.6594 191 279 235 318
patient0056_0109 0 0.5800 191 281 238 313
patient0056_0110 0 0.4755 191 281 235 313
patient0056_0111 0 0.4336 192 279 238 311
patient0056_0113 0 0.2860 190 283 217 305
patient0056_0114 0 0.2945 189 283 217 305
patient0056_0115 0 0.3586 188 278 216 304
patient0056_0124 0 0.3398 184 281 200 296
patient0056_0125 0 0.2524 181 281 200 299
patient0056_0128 0 0.3006 179 273 198 297
patient0056_0129 0 0.3564 180 275 197 299
patient0056_0130 0 0.4336 181 277 197 297
patient0056_0131 0 0.3302 176 268 198 296
patient0056_0132 0 0.4910 175 263 202 296
patient0056_0132 0 0.4813 176 273 199 297
patient0056_0133 0 0.4790 177 276 204 296
patient0056_0134 0 0.4504 177 276 197 296
patient0056_0134 0 0.3250 177 270 203 296
patient0056_0135 0 0.2917 177 274 200 295
patient0056_0137 0 0.3181 175 279 195 297
patient0056_0138 0 0.4417 176 275 196 297
patient0056_0138 0 0.2862 176 265 201 296
patient0056_0139 0 0.5316 176 266 195 297
patient0056_0140 0 0.5938 175 264 190 295
patient0056_0141 0 0.7733 174 262 191 288
patient0056_0142 0 0.8311 173 259 194 293
patient0056_0143 0 0.8318 174 258 195 294
patient0056_0144 0 0.8153 175 256 196 296
patient0056_0145 0 0.8001 174 254 196 296
patient0056_0146 0 0.8025 173 253 197 297
patient0056_0147 0 0.7949 173 250 197 299
patient0056_0148 0 0.5203 173 249 198 299
patient0056_0148 0 0.4646 172 246 231 298
patient0056_0149 0 0.8460 173 246 227 300
patient0056_0150 0 0.8771 174 246 229 301
patient0056_0151 0 0.9015 173 243 230 301
patient0056_0152 0 0.9170 172 240 231 302
patient0056_0153 0 0.9160 170 240 232 302
patient0056_0154 0 0.9245 171 243 232 303
patient0056_0155 0 0.9263 169 241 231 303
patient0056_0156 0 0.9278 168 240 232 303
patient0056_0157 0 0.9212 168 238 233 303
patient0056_0158 0 0.9279 169 237 234 304
patient0056_0159 0 0.9096 168 238 233 304
patient0056_0160 0 0.9009 167 239 233 305
patient0056_0161 0 0.9222 166 237 233 305
patient0056_0162 0 0.8433 167 240 233 305
patient0056_0162 0 0.2670 179 249 233 304
patient0056_0163 0 0.8304 182 252 233 304
patient0056_0164 0 0.8121 191 253 233 305
patient0056_0165 0 0.7552 192 253 233 304
patient0056_0166 0 0.7903 179 254 233 305
patient0056_0167 0 0.8348 177 255 233 304
patient0056_0168 0 0.8234 176 255 234 304
patient0056_0169 0 0.7817 206 253 236 298
patient0056_0169 0 0.5244 177 254 237 303
patient0056_0170 0 0.7385 206 253 236 295
patient0056_0170 0 0.6031 177 254 237 303
patient0056_0171 0 0.6559 207 253 235 287
patient0056_0171 0 0.6512 175 254 234 305
patient0056_0172 0 0.8111 206 252 235 284
patient0056_0172 0 0.3093 172 253 237 304
patient0056_0173 0 0.7785 207 252 235 281
patient0056_0173 0 0.4692 173 254 237 304
patient0056_0174 0 0.7987 208 253 235 282
patient0056_0174 0 0.3200 172 253 236 305
patient0056_0175 0 0.8062 208 254 235 282
patient0056_0176 0 0.8087 208 253 235 281
patient0056_0177 0 0.7550 208 253 234 276
patient0056_0178 0 0.6975 209 251 234 271
patient0056_0178 0 0.4025 208 250 235 279
patient0056_0179 0 0.6790 209 249 233 270
patient0056_0179 0 0.3373 208 249 234 277
patient0056_0180 0 0.7114 208 251 234 271
patient0056_0181 0 0.6935 210 251 233 272
patient0056_0182 0 0.6690 211 251 233 273
patient0056_0183 0 0.6338 211 250 229 267
patient0056_0184 0 0.6157 213 251 228 266
patient0056_0185 0 0.6180 215 251 226 265
patient0056_0186 0 0.5998 215 250 225 264
patient0056_0187 0 0.5257 215 250 224 262
patient0056_0188 0 0.4918 214 250 223 262
patient0056_0189 0 0.4567 214 251 223 261
patient0056_0190 0 0.3149 212 251 222 263
patient0057_0002 0 0.2651 117 218 129 236
patient0057_0007 0 0.2752 101 200 132 234
patient0057_0008 0 0.5600 102 199 130 232
patient0057_0008 0 0.2699 340 298 368 337
patient0057_0010 0 0.2889 119 204 127 231
patient0057_0017 0 0.5280 191 253 214 272
patient0057_0018 0 0.5921 193 254 210 274
patient0057_0019 0 0.4612 195 256 207 273
patient0057_0118 0 0.3722 184 275 198 298
patient0057_0119 0 0.3334 184 276 198 299
patient0057_0120 0 0.2741 184 276 197 300
patient0057_0121 0 0.4759 184 273 196 302
patient0057_0122 0 0.3559 185 273 196 302
patient0057_0124 0 0.3474 187 272 203 303
patient0057_0124 0 0.3080 186 281 201 303
patient0057_0125 0 0.3969 185 284 201 304
patient0057_0125 0 0.3450 186 277 202 304
patient0057_0167 0 0.4830 192 287 232 327
patient0057_0168 0 0.6516 190 287 232 327
patient0057_0169 0 0.7000 190 285 232 328
patient0057_0170 0 0.5504 189 283 231 328
patient0057_0199 0 0.3040 191 268 211 293
patient0057_0199 0 0.2868 191 269 206 286
patient0057_0200 0 0.3781 191 269 206 284
patient0057_0200 0 0.3158 191 268 212 293
patient0057_0201 0 0.3960 190 268 203 283
patient0057_0201 0 0.2887 190 267 213 293
patient0057_0202 0 0.4875 189 267 202 283
patient0057_0203 0 0.5050 187 267 202 284
patient0057_0204 0 0.4891 186 267 203 284
patient0057_0205 0 0.4608 185 269 204 285
patient0057_0206 0 0.4968 185 269 203 285
patient0057_0207 0 0.4824 184 267 203 285
patient0057_0208 0 0.3565 185 268 205 286
patient0057_0209 0 0.2556 185 269 207 287
patient0057_0211 0 0.2612 184 268 206 287
patient0057_0224 0 0.4171 175 261 191 285
patient0057_0225 0 0.7875 173 259 194 286
patient0057_0226 0 0.7929 172 258 194 288
patient0057_0227 0 0.7980 171 258 195 289
patient0057_0228 0 0.8189 169 256 195 289
patient0057_0229 0 0.8412 168 255 195 290
patient0057_0230 0 0.8531 167 255 195 290
patient0057_0231 0 0.8480 166 255 195 292
patient0057_0232 0 0.8427 165 254 196 293
patient0057_0233 0 0.8253 164 252 197 293
patient0057_0234 0 0.8101 163 242 207 294
patient0057_0235 0 0.8760 163 242 209 294
patient0057_0236 0 0.8915 162 242 210 293
patient0057_0237 0 0.8920 161 242 211 293
patient0057_0238 0 0.8954 160 242 211 293
patient0057_0239 0 0.8372 159 243 209 294
patient0057_0240 0 0.8080 158 240 203 295
patient0057_0241 0 0.8330 157 239 211 296
patient0057_0242 0 0.8469 156 242 212 296
patient0057_0243 0 0.8445 156 241 212 296
patient0057_0244 0 0.8296 156 237 211 296
patient0057_0245 0 0.8259 156 236 213 296
patient0057_0246 0 0.8347 155 236 215 296
patient0057_0247 0 0.8383 154 237 214 297
patient0057_0248 0 0.8487 153 237 213 297
patient0057_0249 0 0.8414 152 237 213 298
patient0057_0250 0 0.8328 152 237 213 297
patient0057_0251 0 0.8308 152 238 215 297
patient0057_0252 0 0.8000 153 242 218 298
patient0057_0253 0 0.7803 157 243 220 298
patient0057_0254 0 0.7307 188 242 227 299
patient0057_0254 0 0.5916 165 241 222 299
patient0057_0255 0 0.8742 187 241 227 299
patient0057_0256 0 0.8867 185 241 226 300
patient0057_0257 0 0.8727 186 239 226 300
patient0057_0258 0 0.8738 186 239 226 300
patient0057_0259 0 0.8761 185 240 226 300
patient0057_0260 0 0.8755 184 240 225 299
patient0057_0261 0 0.8572 184 239 224 299
patient0057_0262 0 0.8645 187 239 224 299
patient0057_0263 0 0.8708 187 239 224 299
patient0057_0264 0 0.8600 187 238 224 299
patient0057_0265 0 0.8505 184 238 224 300
patient0057_0266 0 0.8534 184 239 223 300
patient0057_0267 0 0.8140 183 236 224 299
patient0057_0267 0 0.3692 207 238 224 262
patient0057_0268 0 0.6278 183 236 223 299
patient0057_0268 0 0.5074 208 238 224 261
patient0057_0269 0 0.5261 207 236 224 261
patient0057_0269 0 0.4688 184 235 223 298
patient0057_0270 0 0.5986 207 236 223 260
patient0057_0270 0 0.3369 185 236 223 298
patient0057_0271 0 0.5714 209 237 222 259
patient0057_0271 0 0.5445 186 237 222 298
patient0057_0272 0 0.5561 208 238 222 259
patient0057_0272 0 0.5077 184 238 222 299
patient0057_0273 0 0.5531 204 238 222 258
patient0057_0273 0 0.4680 183 239 221 299
patient0057_0274 0 0.5503 204 238 222 257
patient0057_0274 0 0.2515 183 239 221 299
patient0057_0275 0 0.5997 204 238 221 256
patient0057_0276 0 0.6005 203 238 219 256
patient0057_0277 0 0.6184 205 238 218 255
patient0057_0278 0 0.6016 206 238 218 254
patient0057_0279 0 0.5622 205 238 217 254
patient0057_0280 0 0.5094 205 239 216 253
patient0057_0281 0 0.5281 205 240 216 252
patient0057_0282 0 0.5323 205 240 214 252
patient0057_0283 0 0.4996 205 241 213 251
patient0057_0283 0 0.2655 204 240 215 252
patient0057_0284 0 0.5678 203 240 212 251
patient0057_0285 0 0.5895 202 240 211 251
patient0057_0286 0 0.6042 202 240 211 251
patient0057_0287 0 0.6002 201 241 210 251
patient0057_0288 0 0.5817 200 241 210 251
patient0057_0289 0 0.4554 200 241 209 251
patient0058_0002 0 0.3157 177 402 228 454
patient0058_0011 0 0.3051 212 278 248 305
patient0058_0012 0 0.2527 214 279 250 305
patient0058_0013 0 0.4255 219 281 250 305
patient0058_0014 0 0.5822 220 281 248 305
patient0058_0015 0 0.2865 223 282 250 308
patient0058_0016 0 0.2861 222 283 247 307
patient0058_0020 0 0.2675 278 246 299 270
patient0058_0040 0 0.3099 417 384 444 407
patient0058_0045 0 0.2714 389 167 422 202
patient0058_0079 0 0.3344 297 335 340 376
patient0058_0102 0 0.4495 174 274 203 308
patient0058_0103 0 0.3574 178 281 210 314
patient0058_0104 0 0.2638 178 279 213 310
patient0058_0138 0 0.6135 226 289 277 344
patient0058_0139 0 0.7379 226 290 277 348
patient0058_0140 0 0.7877 224 291 276 350
patient0058_0141 0 0.7476 223 289 276 351
patient0058_0142 0 0.7574 221 290 288 352
patient0058_0143 0 0.7673 221 287 287 353
patient0058_0144 0 0.7034 221 287 289 354
patient0058_0145 0 0.5772 221 287 289 354
patient0058_0146 0 0.6550 222 288 289 354
patient0058_0147 0 0.5339 219 287 286 354
patient0058_0148 0 0.4704 219 286 287 355
patient0058_0148 0 0.2507 217 288 228 300
patient0058_0149 0 0.3114 219 284 290 357
patient0058_0150 0 0.4106 212 285 234 302
patient0058_0151 0 0.3282 212 283 233 301
patient0058_0155 0 0.3191 216 278 230 295
patient0058_0156 0 0.4017 215 275 231 294
patient0058_0156 0 0.3466 215 274 229 291
patient0058_0157 0 0.3616 216 273 230 290
patient0058_0158 0 0.2998 215 269 227 286
patient0058_0159 0 0.2870 215 268 225 283
patient0058_0160 0 0.2694 214 267 225 284
patient0058_0161 0 0.4232 211 265 225 283
patient0058_0166 0 0.2932 209 249 225 280
patient0058_0167 0 0.5152 207 250 222 281
patient0058_0167 0 0.4760 209 257 221 281
patient0058_0167 0 0.2650 204 247 223 280
patient0058_0168 0 0.6396 203 248 220 279
patient0058_0168 0 0.3139 197 247 221 277
patient0058_0169 0 0.5217 202 248 218 275
patient0058_0170 0 0.4415 197 246 217 272
patient0058_0171 0 0.5720 197 246 218 275
patient0058_0172 0 0.5963 200 248 222 280
patient0058_0173 0 0.5917 210 252 221 278
patient0058_0173 0 0.3655 204 246 223 279
patient0058_0173 0 0.2712 198 248 222 277
patient0058_0174 0 0.7855 209 248 222 279
patient0058_0175 0 0.8141 207 248 225 281
patient0058_0175 0 0.3687 209 226 255 281
patient0058_0176 0 0.7852 208 225 255 283
patient0058_0176 0 0.6798 207 247 226 283
patient0058_0177 0 0.8262 205 226 257 284
patient0058_0178 0 0.8497 205 225 259 285
patient0058_0179 0 0.9054 203 225 262 286
patient0058_0180 0 0.9161 203 226 262 287
patient0058_0181 0 0.9162 201 226 263 288
patient0058_0182 0 0.9203 202 227 264 289
patient0058_0183 0 0.8659 203 226 265 290
patient0058_0184 0 0.7640 203 231 266 290
patient0058_0185 0 0.8535 200 229 268 290
patient0058_0186 0 0.8818 199 228 268 290
patient0058_0187 0 0.8820 199 229 268 290
patient0058_0188 0 0.8722 197 228 268 291
patient0058_0189 0 0.8831 196 228 268 293
patient0058_0190 0 0.8800 196 227 268 294
patient0058_0191 0 0.8679 195 228 268 294
patient0058_0192 0 0.8601 194 227 268 294
patient0058_0193 0 0.8694 223 227 273 294
patient0058_0193 0 0.7259 195 226 272 294
patient0058_0194 0 0.8800 224 227 274 294
patient0058_0194 0 0.7585 192 227 273 294
patient0058_0195 0 0.8637 194 228 271 294
patient0058_0196 0 0.8778 224 227 272 295
patient0058_0196 0 0.7669 192 228 271 294
patient0058_0197 0 0.9199 223 228 276 294
patient0058_0198 0 0.8894 223 227 275 294
patient0058_0199 0 0.8255 222 227 276 294
patient0058_0200 0 0.8187 220 227 276 294
patient0058_0201 0 0.8289 220 226 276 294
patient0058_0202 0 0.8089 220 226 275 294
patient0058_0202 0 0.2706 243 225 276 255
patient0058_0203 0 0.7960 220 226 275 294
patient0058_0203 0 0.3685 245 226 275 252
patient0058_0204 0 0.8129 220 227 275 293
patient0058_0204 0 0.3239 249 226 275 250
patient0058_0205 0 0.7430 220 227 275 293
patient0058_0205 0 0.4966 248 227 275 249
patient0058_0206 0 0.5948 243 227 275 249
patient0058_0206 0 0.4302 251 228 275 248
patient0058_0206 0 0.2595 218 226 274 293
patient0058_0207 0 0.6517 244 226 272 247
patient0058_0207 0 0.3762 218 226 273 292
patient0058_0208 0 0.6505 244 224 271 246
patient0058_0209 0 0.6278 244 225 270 246
patient0058_0210 0 0.5468 246 225 268 242
patient0058_0211 0 0.5959 245 226 263 241
patient0058_0212 0 0.6352 246 228 261 239
patient0058_0213 0 0.6593 246 228 262 239
patient0058_0214 0 0.6543 243 228 262 239
patient0058_0215 0 0.6437 242 228 259 239
patient0058_0216 0 0.6207 243 228 258 239
patient0058_0217 0 0.6350 246 227 258 238
patient0058_0217 0 0.3898 245 227 261 239
patient0058_0218 0 0.5596 247 225 259 238
patient0058_0219 0 0.4480 246 224 259 237
patient0058_0220 0 0.3789 244 224 259 238
patient0059_0003 0 0.2554 131 222 157 267
patient0059_0006 0 0.5607 139 229 160 264
patient0059_0010 0 0.2744 143 231 172 253
patient0059_0037 0 0.4895 243 301 263 335
patient0059_0130 0 0.4365 235 293 249 315
patient0059_0131 0 0.4572 237 297 247 314
patient0059_0131 0 0.2882 236 293 248 314
patient0059_0133 0 0.6044 233 297 246 315
patient0059_0134 0 0.6861 231 297 245 315
patient0059_0135 0 0.7338 229 297 245 316
patient0059_0136 0 0.5413 230 299 245 317
patient0059_0137 0 0.4593 226 298 241 317
patient0059_0141 0 0.7746 215 290 232 315
patient0059_0142 0 0.8583 215 289 236 316
patient0059_0143 0 0.8737 211 281 238 320
patient0059_0144 0 0.8606 211 278 238 321
patient0059_0145 0 0.8084 209 277 240 321
patient0059_0146 0 0.8203 203 261 242 321
patient0059_0147 0 0.8100 200 260 243 321
patient0059_0148 0 0.8268 197 259 248 322
patient0059_0149 0 0.8760 195 258 251 322
patient0059_0150 0 0.9128 193 253 253 322
patient0059_0151 0 0.9237 191 254 253 322
patient0059_0152 0 0.9090 190 253 255 322
patient0059_0153 0 0.8632 189 262 256 324
patient0059_0154 0 0.8206 207 265 259 323
patient0059_0155 0 0.8913 203 264 259 323
patient0059_0156 0 0.7037 226 264 258 324
patient0059_0156 0 0.6662 202 264 259 324
patient0059_0157 0 0.8073 226 264 259 324
patient0059_0158 0 0.8325 224 264 259 324
patient0059_0159 0 0.8874 211 264 259 325
patient0059_0160 0 0.9074 211 264 259 326
patient0059_0161 0 0.8970 213 264 260 326
patient0059_0162 0 0.9196 215 264 260 325
patient0059_0163 0 0.8799 217 264 260 325
patient0059_0164 0 0.8666 216 264 259 325
patient0059_0165 0 0.8454 218 265 258 326
patient0059_0166 0 0.8909 220 264 258 326
patient0059_0167 0 0.9374 221 260 259 326
patient0059_0168 0 0.9243 222 261 259 326
patient0059_0169 0 0.9002 225 262 258 326
patient0059_0170 0 0.8900 224 263 259 326
patient0059_0171 0 0.8856 223 262 259 326
patient0059_0172 0 0.8804 222 262 259 327
patient0059_0173 0 0.8647 221 261 258 327
patient0059_0174 0 0.8656 221 260 260 327
patient0059_0175 0 0.8716 219 257 264 327
patient0059_0176 0 0.8875 218 257 265 326
patient0059_0177 0 0.8833 216 250 265 325
patient0059_0178 0 0.7969 214 250 266 323
patient0059_0178 0 0.3937 232 248 267 296
patient0059_0179 0 0.7796 212 252 262 323
patient0059_0180 0 0.7380 210 251 263 324
patient0059_0180 0 0.6303 231 250 263 289
patient0059_0181 0 0.7057 231 252 264 287
patient0059_0181 0 0.4885 208 252 263 323
patient0059_0182 0 0.7801 231 251 261 283
patient0059_0183 0 0.7343 231 253 261 282
patient0059_0184 0 0.7634 231 251 260 280
patient0059_0185 0 0.7157 231 251 259 279
patient0059_0186 0 0.7495 233 251 260 278
patient0059_0187 0 0.7277 235 251 259 273
patient0059_0188 0 0.6873 234 252 255 270
patient0059_0189 0 0.6329 235 251 250 269
patient0059_0190 0 0.6239 235 251 249 268
patient0059_0190 0 0.4807 239 249 250 267
patient0059_0191 0 0.5891 238 250 249 266
patient0059_0192 0 0.5579 237 250 249 266
patient0059_0193 0 0.5395 235 250 248 265
patient0059_0194 0 0.5493 234 249 247 265
patient0059_0195 0 0.5329 233 249 246 265
patient0059_0196 0 0.4247 233 250 245 264
patient0059_0202 0 0.2907 204 252 239 318
patient0059_0202 0 0.2732 228 252 237 266
patient0059_0203 0 0.2700 228 253 237 269
patient0059_0238 0 0.2809 385 88 414 122
patient0060_0007 0 0.3062 338 362 363 379
patient0060_0008 0 0.2747 336 362 362 379
patient0060_0009 0 0.3888 335 360 365 379
patient0060_0010 0 0.3857 336 359 366 380
patient0060_0011 0 0.4769 337 359 366 377
patient0060_0012 0 0.5510 337 357 365 377
patient0060_0013 0 0.6378 338 356 366 378
patient0060_0013 0 0.5124 337 344 367 378
patient0060_0014 0 0.5448 337 350 367 377
patient0060_0015 0 0.5542 339 340 373 377
patient0060_0016 0 0.3585 340 338 373 378
patient0060_0017 0 0.3966 340 340 374 376
patient0060_0018 0 0.3259 341 338 375 376
patient0060_0019 0 0.5188 341 339 382 375
patient0060_0020 0 0.5709 340 340 379 376
patient0060_0021 0 0.4430 341 340 376 374
patient0060_0022 0 0.2837 344 346 371 373
patient0060_0023 0 0.4197 339 351 366 371
patient0060_0024 0 0.3944 339 351 363 373
patient0060_0180 0 0.3105 206 291 232 315
patient0060_0214 0 0.6364 195 283 215 303
patient0060_0215 0 0.7888 195 283 218 305
patient0060_0216 0 0.7932 195 281 217 306
patient0060_0217 0 0.7719 193 280 218 306
patient0060_0218 0 0.7602 192 279 218 307
patient0060_0219 0 0.7711 192 279 220 307
patient0060_0220 0 0.7538 191 277 219 306
patient0060_0221 0 0.7432 191 275 221 308
patient0060_0222 0 0.7874 190 258 223 308
patient0060_0223 0 0.7948 188 256 224 308
patient0060_0224 0 0.8200 189 256 229 308
patient0060_0225 0 0.8377 188 256 230 308
patient0060_0226 0 0.7765 186 257 230 309
patient0060_0227 0 0.8197 183 258 232 310
patient0060_0228 0 0.8254 181 257 233 310
patient0060_0229 0 0.8202 181 257 233 310
patient0060_0230 0 0.8340 181 257 234 310
patient0060_0231 0 0.8088 181 257 233 310
patient0060_0232 0 0.7435 181 258 234 311
patient0060_0233 0 0.8592 180 256 236 311
patient0060_0234 0 0.8591 179 257 237 310
patient0060_0235 0 0.8382 179 257 237 311
patient0060_0236 0 0.8214 179 257 238 311
patient0060_0237 0 0.8173 177 257 237 311
patient0060_0238 0 0.8618 178 256 238 311
patient0060_0239 0 0.9006 177 255 238 312
patient0060_0240 0 0.8655 179 255 239 312
patient0060_0241 0 0.8663 192 256 238 312
patient0060_0242 0 0.8665 195 256 238 311
patient0060_0243 0 0.8536 198 256 238 312
patient0060_0244 0 0.8243 202 255 238 312
patient0060_0245 0 0.8506 206 256 238 312
patient0060_0246 0 0.8491 208 256 239 312
patient0060_0247 0 0.8384 206 256 242 313
patient0060_0248 0 0.8679 207 255 248 312
patient0060_0249 0 0.8570 206 255 249 311
patient0060_0250 0 0.8174 207 255 249 311
patient0060_0251 0 0.8018 205 256 249 311
patient0060_0252 0 0.6144 204 255 249 311
patient0060_0252 0 0.3541 216 255 249 290
patient0060_0252 0 0.3444 211 255 249 299
patient0060_0253 0 0.6088 204 254 249 311
patient0060_0253 0 0.2786 217 254 249 288
patient0060_0254 0 0.7686 205 252 248 311
patient0060_0255 0 0.5042 204 253 243 311
patient0060_0255 0 0.2868 218 254 243 274
patient0060_0256 0 0.2773 218 253 244 272
patient0060_0257 0 0.5600 204 249 248 311
patient0060_0257 0 0.3339 217 252 247 286
patient0060_0258 0 0.6493 217 251 247 284
patient0060_0259 0 0.4942 219 254 243 275
patient0060_0260 0 0.4174 221 250 244 272
patient0060_0261 0 0.5210 223 250 241 270
patient0060_0262 0 0.4941 223 251 241 269
patient0060_0263 0 0.5697 222 251 242 271
patient0060_0264 0 0.5002 224 251 242 271
patient0060_0265 0 0.4035 222 253 240 269
patient0060_0266 0 0.5308 219 253 240 269
patient0060_0267 0 0.4962 221 252 239 269
patient0060_0268 0 0.2745 223 253 236 267
patient0060_0271 0 0.3806 222 256 230 264
patient0060_0272 0 0.2504 223 256 232 264
patient0061_0007 0 0.4224 294 226 332 279
patient0061_0008 0 0.3246 294 227 324 263
patient0061_0009 0 0.3830 243 288 278 319
patient0061_0009 0 0.3476 303 235 324 265
patient0061_0009 0 0.3120 300 225 325 266
patient0061_0010 0 0.5013 248 288 284 320
patient0061_0013 0 0.3340 142 175 159 202
patient0061_0023 0 0.2540 275 323 304 347
patient0061_0122 0 0.2686 213 282 231 301
patient0061_0123 0 0.2572 209 279 230 300
patient0061_0124 0 0.2619 208 278 229 296
patient0061_0125 0 0.4107 200 276 227 295
patient0061_0126 0 0.4091 201 274 223 291
patient0061_0127 0 0.3585 199 274 226 291
patient0061_0128 0 0.5535 200 274 225 290
patient0061_0129 0 0.4169 200 274 223 289
patient0061_0129 0 0.3604 193 70 229 108
patient0061_0132 0 0.3485 211 261 250 282
patient0061_0134 0 0.2594 213 247 254 282
patient0061_0138 0 0.3067 205 257 219 270
patient0061_0139 0 0.3440 202 257 217 270
patient0061_0140 0 0.3181 201 255 214 269
patient0061_0141 0 0.4242 201 253 214 269
patient0061_0142 0 0.2526 200 252 213 269
patient0061_0143 0 0.2907 197 251 211 268
patient0061_0143 0 0.2739 200 251 212 269
patient0061_0144 0 0.2771 197 250 210 267
patient0061_0145 0 0.3430 196 250 210 268
patient0061_0146 0 0.3076 197 250 210 268
patient0061_0147 0 0.3135 196 254 209 269
patient0061_0148 0 0.5116 197 253 208 268
patient0061_0149 0 0.7563 191 245 208 269
patient0061_0150 0 0.8230 188 242 211 272
patient0061_0151 0 0.8687 187 240 211 274
patient0061_0152 0 0.8880 188 238 211 274
patient0061_0153 0 0.8788 186 237 211 275
patient0061_0154 0 0.8704 186 234 212 276
patient0061_0155 0 0.8680 185 233 213 276
patient0061_0156 0 0.8293 182 231 213 277
patient0061_0157 0 0.8348 182 228 214 277
patient0061_0158 0 0.8167 181 229 214 277
patient0061_0159 0 0.7946 182 227 217 279
patient0061_0160 0 0.8668 182 225 229 280
patient0061_0161 0 0.8947 182 223 233 281
patient0061_0162 0 0.8913 181 222 239 282
patient0061_0163 0 0.9071 181 221 240 283
patient0061_0164 0 0.9022 180 216 242 283
patient0061_0165 0 0.9004 180 216 243 283
patient0061_0166 0 0.8858 178 212 244 283
patient0061_0167 0 0.8347 178 211 246 283
patient0061_0168 0 0.8562 179 211 246 284
patient0061_0169 0 0.8530 179 209 247 284
patient0061_0170 0 0.8522 179 210 247 284
patient0061_0171 0 0.8702 178 210 248 285
patient0061_0172 0 0.8761 177 209 249 286
patient0061_0172 0 0.3377 200 233 248 285
patient0061_0173 0 0.8794 177 210 249 286
patient0061_0174 0 0.8837 174 208 249 286
patient0061_0174 0 0.5554 200 236 249 285
patient0061_0175 0 0.8534 174 209 250 285
patient0061_0175 0 0.7208 200 236 249 285
patient0061_0176 0 0.8813 175 209 250 286
patient0061_0176 0 0.5049 200 236 250 285
patient0061_0177 0 0.8428 174 208 251 286
patient0061_0177 0 0.6740 201 238 251 285
patient0061_0178 0 0.8529 174 209 251 286
patient0061_0178 0 0.8185 200 236 252 285
patient0061_0179 0 0.8365 174 211 251 286
patient0061_0179 0 0.7919 201 236 252 286
patient0061_0180 0 0.8200 199 235 252 287
patient0061_0180 0 0.7958 172 211 252 287
patient0061_0180 0 0.4025 191 219 252 287
patient0061_0181 0 0.8009 197 237 253 287
patient0061_0182 0 0.7479 196 238 252 288
patient0061_0183 0 0.6775 194 237 252 289
patient0061_0184 0 0.7139 195 237 253 288
patient0061_0185 0 0.6310 194 226 251 288
patient0061_0186 0 0.6939 191 235 251 287
patient0061_0186 0 0.3833 227 225 252 259
patient0061_0187 0 0.6671 192 236 251 287
patient0061_0187 0 0.4462 226 225 253 259
patient0061_0188 0 0.6140 226 226 253 258
patient0061_0188 0 0.5468 192 236 250 287
patient0061_0189 0 0.6895 225 226 253 258
patient0061_0190 0 0.7604 225 233 252 256
patient0061_0191 0 0.7408 225 232 250 255
patient0061_0192 0 0.7424 224 233 251 255
patient0061_0193 0 0.6998 224 233 250 254
patient0061_0194 0 0.6696 224 235 249 254
patient0061_0195 0 0.6775 225 236 245 252
patient0061_0196 0 0.7107 225 236 243 251
patient0061_0197 0 0.5770 226 235 243 250
patient0061_0197 0 0.3607 192 236 243 287
patient0061_0198 0 0.6306 225 237 242 251
patient0061_0199 0 0.3427 191 238 238 288
patient0061_0200 0 0.2798 225 239 239 250
patient0061_0201 0 0.4021 191 238 237 287
patient0061_0201 0 0.2531 226 240 237 249
patient0061_0202 0 0.4514 227 238 238 250
patient0061_0204 0 0.4081 192 242 233 287
patient0061_0219 0 0.4751 242 322 256 351
patient0062_0014 0 0.2599 405 393 419 416
patient0062_0015 0 0.6548 393 385 419 416
patient0062_0015 0 0.5125 405 389 419 415
patient0062_0015 0 0.2680 398 380 419 416
patient0062_0016 0 0.5832 406 391 419 415
patient0062_0016 0 0.2531 399 389 419 415
patient0062_0017 0 0.6304 405 387 419 416
patient0062_0018 0 0.5316 404 389 419 414
patient0062_0019 0 0.3097 406 390 418 414
patient0062_0020 0 0.5456 403 387 419 414
patient0062_0021 0 0.3467 404 388 419 411
patient0062_0022 0 0.3515 405 390 419 409
patient0062_0023 0 0.2736 406 390 419 408
patient0062_0027 0 0.2981 376 367 408 386
patient0062_0034 0 0.4214 369 370 418 406
patient0062_0079 0 0.2515 341 333 375 370
patient0062_0080 0 0.5218 340 335 377 391
patient0062_0089 0 0.3377 192 323 207 344
patient0062_0089 0 0.3237 191 322 209 360
patient0062_0090 0 0.3320 184 321 213 364
patient0062_0090 0 0.2602 186 322 208 362
patient0062_0099 0 0.3336 393 388 410 401
patient0062_0100 0 0.3580 392 388 409 400
patient0062_0101 0 0.2975 391 390 410 401
patient0062_0111 0 0.2970 394 385 407 399
patient0062_0112 0 0.2980 388 387 406 401
patient0062_0113 0 0.2773 387 387 406 401
patient0062_0114 0 0.3977 386 387 406 401
patient0062_0115 0 0.3514 387 386 407 401
patient0062_0116 0 0.2992 389 386 408 401
patient0062_0117 0 0.3505 390 387 408 401
patient0062_0137 0 0.4029 139 276 182 313
patient0062_0137 0 0.3174 149 283 182 314
patient0062_0138 0 0.4648 150 285 181 314
patient0062_0145 0 0.4688 149 272 169 315
patient0062_0170 0 0.3951 184 266 203 309
patient0062_0171 0 0.3107 191 290 251 363
patient0062_0172 0 0.3009 191 282 249 366
patient0062_0172 0 0.2918 187 276 215 306
patient0062_0173 0 0.5007 188 282 215 304
patient0062_0173 0 0.3500 192 283 249 367
patient0062_0174 0 0.5140 191 284 251 369
patient0062_0174 0 0.4101 188 285 215 304
patient0062_0175 0 0.5040 191 284 252 369
patient0062_0175 0 0.3355 187 283 218 302
patient0062_0176 0 0.5744 195 285 248 368
patient0062_0177 0 0.2784 195 283 249 366
patient0062_0178 0 0.4199 186 265 203 288
patient0062_0178 0 0.3042 193 283 250 365
patient0062_0179 0 0.5915 186 263 203 287
patient0062_0179 0 0.3112 195 283 251 363
patient0062_0180 0 0.5660 186 263 203 286
patient0062_0181 0 0.2986 189 266 202 287
patient0062_0181 0 0.2713 187 262 203 285
patient0062_0183 0 0.3851 185 257 204 285
patient0062_0183 0 0.3209 188 260 202 286
patient0062_0184 0 0.3708 186 258 204 283
patient0062_0207 0 0.4156 173 266 188 283
patient0062_0208 0 0.7283 173 264 190 283
patient0062_0209 0 0.8221 172 262 192 285
patient0062_0210 0 0.8419 170 260 193 287
patient0062_0211 0 0.8566 169 259 193 288
patient0062_0212 0 0.8811 169 257 194 288
patient0062_0213 0 0.8940 168 256 195 289
patient0062_0214 0 0.8790 168 255 195 289
patient0062_0215 0 0.8139 166 244 199 290
patient0062_0216 0 0.8795 166 242 210 290
patient0062_0217 0 0.8803 166 243 210 290
patient0062_0218 0 0.8910 166 243 210 290
patient0062_0219 0 0.9012 164 243 211 290
patient0062_0220 0 0.9152 163 242 211 291
patient0062_0221 0 0.9211 163 242 212 291
patient0062_0222 0 0.9216 163 241 212 291
patient0062_0223 0 0.8916 161 241 212 292
patient0062_0224 0 0.8304 168 241 212 292
patient0062_0225 0 0.9020 178 241 212 292
patient0062_0226 0 0.9238 183 241 211 293
patient0062_0227 0 0.8931 185 239 212 293
patient0062_0228 0 0.8775 185 239 212 293
patient0062_0229 0 0.8520 184 239 218 292
patient0062_0230 0 0.8560 181 238 222 292
patient0062_0231 0 0.8686 182 238 221 291
patient0062_0232 0 0.8582 182 238 220 290
patient0062_0233 0 0.8897 181 239 219 291
patient0062_0234 0 0.8706 180 239 219 291
patient0062_0235 0 0.8215 179 238 219 291
patient0062_0236 0 0.8349 178 239 217 291
patient0062_0236 0 0.2983 195 238 218 267
patient0062_0237 0 0.6884 178 239 216 291
patient0062_0237 0 0.5569 194 240 217 263
patient0062_0238 0 0.5637 193 240 215 259
patient0062_0238 0 0.4441 177 240 215 291
patient0062_0239 0 0.5858 194 240 213 256
patient0062_0240 0 0.5916 194 240 212 255
patient0062_0241 0 0.6131 193 240 213 257
patient0062_0242 0 0.6140 193 241 212 255
patient0062_0243 0 0.5623 194 241 208 253
patient0062_0244 0 0.5218 194 240 205 252
patient0062_0245 0 0.4615 193 240 204 251
patient0062_0246 0 0.2840 192 240 204 251
patient0062_0250 0 0.3155 177 247 204 289
patient0062_0251 0 0.4598 179 252 200 288
patient0062_0251 0 0.3334 179 248 206 288
patient0062_0252 0 0.3843 179 261 211 287
patient0062_0269 0 0.3211 189 309 202 329
patient0062_0270 0 0.3552 189 311 204 331
patient0062_0284 0 0.3826 216 311 234 332
patient0062_0285 0 0.3695 218 311 236 331
patient0063_0018 0 0.3771 378 364 415 406
patient0063_0035 0 0.2974 240 268 273 312
patient0063_0182 0 0.2634 231 336 258 362
patient0063_0183 0 0.3619 231 334 262 360
patient0063_0183 0 0.2756 231 337 255 359
patient0063_0184 0 0.3608 231 333 262 358
patient0063_0185 0 0.2513 231 334 261 357
patient0063_0187 0 0.3284 230 334 252 355
patient0063_0188 0 0.3705 229 334 250 355
patient0063_0189 0 0.3267 229 338 251 354
patient0063_0190 0 0.3053 230 330 250 351
patient0063_0192 0 0.3647 230 338 239 350
patient0063_0193 0 0.4064 231 338 238 349
patient0063_0194 0 0.3636 231 337 238 349
patient0063_0195 0 0.4136 230 336 238 348
patient0063_0196 0 0.4331 229 335 238 348
patient0063_0197 0 0.4114 229 335 238 348
patient0063_0198 0 0.4505 228 332 238 347
patient0063_0198 0 0.3972 223 329 237 344
patient0063_0199 0 0.4770 224 327 237 343
patient0063_0199 0 0.4265 228 328 238 346
patient0063_0200 0 0.4240 226 328 236 344
patient0063_0200 0 0.4146 228 327 237 346
patient0063_0201 0 0.3895 228 329 237 346
patient0063_0202 0 0.3585 227 329 237 345
patient0063_0203 0 0.3074 227 328 236 345
patient0063_0204 0 0.3972 227 327 235 342
patient0063_0205 0 0.4177 225 327 235 342
patient0063_0205 0 0.3230 222 324 235 341
patient0063_0206 0 0.4371 225 326 235 342
patient0063_0206 0 0.3321 223 324 235 341
patient0063_0207 0 0.5115 225 324 235 343
patient0063_0208 0 0.5730 224 323 235 341
patient0063_0208 0 0.3142 224 323 238 344
patient0063_0209 0 0.6528 224 323 235 341
patient0063_0210 0 0.6406 224 323 234 341
patient0063_0211 0 0.6093 224 323 235 341
patient0063_0212 0 0.5862 224 322 235 342
patient0063_0213 0 0.5145 224 323 235 343
patient0063_0214 0 0.4767 224 322 235 343
patient0063_0215 0 0.4945 224 321 234 343
patient0063_0216 0 0.6705 218 317 234 341
patient0063_0217 0 0.7876 218 314 235 344
patient0063_0218 0 0.8569 217 313 237 344
patient0063_0219 0 0.8786 217 312 237 346
patient0063_0220 0 0.8994 216 311 238 346
patient0063_0221 0 0.8687 217 310 238 347
patient0063_0222 0 0.8689 215 309 238 347
patient0063_0223 0 0.8552 215 308 239 347
patient0063_0224 0 0.8386 215 307 239 348
patient0063_0225 0 0.8489 215 306 241 350
patient0063_0226 0 0.8483 215 305 242 350
patient0063_0227 0 0.8454 215 305 241 350
patient0063_0228 0 0.8406 213 304 241 351
patient0063_0229 0 0.8259 212 303 243 352
patient0063_0230 0 0.8293 213 302 243 352
patient0063_0231 0 0.8256 212 300 243 353
patient0063_0232 0 0.8121 213 299 243 353
patient0063_0233 0 0.7903 213 299 243 353
patient0063_0234 0 0.7923 216 298 243 353
patient0063_0235 0 0.8032 214 297 244 354
patient0063_0236 0 0.6952 213 295 247 354
patient0063_0237 0 0.7330 213 294 249 354
patient0063_0238 0 0.8170 213 293 266 354
patient0063_0239 0 0.8773 212 293 268 354
patient0063_0240 0 0.9054 212 293 270 355
patient0063_0241 0 0.9025 211 292 271 355
patient0063_0242 0 0.8990 211 286 270 355
patient0063_0243 0 0.8923 210 284 272 358
patient0063_0244 0 0.8848 210 285 272 357
patient0063_0245 0 0.8819 210 286 272 357
patient0063_0246 0 0.8846 210 286 273 357
patient0063_0247 0 0.8753 210 285 273 356
patient0063_0248 0 0.8716 209 285 273 357
patient0063_0249 0 0.8970 208 286 274 357
patient0063_0250 0 0.8986 208 287 275 357
patient0063_0251 0 0.8785 208 289 276 358
patient0063_0251 0 0.4020 220 300 276 358
patient0063_0252 0 0.8785 224 300 276 358
patient0063_0253 0 0.8575 226 302 277 358
patient0063_0254 0 0.9142 225 302 277 357
patient0063_0255 0 0.9296 225 302 278 357
patient0063_0256 0 0.9184 225 302 277 357
patient0063_0257 0 0.8995 224 302 277 357
patient0063_0257 0 0.4090 214 292 276 358
patient0063_0258 0 0.8675 224 302 277 357
patient0063_0259 0 0.8484 223 302 278 358
patient0063_0260 0 0.8072 223 302 277 358
patient0063_0260 0 0.6553 212 281 277 359
patient0063_0260 0 0.2604 248 302 277 337
patient0063_0261 0 0.7844 223 303 277 358
patient0063_0261 0 0.2904 248 303 277 336
patient0063_0261 0 0.2736 212 281 277 357
patient0063_0262 0 0.8147 222 303 277 359
patient0063_0262 0 0.3083 248 304 277 335
patient0063_0263 0 0.8010 222 304 277 359
patient0063_0263 0 0.4719 249 304 277 334
patient0063_0264 0 0.7747 222 304 277 359
patient0063_0264 0 0.5603 249 304 277 333
patient0063_0265 0 0.7130 222 304 276 356
patient0063_0265 0 0.5606 249 305 277 332
patient0063_0266 0 0.6914 221 305 276 356
patient0063_0266 0 0.6541 250 305 276 330
patient0063_0267 0 0.6865 249 305 276 329
patient0063_0267 0 0.5885 220 304 276 357
patient0063_0268 0 0.7776 248 305 275 328
patient0063_0269 0 0.7928 248 305 274 327
patient0063_0270 0 0.8038 248 305 274 327
patient0063_0271 0 0.8029 248 306 274 326
patient0063_0272 0 0.7852 248 306 274 326
patient0063_0273 0 0.7525 248 307 273 325
patient0063_0274 0 0.6502 249 307 272 323
patient0063_0275 0 0.6476 251 307 271 323
patient0063_0276 0 0.6819 251 307 270 323
patient0063_0277 0 0.6655 252 307 270 322
patient0063_0278 0 0.6328 253 307 268 321
patient0063_0279 0 0.6279 253 307 267 321
patient0063_0280 0 0.6172 252 307 266 321
patient0063_0281 0 0.6093 251 308 266 321
patient0063_0282 0 0.5941 251 308 265 321
patient0063_0283 0 0.6156 252 309 264 321
patient0063_0284 0 0.4989 253 309 264 321
patient0063_0284 0 0.3211 228 309 262 354
patient0063_0285 0 0.4342 229 310 262 355
patient0064_0039 0 0.4717 256 250 279 267
patient0064_0040 0 0.4547 256 250 279 267
patient0064_0041 0 0.3102 256 249 280 266
patient0064_0049 0 0.2735 425 354 449 379
patient0064_0050 0 0.3351 427 355 451 378
patient0064_0059 0 0.3596 418 369 447 393
patient0064_0060 0 0.4399 418 369 446 395
patient0064_0061 0 0.4491 419 370 446 395
patient0064_0062 0 0.4553 423 371 445 394
patient0064_0123 0 0.2997 211 263 225 288
patient0064_0216 0 0.3445 208 313 223 328
patient0064_0217 0 0.4257 208 313 220 327
patient0064_0218 0 0.4774 205 311 220 327
patient0064_0219 0 0.5233 207 312 220 327
patient0064_0220 0 0.4718 209 312 221 327
patient0064_0221 0 0.5047 209 314 221 327
patient0064_0222 0 0.5213 210 314 221 327
patient0064_0223 0 0.3916 211 313 221 327
patient0064_0224 0 0.3324 209 309 220 326
patient0064_0225 0 0.4076 208 305 219 325
patient0064_0226 0 0.3321 207 308 219 325
patient0064_0227 0 0.3419 207 306 218 324
patient0064_0230 0 0.4630 204 303 219 326
patient0064_0231 0 0.6758 201 302 218 325
patient0064_0232 0 0.7290 200 299 219 326
patient0064_0233 0 0.7626 199 297 219 326
patient0064_0234 0 0.7979 199 295 220 327
patient0064_0235 0 0.8116 199 294 221 329
patient0064_0236 0 0.8256 198 294 221 330
patient0064_0237 0 0.8664 196 292 221 331
patient0064_0238 0 0.8806 194 290 222 331
patient0064_0239 0 0.8776 193 291 222 332
patient0064_0240 0 0.8718 192 289 222 332
patient0064_0241 0 0.8756 190 275 242 333
patient0064_0242 0 0.9166 189 275 242 334
patient0064_0243 0 0.9195 190 277 244 334
patient0064_0244 0 0.9227 188 277 244 334
patient0064_0245 0 0.9260 188 277 245 334
patient0064_0246 0 0.9300 188 277 246 334
patient0064_0247 0 0.9187 187 277 246 334
patient0064_0248 0 0.9042 187 277 246 335
patient0064_0249 0 0.8899 187 277 247 335
patient0064_0250 0 0.8977 186 277 247 335
patient0064_0251 0 0.9000 185 278 249 335
patient0064_0252 0 0.8968 185 278 250 335
patient0064_0253 0 0.8729 184 279 250 335
patient0064_0254 0 0.8707 184 278 250 335
patient0064_0255 0 0.8913 183 279 251 335
patient0064_0256 0 0.8558 183 279 251 335
patient0064_0257 0 0.6506 208 280 251 336
patient0064_0257 0 0.5906 180 278 251 335
patient0064_0258 0 0.7423 198 279 252 336
patient0064_0259 0 0.7373 205 279 252 336
patient0064_0260 0 0.8327 208 280 251 336
patient0064_0261 0 0.8476 207 280 251 336
patient0064_0262 0 0.8548 207 280 250 335
patient0064_0263 0 0.8661 208 280 250 335
patient0064_0264 0 0.8711 211 281 250 336
patient0064_0265 0 0.8704 211 280 250 336
patient0064_0266 0 0.8364 214 279 250 336
patient0064_0267 0 0.8923 216 278 250 336
patient0064_0268 0 0.8886 216 278 250 337
patient0064_0269 0 0.8551 215 279 249 337
patient0064_0270 0 0.8603 214 278 249 337
patient0064_0271 0 0.8630 215 277 249 338
patient0064_0272 0 0.8838 215 277 249 338
patient0064_0273 0 0.8625 214 277 249 338
patient0064_0274 0 0.8754 215 277 250 337
patient0064_0275 0 0.8808 214 277 252 337
patient0064_0276 0 0.9209 213 276 255 337
patient0064_0277 0 0.9306 213 276 255 337
patient0064_0278 0 0.8914 212 275 254 337
patient0064_0279 0 0.8755 212 274 254 337
patient0064_0280 0 0.8655 211 274 254 336
patient0064_0281 0 0.8687 211 274 254 336
patient0064_0282 0 0.8726 211 274 253 336
patient0064_0283 0 0.8453 210 275 252 336
patient0064_0284 0 0.7916 209 275 251 335
patient0064_0285 0 0.7932 209 275 250 335
patient0064_0285 0 0.2785 226 275 251 297
patient0064_0286 0 0.7918 208 275 250 335
patient0064_0287 0 0.5332 207 274 249 334
patient0064_0287 0 0.5157 227 274 250 292
patient0064_0288 0 0.5936 230 274 249 291
patient0064_0288 0 0.3265 206 274 249 334
patient0064_0289 0 0.6812 232 273 248 288
patient0064_0289 0 0.2549 208 273 248 333
patient0064_0290 0 0.6361 231 270 246 287
patient0064_0290 0 0.3755 208 271 247 332
patient0064_0291 0 0.7904 205 272 244 332
patient0064_0291 0 0.6108 232 270 246 287
patient0064_0292 0 0.8121 204 271 244 331
patient0064_0292 0 0.5957 232 270 246 287
patient0064_0293 0 0.7831 204 271 243 331
patient0064_0293 0 0.6184 231 271 245 286
patient0064_0294 0 0.6562 230 271 244 284
patient0064_0294 0 0.3622 203 272 242 331
patient0064_0295 0 0.6175 229 272 243 284
patient0064_0296 0 0.6255 229 272 241 283
patient0064_0297 0 0.6174 228 271 239 283
patient0064_0298 0 0.6233 228 271 239 282
patient0064_0299 0 0.6191 227 271 238 282
patient0064_0300 0 0.6079 225 271 238 282
patient0064_0301 0 0.6317 223 271 238 282
patient0064_0302 0 0.5663 225 271 237 281
patient0064_0303 0 0.3278 224 271 236 281
patient0064_0307 0 0.2818 222 270 233 281
patient0064_0310 0 0.3979 222 273 235 285
patient0064_0311 0 0.4561 222 274 233 286
patient0064_0312 0 0.4069 222 276 233 286
patient0065_0003 0 0.4670 96 218 111 250
patient0065_0007 0 0.2516 96 235 117 262
patient0065_0014 0 0.4074 295 403 317 425
patient0065_0015 0 0.4994 293 403 316 425
patient0065_0016 0 0.2632 293 405 312 424
patient0065_0025 0 0.3126 321 365 346 391
patient0065_0027 0 0.4298 317 374 341 391
patient0065_0028 0 0.4983 320 373 339 391
patient0065_0029 0 0.4395 321 373 338 389
patient0065_0030 0 0.2669 321 373 337 389
patient0065_0114 0 0.2995 214 269 234 284
patient0065_0115 0 0.3793 216 267 233 283
patient0065_0117 0 0.3560 287 191 314 207
patient0065_0118 0 0.5111 287 192 310 207
patient0065_0119 0 0.2646 215 263 238 276
patient0065_0130 0 0.3068 221 245 270 275
patient0065_0131 0 0.4406 223 243 272 274
patient0065_0132 0 0.2908 224 245 270 270
patient0065_0133 0 0.2990 226 247 268 268
patient0065_0134 0 0.4318 227 245 267 270
patient0065_0135 0 0.2947 226 244 266 269
patient0065_0140 0 0.3476 222 237 255 261
patient0065_0141 0 0.2761 222 240 255 260
patient0065_0167 0 0.4574 194 238 221 265
patient0065_0167 0 0.4482 197 240 219 261
patient0065_0168 0 0.6790 197 238 220 262
patient0065_0169 0 0.7029 197 238 221 263
patient0065_0170 0 0.7647 195 236 221 263
patient0065_0171 0 0.7996 194 235 223 263
patient0065_0172 0 0.8238 194 218 227 264
patient0065_0173 0 0.8009 192 217 227 265
patient0065_0174 0 0.8097 189 216 232 266
patient0065_0175 0 0.7711 188 214 236 266
patient0065_0176 0 0.7345 187 215 231 266
patient0065_0177 0 0.8197 186 213 238 267
patient0065_0178 0 0.8229 185 213 238 267
patient0065_0179 0 0.8367 183 212 239 268
patient0065_0180 0 0.8312 183 212 240 268
patient0065_0181 0 0.8295 182 211 241 269
patient0065_0182 0 0.8323 181 210 241 269
patient0065_0183 0 0.8115 181 210 241 269
patient0065_0184 0 0.8126 181 211 240 269
patient0065_0185 0 0.8063 180 211 240 269
patient0065_0186 0 0.7959 179 211 241 270
patient0065_0187 0 0.8118 179 211 242 271
patient0065_0188 0 0.7555 191 211 242 271
patient0065_0189 0 0.8497 203 210 243 271
patient0065_0190 0 0.8456 205 211 243 272
patient0065_0191 0 0.8696 208 211 243 273
patient0065_0192 0 0.8780 209 209 243 273
patient0065_0193 0 0.8666 210 209 252 273
patient0065_0194 0 0.8692 210 210 256 273
patient0065_0195 0 0.8606 210 210 256 272
patient0065_0196 0 0.8590 210 209 256 272
patient0065_0197 0 0.8627 211 208 255 272
patient0065_0198 0 0.8366 209 209 255 272
patient0065_0199 0 0.8384 208 209 253 272
patient0065_0200 0 0.8547 208 209 251 272
patient0065_0201 0 0.8628 207 208 249 272
patient0065_0202 0 0.7574 206 208 249 272
patient0065_0202 0 0.2767 229 207 249 231
patient0065_0203 0 0.6567 205 208 249 272
patient0065_0203 0 0.4368 230 207 249 231
patient0065_0204 0 0.5967 229 207 248 228
patient0065_0204 0 0.3683 204 207 249 271
patient0065_0205 0 0.6110 228 207 247 228
patient0065_0206 0 0.5982 228 207 245 226
patient0065_0207 0 0.6419 228 207 245 226
patient0065_0208 0 0.6587 226 207 245 226
patient0065_0209 0 0.6745 225 207 243 224
patient0065_0210 0 0.7033 226 208 242 225
patient0065_0211 0 0.7146 226 209 241 224
patient0065_0212 0 0.6905 225 208 241 224
patient0065_0213 0 0.6173 223 207 240 223
patient0065_0214 0 0.5535 223 208 237 221
patient0065_0215 0 0.5711 223 208 235 221
patient0065_0216 0 0.4018 222 210 234 221
patient0065_0219 0 0.2554 218 211 232 221
patient0065_0224 0 0.3106 217 215 228 224
patient0065_0225 0 0.3850 217 215 228 226
patient0065_0228 0 0.5194 208 224 228 263
patient0065_0229 0 0.2980 208 225 227 260
patient0065_0244 0 0.3549 248 269 263 290
patient0066_0002 0 0.3156 190 58 232 101
patient0066_0057 0 0.2845 219 170 246 197
patient0066_0114 0 0.3210 261 136 282 165
patient0066_0115 0 0.2903 261 144 281 165
patient0066_0125 0 0.2557 193 228 210 247
patient0066_0144 0 0.2587 197 225 210 241
patient0066_0145 0 0.3400 197 226 207 241
patient0066_0146 0 0.2951 196 227 207 243
patient0066_0149 0 0.5020 197 222 212 242
patient0066_0149 0 0.3430 196 218 217 243
patient0066_0149 0 0.3086 196 223 215 243
patient0066_0150 0 0.4817 196 220 212 241
patient0066_0150 0 0.3027 195 216 216 243
patient0066_0151 0 0.3914 194 225 209 242
patient0066_0152 0 0.3568 192 221 208 243
patient0066_0152 0 0.2639 191 224 211 246
patient0066_0153 0 0.4925 190 225 208 248
patient0066_0153 0 0.4690 191 226 204 245
patient0066_0154 0 0.4698 189 228 208 247
patient0066_0155 0 0.4640 189 229 207 247
patient0066_0156 0 0.4937 187 228 206 245
patient0066_0157 0 0.5346 189 229 206 245
patient0066_0158 0 0.5524 189 229 204 244
patient0066_0159 0 0.5908 189 228 204 244
patient0066_0160 0 0.7490 188 226 205 246
patient0066_0161 0 0.7366 186 223 206 247
patient0066_0162 0 0.8369 185 222 208 248
patient0066_0163 0 0.8079 185 221 208 249
patient0066_0164 0 0.8275 185 220 208 249
patient0066_0165 0 0.8196 183 220 208 249
patient0066_0166 0 0.8338 182 218 208 250
patient0066_0167 0 0.8595 181 215 209 252
patient0066_0168 0 0.8645 181 215 210 253
patient0066_0169 0 0.8493 180 214 209 253
patient0066_0170 0 0.8444 177 213 209 254
patient0066_0171 0 0.8187 176 211 210 254
patient0066_0172 0 0.7431 176 210 212 254
patient0066_0172 0 0.7352 176 197 216 255
patient0066_0173 0 0.8756 174 197 224 255
patient0066_0174 0 0.9098 172 196 225 256
patient0066_0175 0 0.9362 171 195 226 257
patient0066_0176 0 0.9274 170 194 227 257
patient0066_0177 0 0.9251 169 194 228 257
patient0066_0178 0 0.9193 169 196 228 257
patient0066_0179 0 0.8901 168 198 229 257
patient0066_0180 0 0.9148 167 195 231 257
patient0066_0181 0 0.8740 166 195 232 257
patient0066_0182 0 0.8643 166 196 232 257
patient0066_0183 0 0.8675 165 197 232 257
patient0066_0184 0 0.8647 163 197 232 258
patient0066_0185 0 0.8659 163 198 232 258
patient0066_0186 0 0.8660 163 197 233 259
patient0066_0187 0 0.8823 162 197 232 259
patient0066_0188 0 0.8812 162 196 233 260
patient0066_0189 0 0.8633 162 197 235 261
patient0066_0190 0 0.8230 162 197 238 260
patient0066_0191 0 0.6374 197 195 244 260
patient0066_0191 0 0.4052 161 197 242 260
patient0066_0192 0 0.8911 201 196 244 261
patient0066_0193 0 0.8707 200 196 245 261
patient0066_0194 0 0.8410 200 195 246 261
patient0066_0195 0 0.8418 198 195 246 261
patient0066_0196 0 0.8517 197 195 246 262
patient0066_0197 0 0.8833 196 194 247 261
patient0066_0198 0 0.8909 196 194 246 262
patient0066_0199 0 0.8916 194 196 246 262
patient0066_0200 0 0.8658 193 196 245 262
patient0066_0201 0 0.8631 192 195 243 262
patient0066_0202 0 0.7928 191 195 244 260
patient0066_0202 0 0.4029 217 195 245 230
patient0066_0203 0 0.7863 191 194 242 260
patient0066_0203 0 0.3415 217 193 243 226
patient0066_0204 0 0.8113 190 193 241 260
patient0066_0204 0 0.3015 214 193 242 222
patient0066_0205 0 0.7920 190 193 240 259
patient0066_0205 0 0.5237 216 192 240 220
patient0066_0206 0 0.7963 189 192 239 259
patient0066_0206 0 0.5972 216 192 240 218
patient0066_0207 0 0.7532 188 193 239 259
patient0066_0207 0 0.6741 216 192 239 217
patient0066_0208 0 0.7329 216 193 239 217
patient0066_0208 0 0.3389 187 193 239 258
patient0066_0209 0 0.7526 217 194 239 217
patient0066_0210 0 0.7665 217 195 237 215
patient0066_0211 0 0.7535 219 195 236 214
patient0066_0212 0 0.6998 219 195 235 213
patient0066_0213 0 0.6796 217 195 234 212
patient0066_0214 0 0.6606 217 196 233 211
patient0066_0215 0 0.6351 218 197 233 211
patient0066_0216 0 0.5956 218 196 231 210
patient0066_0217 0 0.5954 217 196 231 209
patient0066_0218 0 0.5988 215 196 229 208
patient0066_0219 0 0.5948 215 196 228 208
patient0066_0220 0 0.5753 215 196 226 207
patient0066_0221 0 0.5083 215 198 224 207
patient0066_0222 0 0.3164 214 198 224 207
patient0066_0252 0 0.3158 230 261 253 301
patient0067_0002 0 0.2623 340 389 355 409
patient0067_0005 0 0.4632 349 148 379 189
patient0067_0006 0 0.3289 349 148 377 191
patient0067_0013 0 0.4567 414 353 443 395
patient0067_0025 0 0.2913 198 131 241 174
patient0067_0085 0 0.2549 165 287 181 304
patient0067_0087 0 0.2564 161 284 180 304
patient0067_0088 0 0.4183 155 287 181 315
patient0067_0088 0 0.2887 156 287 181 327
patient0067_0089 0 0.3407 160 302 181 322
patient0067_0091 0 0.4032 181 114 195 129
patient0067_0091 0 0.2637 132 260 165 307
patient0067_0092 0 0.4715 172 307 210 341
patient0067_0092 0 0.3967 171 307 198 337
patient0067_0092 0 0.3643 132 267 172 311
patient0067_0093 0 0.3911 175 311 212 342
patient0067_0093 0 0.3025 175 310 199 337
patient0067_0094 0 0.3417 180 314 213 346
patient0067_0095 0 0.3871 181 312 214 350
patient0067_0096 0 0.2854 184 314 207 337
patient0067_0099 0 0.4575 186 315 203 336
patient0067_0100 0 0.5435 191 317 214 347
patient0067_0100 0 0.4107 185 316 212 344
patient0067_0101 0 0.5257 188 318 213 346
patient0067_0101 0 0.4385 193 321 214 345
patient0067_0101 0 0.3521 183 314 212 345
patient0067_0102 0 0.4357 191 319 212 344
patient0067_0102 0 0.3153 188 315 211 342
patient0067_0103 0 0.3285 184 306 207 338
patient0067_0103 0 0.2834 189 307 208 344
patient0067_0105 0 0.2734 185 300 195 315
patient0067_0109 0 0.3785 188 301 198 315
patient0067_0110 0 0.3059 190 301 198 315
patient0067_0112 0 0.2941 222 379 237 387
patient0067_0120 0 0.4787 277 286 297 313
patient0067_0136 0 0.3264 219 338 264 397
patient0067_0141 0 0.3475 214 321 232 343
patient0067_0142 0 0.4693 214 318 237 343
patient0067_0143 0 0.6913 213 318 236 342
patient0067_0144 0 0.7371 213 313 235 340
patient0067_0145 0 0.5302 212 314 234 339
patient0067_0146 0 0.3096 214 310 243 333
patient0067_0148 0 0.2869 212 320 236 333
patient0067_0149 0 0.3527 214 319 242 328
patient0067_0150 0 0.3608 214 319 243 328
patient0067_0151 0 0.2636 206 319 236 331
patient0067_0153 0 0.2777 187 337 202 349
patient0067_0153 0 0.2720 211 316 233 328
patient0067_0154 0 0.3296 209 312 230 329
patient0067_0166 0 0.5184 203 292 227 320
patient0067_0167 0 0.4388 200 291 227 320
patient0067_0169 0 0.3053 192 303 203 320
patient0067_0171 0 0.4816 192 304 212 322
patient0067_0172 0 0.7016 191 305 212 323
patient0067_0173 0 0.7547 189 303 213 324
patient0067_0174 0 0.8160 185 299 215 325
patient0067_0175 0 0.8164 184 298 215 325
patient0067_0176 0 0.8055 182 295 218 325
patient0067_0177 0 0.8328 180 294 219 326
patient0067_0178 0 0.7892 179 293 219 327
patient0067_0179 0 0.8641 177 275 225 327
patient0067_0180 0 0.8474 178 274 228 327
patient0067_0181 0 0.8613 177 273 229 328
patient0067_0182 0 0.8854 177 271 231 328
patient0067_0183 0 0.8942 178 271 232 329
patient0067_0184 0 0.9066 174 271 232 329
patient0067_0185 0 0.9057 172 272 233 329
patient0067_0186 0 0.9029 169 273 235 329
patient0067_0187 0 0.8777 169 273 235 329
patient0067_0188 0 0.8275 169 273 236 330
patient0067_0189 0 0.8491 169 274 236 331
patient0067_0190 0 0.8212 171 275 236 331
patient0067_0191 0 0.7784 172 276 237 331
patient0067_0192 0 0.7643 167 275 237 332
patient0067_0192 0 0.4232 188 274 238 331
patient0067_0193 0 0.8281 166 275 237 333
patient0067_0193 0 0.3744 192 274 237 333
patient0067_0194 0 0.8328 204 275 237 335
patient0067_0195 0 0.8795 193 274 236 335
patient0067_0196 0 0.8272 205 275 236 336
patient0067_0197 0 0.8286 205 274 237 337
patient0067_0198 0 0.8428 205 272 237 337
patient0067_0199 0 0.8455 204 272 238 337
patient0067_0200 0 0.8238 204 272 246 336
patient0067_0201 0 0.8416 205 272 245 336
patient0067_0202 0 0.8471 204 271 247 337
patient0067_0203 0 0.8018 204 270 246 336
patient0067_0204 0 0.8300 203 271 245 335
patient0067_0205 0 0.8388 203 272 244 334
patient0067_0206 0 0.8245 202 271 243 334
patient0067_0207 0 0.7847 200 271 243 335
patient0067_0208 0 0.7315 199 271 242 335
patient0067_0209 0 0.7639 198 268 241 334
patient0067_0210 0 0.6410 200 265 241 334
patient0067_0210 0 0.3492 220 265 239 287
patient0067_0211 0 0.4880 220 265 238 285
patient0067_0212 0 0.5087 219 266 237 285
patient0067_0213 0 0.3943 219 268 236 285
patient0067_0214 0 0.3857 209 270 235 286
patient0067_0215 0 0.5230 210 270 234 285
patient0067_0216 0 0.6363 210 270 234 285
patient0067_0217 0 0.6033 211 269 233 284
patient0067_0218 0 0.5415 215 270 232 283
patient0067_0219 0 0.5813 213 270 229 282
patient0067_0220 0 0.6091 213 270 226 282
patient0067_0220 0 0.3760 212 269 230 283
patient0067_0221 0 0.5753 212 269 226 283
patient0067_0222 0 0.3876 209 274 222 281
patient0067_0230 0 0.4262 192 275 221 328
patient0068_0018 0 0.3864 155 288 200 331
patient0068_0021 0 0.2916 152 316 175 330
patient0068_0042 0 0.4398 142 299 178 333
patient0068_0042 0 0.3711 314 404 350 426
patient0068_0043 0 0.5573 315 406 351 426
patient0068_0043 0 0.2699 145 300 178 333
patient0068_0044 0 0.3951 315 406 354 426
patient0068_0045 0 0.3537 232 232 262 273
patient0068_0045 0 0.2574 316 402 337 424
patient0068_0046 0 0.2773 154 299 175 332
patient0068_0047 0 0.2973 148 299 178 333
patient0068_0050 0 0.2581 161 303 185 332
patient0068_0051 0 0.3426 156 299 182 334
patient0068_0051 0 0.3411 310 413 338 434
patient0068_0057 0 0.4510 157 317 180 335
patient0068_0058 0 0.2676 158 314 181 335
patient0068_0059 0 0.3189 158 315 182 335
patient0068_0144 0 0.3313 183 268 196 283
patient0068_0144 0 0.3253 181 267 194 282
patient0068_0145 0 0.4416 182 268 194 282
patient0068_0145 0 0.3530 183 269 197 283
patient0068_0146 0 0.3904 182 268 195 281
patient0068_0146 0 0.2995 184 269 198 283
patient0068_0147 0 0.4403 184 267 195 280
patient0068_0147 0 0.3180 184 268 197 281
patient0068_0148 0 0.5474 183 266 195 280
patient0068_0148 0 0.3200 179 265 195 280
patient0068_0148 0 0.2977 182 267 198 281
patient0068_0149 0 0.5357 182 266 195 279
patient0068_0150 0 0.4706 182 266 195 279
patient0068_0151 0 0.4303 182 265 195 279
patient0068_0152 0 0.4079 180 264 194 279
patient0068_0153 0 0.3006 180 264 192 278
patient0068_0154 0 0.2802 178 264 189 278
patient0068_0155 0 0.2777 177 264 187 277
patient0068_0157 0 0.2839 175 265 186 279
patient0068_0158 0 0.3465 173 266 187 281
patient0068_0159 0 0.4921 172 265 185 281
patient0068_0160 0 0.4398 172 265 185 280
patient0068_0161 0 0.2835 173 265 186 280
patient0068_0162 0 0.2659 173 265 189 282
patient0068_0163 0 0.4057 172 264 190 283
patient0068_0164 0 0.6667 171 263 191 286
patient0068_0165 0 0.8340 169 260 193 287
patient0068_0166 0 0.8674 169 260 194 288
patient0068_0167 0 0.8875 169 260 194 289
patient0068_0168 0 0.8742 167 258 195 288
patient0068_0169 0 0.8712 166 257 195 288
patient0068_0170 0 0.8414 164 256 195 288
patient0068_0171 0 0.7880 163 255 196 288
patient0068_0172 0 0.7529 162 234 205 287
patient0068_0172 0 0.5384 162 252 198 287
patient0068_0173 0 0.8364 161 232 207 288
patient0068_0174 0 0.9125 159 235 208 288
patient0068_0175 0 0.9238 158 235 209 288
patient0068_0176 0 0.9319 157 234 210 290
patient0068_0177 0 0.9288 156 234 211 291
patient0068_0178 0 0.9267 155 234 212 291
patient0068_0179 0 0.9168 154 234 212 291
patient0068_0180 0 0.8747 153 234 213 291
patient0068_0181 0 0.8644 152 234 213 292
patient0068_0182 0 0.8791 152 234 213 292
patient0068_0183 0 0.8813 152 234 214 292
patient0068_0184 0 0.8598 152 234 214 292
patient0068_0185 0 0.8596 162 235 214 293
patient0068_0186 0 0.8770 169 235 214 294
patient0068_0187 0 0.8783 174 235 214 294
patient0068_0188 0 0.8707 178 234 215 294
patient0068_0189 0 0.8926 186 234 216 294
patient0068_0190 0 0.8810 187 234 224 294
patient0068_0191 0 0.9247 187 234 223 295
patient0068_0192 0 0.9330 187 233 223 295
patient0068_0193 0 0.9294 186 232 223 295
patient0068_0194 0 0.9194 184 231 222 295
patient0068_0195 0 0.8943 184 230 221 295
patient0068_0196 0 0.8675 183 231 219 294
patient0068_0197 0 0.8905 181 229 219 292
patient0068_0198 0 0.8914 180 229 218 292
patient0068_0199 0 0.8739 180 230 218 292
patient0068_0200 0 0.8484 179 231 217 293
patient0068_0200 0 0.4305 194 232 218 254
patient0068_0201 0 0.8033 178 233 216 292
patient0068_0201 0 0.5397 192 232 217 252
patient0068_0202 0 0.6126 193 232 215 251
patient0068_0202 0 0.5891 178 233 216 292
patient0068_0203 0 0.6523 192 233 214 250
patient0068_0204 0 0.6753 191 234 213 248
patient0068_0205 0 0.6644 191 233 210 247
patient0068_0206 0 0.6555 191 233 208 247
patient0068_0207 0 0.6731 191 233 207 246
patient0068_0208 0 0.7035 193 233 206 245
patient0068_0209 0 0.6864 193 233 205 245
patient0068_0210 0 0.6246 193 233 205 245
patient0068_0211 0 0.4503 191 233 204 245
patient0068_0213 0 0.2775 178 235 206 291
patient0068_0214 0 0.4136 177 238 205 291
patient0068_0215 0 0.2886 178 241 205 291
patient0068_0218 0 0.3312 178 260 208 292
patient0069_0007 0 0.3275 469 387 479 409
patient0069_0017 0 0.2514 438 414 460 448
patient0069_0018 0 0.5744 439 414 458 448
patient0069_0019 0 0.3210 73 254 104 272
patient0069_0020 0 0.3227 73 255 105 272
patient0069_0027 0 0.3773 170 369 189 394
patient0069_0029 0 0.3054 169 369 183 387
patient0069_0029 0 0.2733 267 223 292 253
patient0069_0038 0 0.2650 281 273 294 287
patient0069_0039 0 0.4077 282 276 295 292
patient0069_0039 0 0.3124 390 395 428 443
patient0069_0040 0 0.5067 392 394 425 440
patient0069_0041 0 0.4551 389 394 424 434
patient0069_0041 0 0.2541 384 393 424 446
patient0069_0042 0 0.2724 392 393 424 430
patient0069_0048 0 0.3329 359 416 385 436
patient0069_0061 0 0.4489 326 112 368 152
patient0069_0081 0 0.4371 183 366 203 403
patient0069_0081 0 0.4063 184 373 200 402
patient0069_0081 0 0.3552 182 360 208 403
patient0069_0082 0 0.5315 181 374 200 403
patient0069_0150 0 0.3627 232 275 254 288
patient0069_0152 0 0.3640 231 272 243 284
patient0069_0153 0 0.4501 231 273 243 283
patient0069_0154 0 0.3820 230 270 240 283
patient0069_0154 0 0.2585 230 268 239 282
patient0069_0156 0 0.4100 228 268 246 282
patient0069_0156 0 0.2899 228 270 250 283
patient0069_0162 0 0.3001 226 260 238 277
patient0069_0163 0 0.2544 227 235 246 270
patient0069_0166 0 0.2746 202 231 244 272
patient0069_0170 0 0.3922 222 251 231 270
patient0069_0170 0 0.2583 222 243 232 270
patient0069_0173 0 0.6298 213 223 230 258
patient0069_0174 0 0.7545 215 223 231 259
patient0069_0175 0 0.7854 215 219 231 264
patient0069_0176 0 0.6578 213 218 234 265
patient0069_0176 0 0.4931 214 203 258 266
patient0069_0177 0 0.7808 212 199 262 266
patient0069_0178 0 0.8137 214 203 263 267
patient0069_0179 0 0.8779 214 207 266 267
patient0069_0180 0 0.9014 212 203 268 268
patient0069_0181 0 0.9175 211 201 269 269
patient0069_0182 0 0.9101 211 201 271 270
patient0069_0183 0 0.9067 210 200 272 271
patient0069_0184 0 0.9027 210 199 272 271
patient0069_0185 0 0.8772 209 199 272 272
patient0069_0186 0 0.8590 208 198 273 271
patient0069_0187 0 0.8760 208 197 275 272
patient0069_0188 0 0.8748 208 197 274 273
patient0069_0189 0 0.8748 207 197 275 272
patient0069_0190 0 0.8861 207 196 275 272
patient0069_0191 0 0.8546 212 200 275 272
patient0069_0191 0 0.6080 222 213 274 272
patient0069_0192 0 0.8909 225 213 275 272
patient0069_0193 0 0.8754 226 215 276 272
patient0069_0194 0 0.8589 227 215 276 272
patient0069_0195 0 0.8429 228 215 276 272
patient0069_0196 0 0.8352 229 215 276 272
patient0069_0197 0 0.8390 229 215 277 272
patient0069_0198 0 0.8362 231 212 277 271
patient0069_0199 0 0.8446 230 212 278 271
patient0069_0200 0 0.8477 230 211 279 272
patient0069_0201 0 0.8697 230 210 280 272
patient0069_0202 0 0.8465 230 210 281 272
patient0069_0203 0 0.8395 229 210 282 271
patient0069_0204 0 0.8466 229 209 282 272
patient0069_0205 0 0.8274 230 208 283 271
patient0069_0206 0 0.8539 229 208 283 271
patient0069_0206 0 0.2658 265 207 283 235
patient0069_0207 0 0.8808 229 209 283 271
patient0069_0208 0 0.8091 229 206 282 270
patient0069_0209 0 0.8300 228 204 282 270
patient0069_0210 0 0.8711 226 203 281 269
patient0069_0211 0 0.8510 227 205 279 269
patient0069_0211 0 0.3480 259 204 281 224
patient0069_0212 0 0.7926 226 206 278 268
patient0069_0212 0 0.5943 260 205 280 222
patient0069_0213 0 0.8128 228 207 276 268
patient0069_0213 0 0.5223 261 205 277 220
patient0069_0214 0 0.6681 227 205 273 268
patient0069_0214 0 0.5258 264 205 276 218
patient0069_0215 0 0.7040 228 203 272 267
patient0069_0215 0 0.5226 266 203 275 217
patient0069_0216 0 0.6125 227 203 274 267
patient0069_0216 0 0.5962 265 202 275 216
patient0069_0217 0 0.5240 263 201 274 215
patient0069_0217 0 0.2612 225 203 272 267
patient0069_0218 0 0.5917 262 201 273 215
patient0069_0219 0 0.5100 262 200 272 215
patient0069_0220 0 0.6000 260 199 271 215
patient0069_0221 0 0.4662 260 198 270 214
patient0069_0222 0 0.3685 260 199 269 214
patient0070_0015 0 0.6594 255 330 275 352
patient0070_0016 0 0.5683 254 331 276 351
patient0070_0040 0 0.2790 213 289 243 315
patient0070_0041 0 0.3750 214 289 244 316
patient0070_0065 0 0.2745 63 209 91 232
patient0070_0099 0 0.3244 249 362 260 384
patient0070_0136 0 0.3433 307 310 366 363
patient0070_0137 0 0.4987 307 309 363 362
patient0070_0162 0 0.2657 287 176 313 203
patient0070_0163 0 0.6021 285 175 313 203
patient0070_0197 0 0.6118 273 160 296 198
patient0070_0198 0 0.4545 270 161 295 197
patient0070_0199 0 0.2825 296 161 338 193
patient0070_0200 0 0.3118 267 160 296 196
patient0070_0201 0 0.4206 295 155 352 194
patient0070_0202 0 0.4561 295 156 353 193
patient0070_0203 0 0.2794 293 156 338 193
patient0070_0216 0 0.3334 277 148 325 189
patient0070_0217 0 0.5322 277 143 323 189
patient0070_0218 0 0.5425 277 145 322 189
patient0070_0219 0 0.5538 253 308 272 332
patient0070_0219 0 0.2978 277 144 332 188
patient0070_0220 0 0.7453 251 305 272 330
patient0070_0220 0 0.4812 277 149 317 188
patient0070_0221 0 0.7897 251 303 273 331
patient0070_0222 0 0.8003 250 301 274 332
patient0070_0223 0 0.8046 249 298 274 332
patient0070_0224 0 0.8285 246 296 274 332
patient0070_0225 0 0.8369 245 295 274 333
patient0070_0226 0 0.8431 245 287 275 333
patient0070_0227 0 0.8707 241 280 276 334
patient0070_0228 0 0.8345 240 281 276 334
patient0070_0229 0 0.8376 239 281 276 334
patient0070_0230 0 0.8606 237 281 278 335
patient0070_0231 0 0.9016 236 281 279 335
patient0070_0232 0 0.9042 235 281 280 335
patient0070_0233 0 0.9167 234 280 282 335
patient0070_0234 0 0.9081 233 281 283 335
patient0070_0235 0 0.9013 232 281 283 336
patient0070_0236 0 0.7776 233 281 284 336
patient0070_0237 0 0.7737 231 281 284 336
patient0070_0238 0 0.7442 259 280 286 337
patient0070_0238 0 0.5745 242 280 286 336
patient0070_0239 0 0.6895 258 280 287 337
patient0070_0239 0 0.5829 245 280 287 337
patient0070_0240 0 0.8598 245 280 287 336
patient0070_0241 0 0.8647 246 280 287 335
patient0070_0242 0 0.7349 254 279 288 336
patient0070_0243 0 0.7519 254 279 287 336
patient0070_0244 0 0.7872 247 281 288 336
patient0070_0245 0 0.7797 252 280 287 335
patient0070_0246 0 0.8812 253 281 287 335
patient0070_0247 0 0.9099 255 279 287 335
patient0070_0248 0 0.9017 256 278 287 335
patient0070_0249 0 0.8845 257 277 288 335
patient0070_0250 0 0.8690 258 277 288 335
patient0070_0251 0 0.8885 259 277 287 335
patient0070_0252 0 0.8693 261 277 286 335
patient0070_0253 0 0.8842 261 278 287 334
patient0070_0254 0 0.8980 262 279 287 334
patient0070_0255 0 0.9019 262 279 287 334
patient0070_0256 0 0.8844 262 278 287 334
patient0070_0257 0 0.8850 262 277 288 333
patient0070_0258 0 0.8864 262 276 286 333
patient0070_0259 0 0.8744 261 276 286 333
patient0070_0260 0 0.8456 261 276 288 332
patient0070_0261 0 0.8912 261 277 294 332
patient0070_0262 0 0.9011 260 276 293 331
patient0070_0263 0 0.9216 260 275 296 331
patient0070_0264 0 0.9340 260 274 298 331
patient0070_0265 0 0.8958 260 274 296 330
patient0070_0266 0 0.8539 258 273 290 330
patient0070_0267 0 0.8090 255 274 287 330
patient0070_0267 0 0.5250 268 274 288 293
patient0070_0268 0 0.8292 256 274 287 330
patient0070_0268 0 0.4963 271 274 288 291
patient0070_0269 0 0.7746 255 273 288 330
patient0070_0269 0 0.6204 271 274 288 291
patient0070_0270 0 0.7419 255 273 286 329
patient0070_0270 0 0.6375 269 273 286 286
patient0070_0271 0 0.6672 254 273 286 328
patient0070_0271 0 0.6392 268 273 285 285
patient0070_0272 0 0.6192 268 273 283 285
patient0070_0272 0 0.3396 253 273 283 328
patient0070_0273 0 0.6298 267 272 282 284
patient0070_0274 0 0.5723 267 271 280 283
patient0070_0275 0 0.5787 266 271 278 282
patient0070_0276 0 0.5927 266 271 277 281
patient0070_0277 0 0.2880 266 271 277 280
patient0070_0290 0 0.5540 247 277 271 320
patient0070_0291 0 0.7491 247 278 271 319
patient0070_0292 0 0.7651 247 277 271 318
patient0070_0293 0 0.7026 246 276 271 318
patient0070_0294 0 0.4694 245 278 271 317
patient0071_0003 0 0.4549 142 184 167 203
patient0071_0004 0 0.5934 141 184 166 204
patient0071_0005 0 0.5858 140 182 164 204
patient0071_0026 0 0.2619 170 366 187 391
patient0071_0123 0 0.3064 249 276 267 303
patient0071_0127 0 0.2836 248 247 278 290
patient0071_0129 0 0.2520 248 276 257 287
patient0071_0175 0 0.2584 191 271 199 287
patient0071_0176 0 0.2698 190 272 199 286
patient0071_0177 0 0.4663 189 272 199 287
patient0071_0178 0 0.5632 187 271 199 286
patient0071_0179 0 0.6082 187 270 199 285
patient0071_0180 0 0.6260 187 268 199 285
patient0071_0181 0 0.5422 189 270 199 285
patient0071_0182 0 0.5406 189 271 199 285
patient0071_0183 0 0.5283 189 272 199 285
patient0071_0184 0 0.4689 188 271 198 284
patient0071_0185 0 0.3120 189 271 198 283
patient0071_0186 0 0.4181 188 271 199 284
patient0071_0187 0 0.4783 185 271 199 285
patient0071_0188 0 0.4809 190 273 199 286
patient0071_0189 0 0.4432 191 273 199 286
patient0071_0190 0 0.5287 191 272 199 287
patient0071_0191 0 0.4587 191 272 198 286
patient0071_0192 0 0.3129 190 273 198 286
patient0071_0194 0 0.4312 190 274 201 289
patient0071_0195 0 0.5238 190 274 201 289
patient0071_0196 0 0.4210 191 274 200 288
patient0071_0197 0 0.7930 183 261 199 287
patient0071_0198 0 0.8532 182 259 200 288
patient0071_0199 0 0.8744 183 257 202 289
patient0071_0200 0 0.8817 183 255 203 291
patient0071_0201 0 0.8764 183 255 204 291
patient0071_0202 0 0.8593 182 253 206 292
patient0071_0203 0 0.8661 182 251 207 293
patient0071_0204 0 0.8717 182 249 206 295
patient0071_0205 0 0.8079 183 250 207 294
patient0071_0205 0 0.6831 183 244 230 295
patient0071_0206 0 0.8894 183 236 231 295
patient0071_0207 0 0.8916 181 236 232 296
patient0071_0208 0 0.9078 181 236 233 296
patient0071_0209 0 0.9359 183 236 233 296
patient0071_0210 0 0.9495 181 237 233 296
patient0071_0211 0 0.9472 181 237 233 297
patient0071_0212 0 0.9455 180 237 234 297
patient0071_0213 0 0.9314 180 238 235 297
patient0071_0214 0 0.9319 180 237 235 298
patient0071_0215 0 0.9280 180 236 236 299
patient0071_0216 0 0.9331 179 236 235 299
patient0071_0217 0 0.9280 179 236 236 300
patient0071_0218 0 0.9298 179 236 237 300
patient0071_0219 0 0.9247 179 236 239 301
patient0071_0220 0 0.8463 181 240 239 300
patient0071_0220 0 0.4431 194 248 239 301
patient0071_0221 0 0.8775 195 249 241 301
patient0071_0222 0 0.8829 196 249 242 300
patient0071_0223 0 0.8876 196 249 242 300
patient0071_0224 0 0.9041 196 249 243 300
patient0071_0225 0 0.8919 196 248 243 300
patient0071_0226 0 0.8804 195 248 243 300
patient0071_0227 0 0.8666 194 248 243 300
patient0071_0228 0 0.8719 195 247 244 299
patient0071_0229 0 0.8957 195 247 244 298
patient0071_0230 0 0.8825 194 247 244 298
patient0071_0231 0 0.8613 195 247 244 297
patient0071_0231 0 0.3700 224 247 244 264
patient0071_0232 0 0.7788 195 247 243 297
patient0071_0232 0 0.6480 223 247 244 263
patient0071_0233 0 0.7024 193 247 243 297
patient0071_0233 0 0.6565 223 246 242 262
patient0071_0234 0 0.6990 221 246 242 262
patient0071_0234 0 0.5586 192 246 243 296
patient0071_0235 0 0.6945 223 246 242 262
patient0071_0236 0 0.6324 225 246 242 260
patient0071_0237 0 0.6224 224 246 239 259
patient0071_0238 0 0.6215 225 246 238 258
patient0071_0239 0 0.6391 226 246 236 258
patient0071_0240 0 0.6760 227 245 237 257
patient0071_0241 0 0.6552 228 246 237 257
patient0071_0241 0 0.2713 226 245 238 258
patient0071_0242 0 0.4839 228 247 236 257
patient0071_0243 0 0.2999 228 245 236 257
patient0071_0245 0 0.4092 228 246 237 276
patient0071_0246 0 0.3647 228 245 244 279
patient0071_0277 0 0.4060 132 278 142 294
patient0071_0278 0 0.4208 132 277 143 293
patient0071_0279 0 0.4050 132 277 143 293
patient0071_0280 0 0.4533 132 277 143 293
patient0071_0281 0 0.5386 132 277 143 292
patient0071_0282 0 0.5662 132 277 143 291
patient0071_0282 0 0.3817 131 277 144 295
patient0071_0283 0 0.5576 132 277 143 290
patient0071_0283 0 0.3087 131 277 144 294
patient0071_0284 0 0.5230 132 277 143 290
patient0071_0285 0 0.4408 131 278 144 290
patient0071_0289 0 0.2993 130 280 143 292
patient0071_0290 0 0.2613 131 279 142 291
patient0071_0321 0 0.3120 127 283 147 305
patient0071_0322 0 0.2745 129 284 146 304
patient0072_0012 0 0.2507 183 248 205 267
patient0072_0028 0 0.4692 27 306 68 347
patient0072_0030 0 0.3545 25 302 71 339
patient0072_0048 0 0.4031 180 396 209 419
patient0072_0099 0 0.2702 163 389 174 403
patient0072_0100 0 0.2877 163 387 173 402
patient0072_0101 0 0.5406 161 386 178 404
patient0072_0102 0 0.5371 160 387 176 405
patient0072_0104 0 0.3431 157 387 181 409
patient0072_0154 0 0.3097 230 296 304 378
patient0072_0155 0 0.3500 230 296 305 378
patient0072_0156 0 0.3461 228 295 302 378
patient0072_0157 0 0.4531 227 294 300 377
patient0072_0158 0 0.4285 227 294 300 379
patient0072_0159 0 0.4465 228 295 301 379
patient0072_0160 0 0.3324 227 297 246 311
patient0072_0161 0 0.2852 228 294 305 378
patient0072_0162 0 0.4436 228 294 303 377
patient0072_0163 0 0.2803 228 294 304 379
patient0072_0164 0 0.3354 229 292 249 311
patient0072_0164 0 0.3149 230 297 254 317
patient0072_0165 0 0.4915 228 290 252 311
patient0072_0166 0 0.3733 227 289 253 311
patient0072_0173 0 0.3828 220 272 235 300
patient0072_0174 0 0.5857 221 272 235 298
patient0072_0175 0 0.6705 219 270 237 298
patient0072_0176 0 0.8050 218 269 238 301
patient0072_0177 0 0.8360 213 268 238 301
patient0072_0178 0 0.7683 216 249 264 303
patient0072_0178 0 0.6258 213 266 239 303
patient0072_0179 0 0.8504 214 250 265 305
patient0072_0180 0 0.8683 211 250 266 306
patient0072_0181 0 0.8864 210 250 268 306
patient0072_0182 0 0.8976 210 249 269 306
patient0072_0183 0 0.9115 210 249 269 306
patient0072_0184 0 0.9064 211 249 270 308
patient0072_0185 0 0.8927 210 250 271 308
patient0072_0186 0 0.9070 209 249 271 308
patient0072_0187 0 0.9165 209 250 272 309
patient0072_0188 0 0.8921 209 251 272 309
patient0072_0189 0 0.8759 208 251 272 310
patient0072_0190 0 0.8381 206 250 273 310
patient0072_0191 0 0.8616 205 249 273 311
patient0072_0192 0 0.8590 205 250 273 311
patient0072_0193 0 0.8716 204 249 274 311
patient0072_0194 0 0.8665 203 248 274 312
patient0072_0195 0 0.8479 203 249 274 312
patient0072_0196 0 0.8027 231 251 273 313
patient0072_0196 0 0.5346 201 250 273 311
patient0072_0197 0 0.8758 231 251 274 313
patient0072_0198 0 0.8849 231 251 274 313
patient0072_0199 0 0.8954 231 251 274 312
patient0072_0200 0 0.8975 232 251 275 312
patient0072_0201 0 0.8891 231 251 276 312
patient0072_0202 0 0.8690 231 250 278 312
patient0072_0203 0 0.8700 231 249 280 311
patient0072_0204 0 0.8649 232 250 280 310
patient0072_0205 0 0.8398 230 249 280 311
patient0072_0206 0 0.8001 228 249 280 311
patient0072_0207 0 0.7780 226 249 278 311
patient0072_0207 0 0.3146 252 249 278 279
patient0072_0208 0 0.7621 230 249 277 310
patient0072_0209 0 0.7708 229 249 278 309
patient0072_0209 0 0.4338 252 249 278 277
patient0072_0210 0 0.6961 251 249 278 276
patient0072_0210 0 0.3435 225 249 278 309
patient0072_0211 0 0.6881 228 249 277 309
patient0072_0211 0 0.5663 249 249 277 276
patient0072_0212 0 0.7622 226 249 276 308
patient0072_0212 0 0.4590 249 249 277 275
patient0072_0213 0 0.8093 225 248 275 308
patient0072_0213 0 0.3702 252 248 276 274
patient0072_0214 0 0.7523 224 248 275 308
patient0072_0214 0 0.5029 250 248 276 274
patient0072_0215 0 0.6534 249 248 276 274
patient0072_0215 0 0.5948 224 249 275 308
patient0072_0216 0 0.6687 249 248 274 268
patient0072_0217 0 0.6542 250 248 265 264
patient0072_0218 0 0.6533 250 249 263 264
patient0072_0219 0 0.6640 250 248 264 263
patient0072_0220 0 0.6676 249 249 262 263
patient0072_0221 0 0.6665 249 249 261 262
patient0072_0222 0 0.7230 249 248 261 262
patient0072_0223 0 0.7385 248 249 261 262
patient0072_0224 0 0.6950 248 249 261 261
patient0072_0225 0 0.6667 248 250 258 260
patient0072_0226 0 0.5941 248 250 257 260
patient0073_0010 0 0.4985 223 256 249 292
patient0073_0011 0 0.3132 221 261 248 291
patient0073_0012 0 0.3841 222 256 247 290
patient0073_0013 0 0.3627 222 257 248 289
patient0073_0015 0 0.3251 221 260 248 291
patient0073_0018 0 0.5374 220 263 247 294
patient0073_0105 0 0.2914 240 330 249 341
patient0073_0132 0 0.3061 219 275 235 292
patient0073_0133 0 0.4411 220 275 235 291
patient0073_0133 0 0.2682 212 273 233 291
patient0073_0134 0 0.2916 223 274 234 290
patient0073_0135 0 0.3765 219 273 232 288
patient0073_0136 0 0.4038 214 270 231 288
patient0073_0137 0 0.2503 218 270 230 286
patient0073_0138 0 0.3783 216 267 229 286
patient0073_0138 0 0.2873 217 270 229 285
patient0073_0139 0 0.4627 216 266 229 286
patient0073_0139 0 0.3278 217 270 230 285
patient0073_0140 0 0.4000 217 266 228 284
patient0073_0141 0 0.4051 217 266 227 283
patient0073_0142 0 0.5809 216 266 226 283
patient0073_0143 0 0.5937 215 266 226 282
patient0073_0144 0 0.4722 214 266 225 282
patient0073_0145 0 0.2687 214 266 224 281
patient0073_0148 0 0.2691 210 260 221 279
patient0073_0149 0 0.4435 209 261 221 281
patient0073_0150 0 0.4687 206 261 222 281
patient0073_0151 0 0.7665 202 256 226 285
patient0073_0152 0 0.8586 201 255 227 286
patient0073_0153 0 0.8982 200 253 226 287
patient0073_0154 0 0.9046 200 250 227 288
patient0073_0155 0 0.9011 201 250 227 289
patient0073_0156 0 0.8926 201 249 228 289
patient0073_0157 0 0.9005 200 247 228 290
patient0073_0158 0 0.9040 200 246 228 290
patient0073_0159 0 0.9081 200 245 229 290
patient0073_0160 0 0.8908 200 244 229 291
patient0073_0161 0 0.8729 199 244 229 291
patient0073_0162 0 0.8581 198 242 230 293
patient0073_0163 0 0.8531 197 241 230 293
patient0073_0164 0 0.8060 194 241 230 294
patient0073_0165 0 0.8355 192 234 244 295
patient0073_0166 0 0.8888 192 232 246 294
patient0073_0167 0 0.9073 192 231 246 295
patient0073_0168 0 0.9234 191 230 247 295
patient0073_0169 0 0.9230 190 230 248 295
patient0073_0170 0 0.9148 190 231 249 295
patient0073_0171 0 0.9427 189 232 251 295
patient0073_0172 0 0.9438 188 232 251 295
patient0073_0173 0 0.9350 187 232 251 295
patient0073_0174 0 0.8793 190 232 250 296
patient0073_0175 0 0.8978 199 232 250 296
patient0073_0176 0 0.8819 201 231 249 297
patient0073_0177 0 0.8881 203 233 251 297
patient0073_0178 0 0.8833 207 234 251 297
patient0073_0179 0 0.8502 216 233 253 297
patient0073_0180 0 0.8333 217 233 254 298
patient0073_0181 0 0.8525 218 234 251 298
patient0073_0182 0 0.8970 217 234 251 298
patient0073_0183 0 0.8999 216 234 252 298
patient0073_0184 0 0.8647 215 234 252 298
patient0073_0185 0 0.8468 213 234 251 298
patient0073_0186 0 0.8755 212 233 254 298
patient0073_0187 0 0.8633 211 233 257 297
patient0073_0188 0 0.8405 210 232 261 297
patient0073_0189 0 0.8236 208 234 262 298
patient0073_0190 0 0.6977 207 234 259 298
patient0073_0190 0 0.5145 234 234 259 278
patient0073_0191 0 0.7555 233 235 259 275
patient0073_0191 0 0.5214 206 234 259 297
patient0073_0192 0 0.7541 231 232 258 275
patient0073_0193 0 0.7544 228 231 259 271
patient0073_0194 0 0.7593 227 233 259 267
patient0073_0195 0 0.7156 228 234 258 263
patient0073_0196 0 0.7046 227 234 257 260
patient0073_0197 0 0.7121 226 233 258 259
patient0073_0198 0 0.7285 234 232 258 259
patient0073_0199 0 0.7093 233 233 256 257
patient0073_0200 0 0.6950 229 233 254 256
patient0073_0201 0 0.7170 229 233 253 255
patient0073_0202 0 0.7360 230 233 252 255
patient0073_0203 0 0.7221 231 235 251 254
patient0073_0204 0 0.7377 230 235 249 252
patient0073_0205 0 0.7083 231 236 247 251
patient0073_0206 0 0.6921 231 236 246 250
patient0073_0207 0 0.7382 230 235 245 249
patient0073_0208 0 0.7157 230 235 243 249
patient0073_0209 0 0.6959 229 237 242 249
patient0073_0210 0 0.6002 229 237 240 248
patient0073_0211 0 0.5793 227 238 239 249
patient0073_0212 0 0.4857 227 237 238 249
patient0073_0215 0 0.2755 225 239 236 252
patient0074_0001 0 0.3442 93 259 120 295
patient0074_0003 0 0.2567 323 388 354 427
patient0074_0005 0 0.4162 325 396 353 431
patient0074_0006 0 0.5476 326 394 368 433
patient0074_0006 0 0.3812 326 398 354 432
patient0074_0007 0 0.5131 327 394 367 434
patient0074_0007 0 0.3052 327 402 355 434
patient0074_0008 0 0.5793 327 393 373 436
patient0074_0009 0 0.5475 335 392 375 433
patient0074_0009 0 0.4142 341 392 375 423
patient0074_0010 0 0.3534 340 397 374 437
patient0074_0016 0 0.4277 224 342 270 368
patient0074_0079 0 0.4023 225 261 254 281
patient0074_0104 0 0.2658 190 306 208 324
patient0074_0124 0 0.3635 220 291 252 312
patient0074_0125 0 0.3530 218 290 253 311
patient0074_0126 0 0.4032 219 286 253 309
patient0074_0127 0 0.5590 218 286 253 310
patient0074_0128 0 0.5907 217 288 252 310
patient0074_0129 0 0.5228 217 289 251 310
patient0074_0139 0 0.3900 212 269 226 299
patient0074_0140 0 0.4330 208 273 216 297
patient0074_0140 0 0.3373 205 271 216 296
patient0074_0141 0 0.5981 204 271 215 294
patient0074_0142 0 0.6000 205 271 214 294
patient0074_0143 0 0.5566 207 273 216 296
patient0074_0143 0 0.3971 205 272 215 295
patient0074_0144 0 0.5053 208 273 218 299
patient0074_0144 0 0.2758 203 272 217 297
patient0074_0145 0 0.6069 207 273 219 298
patient0074_0146 0 0.7111 206 273 218 296
patient0074_0147 0 0.7525 203 271 219 297
patient0074_0148 0 0.7747 202 257 242 298
patient0074_0148 0 0.6147 203 269 219 298
patient0074_0148 0 0.5522 203 265 224 298
patient0074_0149 0 0.8786 201 255 243 299
patient0074_0150 0 0.9113 200 255 244 301
patient0074_0151 0 0.9175 200 256 244 302
patient0074_0152 0 0.9123 198 255 245 303
patient0074_0153 0 0.9129 198 255 246 303
patient0074_0154 0 0.9133 198 255 246 303
patient0074_0155 0 0.9148 197 255 246 304
patient0074_0156 0 0.9224 195 254 247 304
patient0074_0157 0 0.9244 194 254 247 304
patient0074_0158 0 0.9255 193 255 247 305
patient0074_0159 0 0.9183 192 254 247 305
patient0074_0160 0 0.8796 190 254 248 305
patient0074_0161 0 0.8044 191 254 248 306
patient0074_0161 0 0.6256 210 256 247 306
patient0074_0162 0 0.7418 188 253 247 306
patient0074_0162 0 0.6473 210 257 247 306
patient0074_0163 0 0.8559 212 258 247 307
patient0074_0164 0 0.8951 214 258 247 306
patient0074_0165 0 0.8991 214 258 247 306
patient0074_0166 0 0.8875 214 258 247 306
patient0074_0167 0 0.8522 214 258 248 306
patient0074_0168 0 0.8508 213 258 248 306
patient0074_0169 0 0.8791 213 258 251 307
patient0074_0170 0 0.8486 214 258 251 307
patient0074_0171 0 0.8121 213 257 247 307
patient0074_0172 0 0.8400 213 252 248 307
patient0074_0173 0 0.8314 214 251 250 306
patient0074_0174 0 0.8357 214 251 251 307
patient0074_0175 0 0.8389 215 250 252 307
patient0074_0176 0 0.8543 215 250 252 307
patient0074_0177 0 0.8869 214 252 254 306
patient0074_0178 0 0.8679 215 252 252 305
patient0074_0179 0 0.8690 215 252 251 305
patient0074_0180 0 0.8668 215 252 251 304
patient0074_0181 0 0.8547 214 251 250 304
patient0074_0182 0 0.8451 215 251 250 303
patient0074_0183 0 0.8124 214 251 250 303
patient0074_0184 0 0.8076 215 253 249 302
patient0074_0185 0 0.4037 236 251 248 263
patient0074_0186 0 0.5513 235 251 246 263
patient0074_0187 0 0.5885 234 251 245 263
patient0074_0188 0 0.5381 233 251 243 262
patient0074_0189 0 0.5178 233 250 243 262
patient0074_0190 0 0.5641 232 250 243 261
patient0074_0191 0 0.5598 231 249 242 260
patient0074_0192 0 0.5442 230 248 241 260
patient0074_0193 0 0.5031 231 248 241 260
patient0074_0194 0 0.4718 231 249 241 261
patient0074_0195 0 0.5349 231 249 240 262
patient0074_0196 0 0.2883 231 249 240 264
patient0074_0238 0 0.5154 148 284 164 309
patient0074_0239 0 0.5915 147 285 164 309
patient0075_0120 0 0.3619 268 128 283 153
patient0075_0121 0 0.2931 266 128 283 154
patient0075_0141 0 0.5692 179 124 204 162
patient0075_0142 0 0.2586 181 125 204 162
patient0075_0160 0 0.4009 225 306 238 321
patient0075_0161 0 0.4897 225 307 238 321
patient0075_0162 0 0.5936 224 307 238 319
patient0075_0163 0 0.6162 224 307 238 319
patient0075_0164 0 0.5974 225 306 237 318
patient0075_0165 0 0.4684 223 303 236 317
patient0075_0166 0 0.4811 221 298 235 316
patient0075_0172 0 0.3066 224 292 231 313
patient0075_0173 0 0.5792 221 290 230 313
patient0075_0173 0 0.4285 218 289 230 311
patient0075_0174 0 0.7017 215 282 227 303
patient0075_0174 0 0.4145 215 282 229 312
patient0075_0175 0 0.7310 214 280 228 307
patient0075_0176 0 0.7506 213 278 228 307
patient0075_0177 0 0.7320 213 274 229 309
patient0075_0178 0 0.7134 213 272 228 309
patient0075_0179 0 0.7609 212 270 229 311
patient0075_0180 0 0.7951 211 269 230 312
patient0075_0181 0 0.8213 211 266 230 312
patient0075_0182 0 0.8066 210 265 230 312
patient0075_0183 0 0.7879 210 261 233 313
patient0075_0184 0 0.8220 206 256 242 313
patient0075_0185 0 0.8155 206 256 242 314
patient0075_0186 0 0.8817 204 255 246 314
patient0075_0187 0 0.8961 203 255 247 315
patient0075_0188 0 0.9093 202 254 249 315
patient0075_0189 0 0.9009 202 254 251 315
patient0075_0190 0 0.8972 201 255 251 315
patient0075_0191 0 0.8976 201 256 250 315
patient0075_0192 0 0.8537 200 256 251 315
patient0075_0193 0 0.7097 214 261 253 315
patient0075_0194 0 0.7970 214 266 253 315
patient0075_0195 0 0.8029 213 271 253 315
patient0075_0196 0 0.8315 213 268 254 315
patient0075_0197 0 0.8161 214 268 254 314
patient0075_0198 0 0.8200 214 269 254 314
patient0075_0199 0 0.8225 214 272 253 313
patient0075_0200 0 0.8201 213 272 253 312
patient0075_0201 0 0.8225 213 273 254 312
patient0075_0202 0 0.8432 212 272 255 312
patient0075_0203 0 0.8529 213 271 255 312
patient0075_0204 0 0.8346 215 272 255 311
patient0075_0205 0 0.8541 212 271 255 311
patient0075_0206 0 0.8632 212 272 254 310
patient0075_0207 0 0.8256 209 272 255 310
patient0075_0208 0 0.7733 208 271 255 310
patient0075_0209 0 0.7299 221 272 255 309
patient0075_0209 0 0.3061 209 270 255 310
patient0075_0210 0 0.7794 229 269 256 307
patient0075_0211 0 0.7385 229 267 257 306
patient0075_0212 0 0.7358 230 268 257 304
patient0075_0213 0 0.7302 232 269 257 303
patient0075_0214 0 0.7979 229 268 257 303
patient0075_0215 0 0.8103 229 267 258 303
patient0075_0216 0 0.7545 230 267 256 302
patient0075_0217 0 0.7341 231 267 255 300
patient0075_0218 0 0.6833 233 268 253 297
patient0075_0219 0 0.6177 232 267 251 289
patient0075_0220 0 0.3650 238 269 250 286
patient0075_0221 0 0.3849 238 269 250 284
patient0075_0221 0 0.3239 238 268 250 289
patient0075_0222 0 0.4837 236 269 249 281
patient0075_0223 0 0.5179 235 269 247 280
patient0075_0224 0 0.5496 235 269 246 281
patient0075_0225 0 0.6371 234 268 245 280
patient0075_0225 0 0.2589 234 263 246 280
patient0075_0226 0 0.6157 233 268 242 279
patient0075_0227 0 0.6082 232 267 242 279
patient0075_0228 0 0.4572 231 267 240 279
patient0075_0230 0 0.3212 216 268 239 303
patient0076_0035 0 0.2533 192 366 216 377
patient0076_0037 0 0.3152 190 353 215 377
patient0076_0037 0 0.2887 192 365 215 377
patient0076_0040 0 0.2980 186 353 213 377
patient0076_0041 0 0.2958 188 361 215 378
patient0076_0042 0 0.2895 190 370 216 379
patient0076_0043 0 0.3418 188 362 216 379
patient0076_0044 0 0.3254 191 370 216 379
patient0076_0061 0 0.2527 364 344 403 404
patient0076_0067 0 0.5064 365 357 396 409
patient0076_0068 0 0.4539 364 356 396 409
patient0076_0069 0 0.3280 364 361 393 407
patient0076_0070 0 0.2766 364 363 392 407
patient0076_0103 0 0.3073 198 329 230 385
patient0076_0104 0 0.4974 196 330 231 383
patient0076_0105 0 0.4100 194 330 248 383
patient0076_0106 0 0.4748 192 333 243 385
patient0076_0107 0 0.4928 191 334 233 384
patient0076_0108 0 0.5367 189 335 235 384
patient0076_0109 0 0.5422 190 336 232 384
patient0076_0149 0 0.2673 257 311 307 366
patient0076_0163 0 0.3014 193 331 225 372
patient0076_0179 0 0.3755 196 310 259 381
patient0076_0180 0 0.5723 198 309 261 383
patient0076_0181 0 0.6951 202 310 261 381
patient0076_0182 0 0.7999 207 311 262 380
patient0076_0183 0 0.7776 208 311 261 378
patient0076_0184 0 0.6497 208 310 263 377
patient0076_0185 0 0.6885 209 310 267 377
patient0076_0186 0 0.5936 207 310 267 378
patient0076_0187 0 0.5110 204 308 268 380
patient0076_0188 0 0.4269 206 305 268 381
patient0076_0189 0 0.3670 206 297 268 376
patient0076_0201 0 0.3065 189 280 206 303
patient0076_0202 0 0.3008 188 279 207 304
patient0076_0203 0 0.3446 188 277 207 304
patient0076_0204 0 0.3806 188 277 207 304
patient0076_0205 0 0.5204 189 277 206 303
patient0076_0206 0 0.5088 188 276 206 303
patient0076_0207 0 0.4413 187 276 206 301
patient0076_0208 0 0.6660 186 276 205 300
patient0076_0209 0 0.7264 187 276 205 301
patient0076_0210 0 0.7645 187 275 206 302
patient0076_0211 0 0.8009 187 274 206 302
patient0076_0212 0 0.8419 185 273 206 303
patient0076_0213 0 0.8545 185 273 206 304
patient0076_0214 0 0.8457 186 271 206 304
patient0076_0215 0 0.8385 185 270 207 304
patient0076_0216 0 0.8343 184 270 207 305
patient0076_0217 0 0.8334 183 269 208 306
patient0076_0218 0 0.8578 182 268 208 307
patient0076_0219 0 0.8525 182 267 209 307
patient0076_0220 0 0.8722 181 266 210 308
patient0076_0221 0 0.8833 181 265 210 308
patient0076_0222 0 0.8602 180 257 212 308
patient0076_0223 0 0.8642 179 257 218 308
patient0076_0224 0 0.8990 178 257 224 308
patient0076_0225 0 0.9070 178 257 227 308
patient0076_0226 0 0.9188 177 258 228 308
patient0076_0227 0 0.9225 176 258 228 309
patient0076_0228 0 0.9151 176 257 228 308
patient0076_0229 0 0.9002 175 257 229 309
patient0076_0230 0 0.9035 175 256 229 309
patient0076_0231 0 0.9053 175 256 230 309
patient0076_0232 0 0.9046 174 256 230 309
patient0076_0233 0 0.9005 174 256 229 309
patient0076_0234 0 0.9048 173 255 229 309
patient0076_0235 0 0.9078 173 255 229 309
patient0076_0236 0 0.8941 173 256 229 309
patient0076_0237 0 0.8779 188 261 228 309
patient0076_0238 0 0.8898 190 262 228 309
patient0076_0239 0 0.8814 193 263 229 309
patient0076_0240 0 0.8809 194 263 228 309
patient0076_0241 0 0.8663 195 262 228 309
patient0076_0242 0 0.8575 199 262 229 309
patient0076_0243 0 0.8649 199 262 230 309
patient0076_0244 0 0.8587 199 261 236 309
patient0076_0245 0 0.8981 199 261 236 309
patient0076_0246 0 0.8935 199 262 236 309
patient0076_0247 0 0.8829 198 262 237 309
patient0076_0248 0 0.8858 198 261 236 309
patient0076_0249 0 0.9186 196 261 236 309
patient0076_0250 0 0.9283 196 261 236 309
patient0076_0251 0 0.9129 196 260 236 309
patient0076_0252 0 0.8687 194 260 235 309
patient0076_0253 0 0.8697 193 260 235 308
patient0076_0254 0 0.8704 193 260 235 308
patient0076_0255 0 0.8620 192 261 234 308
patient0076_0256 0 0.8545 192 261 234 308
patient0076_0257 0 0.8301 192 261 234 308
patient0076_0258 0 0.4956 192 261 235 308
patient0076_0258 0 0.4944 212 263 235 281
patient0076_0258 0 0.3109 204 262 235 293
patient0076_0259 0 0.4830 213 262 234 279
patient0076_0260 0 0.5061 213 261 233 278
patient0076_0261 0 0.5488 212 261 232 277
patient0076_0262 0 0.5733 213 261 231 276
patient0076_0263 0 0.6375 215 261 231 275
patient0076_0264 0 0.6335 215 261 230 274
patient0076_0265 0 0.6464 215 261 230 274
patient0076_0266 0 0.6680 215 261 229 274
patient0076_0267 0 0.6913 215 260 229 273
patient0076_0268 0 0.6697 215 260 228 273
patient0076_0269 0 0.6664 213 260 226 273
patient0076_0270 0 0.6815 214 261 225 272
patient0076_0271 0 0.6587 214 261 225 272
patient0076_0272 0 0.6096 213 260 225 272
patient0076_0273 0 0.5928 212 260 224 273
patient0076_0274 0 0.5488 212 261 224 273
patient0076_0275 0 0.5154 212 262 223 273
patient0076_0319 0 0.2752 223 308 249 347
patient0077_0007 0 0.2654 219 281 260 319
patient0077_0011 0 0.5696 134 241 153 267
patient0077_0012 0 0.5585 135 241 152 261
patient0077_0021 0 0.3009 264 294 275 305
patient0077_0024 0 0.4098 262 297 273 310
patient0077_0025 0 0.4496 262 298 275 312
patient0077_0026 0 0.3693 262 298 276 315
patient0077_0027 0 0.3002 260 299 277 318
patient0077_0036 0 0.3291 291 293 324 320
patient0077_0040 0 0.3005 195 329 227 351
patient0077_0093 0 0.5468 289 224 313 245
patient0077_0094 0 0.4776 289 222 311 244
patient0077_0096 0 0.3052 287 220 308 242
patient0077_0097 0 0.4396 286 222 307 242
patient0077_0098 0 0.3008 285 220 305 241
patient0077_0099 0 0.2999 290 221 304 237
patient0077_0100 0 0.3830 291 221 303 235
patient0077_0101 0 0.3387 290 222 302 235
patient0077_0141 0 0.4102 228 254 256 282
patient0077_0142 0 0.6512 229 246 257 283
patient0077_0142 0 0.5471 229 257 257 283
patient0077_0143 0 0.4925 229 267 257 282
patient0077_0143 0 0.3400 229 258 257 282
patient0077_0150 0 0.2722 219 253 237 272
patient0077_0151 0 0.5259 219 252 234 271
patient0077_0151 0 0.2999 218 245 237 271
patient0077_0152 0 0.5671 219 250 234 269
patient0077_0153 0 0.6689 216 247 232 269
patient0077_0154 0 0.6892 217 247 231 269
patient0077_0155 0 0.6444 216 244 228 264
patient0077_0156 0 0.6267 216 244 227 261
patient0077_0156 0 0.2691 215 244 229 268
patient0077_0157 0 0.6642 215 244 226 262
patient0077_0158 0 0.6588 215 243 225 262
patient0077_0159 0 0.7225 213 240 227 263
patient0077_0160 0 0.7605 211 236 228 264
patient0077_0161 0 0.8580 209 234 231 269
patient0077_0162 0 0.8858 208 233 232 270
patient0077_0163 0 0.8742 207 232 234 270
patient0077_0164 0 0.8805 207 230 235 271
patient0077_0165 0 0.8685 205 229 236 272
patient0077_0166 0 0.7732 204 225 242 272
patient0077_0166 0 0.5359 203 212 246 273
patient0077_0167 0 0.8839 202 209 253 273
patient0077_0168 0 0.9052 201 209 255 273
patient0077_0169 0 0.9054 199 208 257 273
patient0077_0170 0 0.9156 198 208 258 274
patient0077_0171 0 0.8806 197 208 258 274
patient0077_0172 0 0.8762 195 207 259 275
patient0077_0173 0 0.8835 194 207 260 275
patient0077_0174 0 0.8711 193 207 261 274
patient0077_0175 0 0.8675 193 206 261 274
patient0077_0176 0 0.8753 191 207 262 274
patient0077_0177 0 0.8789 190 207 262 274
patient0077_0178 0 0.8825 190 207 262 274
patient0077_0179 0 0.8918 190 207 263 274
patient0077_0180 0 0.8791 190 207 263 275
patient0077_0181 0 0.8826 191 207 264 275
patient0077_0182 0 0.8799 192 207 265 275
patient0077_0183 0 0.8329 212 206 265 275
patient0077_0184 0 0.8416 228 204 265 276
patient0077_0185 0 0.8395 231 203 267 275
patient0077_0186 0 0.8579 232 204 274 275
patient0077_0187 0 0.9302 232 204 275 275
patient0077_0188 0 0.9240 233 204 276 274
patient0077_0189 0 0.8817 232 203 277 273
patient0077_0190 0 0.8811 231 204 276 274
patient0077_0191 0 0.8857 230 201 282 274
patient0077_0192 0 0.8855 230 202 278 273
patient0077_0193 0 0.8612 229 202 276 274
patient0077_0194 0 0.8179 227 202 274 275
patient0077_0195 0 0.7742 227 201 273 274
patient0077_0195 0 0.3631 239 201 273 229
patient0077_0196 0 0.8164 227 202 273 274
patient0077_0197 0 0.6904 225 202 272 274
patient0077_0197 0 0.6456 239 201 272 226
patient0077_0198 0 0.6065 239 199 271 225
patient0077_0198 0 0.3158 224 201 271 273
patient0077_0199 0 0.6219 238 199 271 224
patient0077_0200 0 0.6214 239 200 271 223
patient0077_0201 0 0.6136 237 201 262 221
patient0077_0201 0 0.4300 236 201 271 222
patient0077_0202 0 0.5967 238 203 258 219
patient0077_0203 0 0.5820 238 203 257 217
patient0077_0204 0 0.6449 237 202 258 218
patient0077_0205 0 0.6318 237 202 255 216
patient0077_0206 0 0.6309 237 203 254 216
patient0077_0207 0 0.6739 235 204 253 215
patient0077_0208 0 0.6637 234 204 252 215
patient0077_0209 0 0.6523 236 204 252 214
patient0077_0210 0 0.5557 236 202 251 214
patient0077_0211 0 0.4811 236 203 250 214
patient0077_0212 0 0.5412 236 204 249 215
patient0077_0213 0 0.2641 236 203 248 215
patient0077_0213 0 0.2501 237 205 249 216
patient0077_0214 0 0.3271 238 206 251 218
patient0077_0215 0 0.4316 235 205 250 218
patient0077_0216 0 0.3272 235 206 248 218
patient0078_0096 0 0.3415 174 232 192 253
patient0078_0101 0 0.4574 161 235 181 264
patient0078_0106 0 0.2519 176 256 193 272
patient0078_0107 0 0.5328 176 256 197 273
patient0078_0108 0 0.5364 175 257 197 273
patient0078_0109 0 0.3343 175 257 197 275
patient0078_0151 0 0.3090 200 285 214 296
patient0078_0152 0 0.3489 201 285 213 295
patient0078_0153 0 0.3681 202 285 214 295
patient0078_0154 0 0.3437 202 285 214 295
patient0078_0156 0 0.3273 202 284 215 297
patient0078_0162 0 0.3189 202 286 216 300
patient0078_0163 0 0.3000 202 286 212 300
patient0078_0167 0 0.2896 200 269 216 297
patient0078_0167 0 0.2563 203 269 217 295
patient0078_0168 0 0.4759 203 270 216 295
patient0078_0168 0 0.4178 200 269 215 296
patient0078_0169 0 0.5943 201 271 212 296
patient0078_0169 0 0.4998 198 274 209 297
patient0078_0170 0 0.6409 201 270 210 294
patient0078_0170 0 0.4977 198 270 209 296
patient0078_0171 0 0.5863 200 268 210 293
patient0078_0172 0 0.6714 191 263 208 293
patient0078_0172 0 0.3122 195 264 207 295
patient0078_0173 0 0.8002 187 263 207 294
patient0078_0174 0 0.8386 187 261 206 295
patient0078_0175 0 0.8402 186 261 207 297
patient0078_0176 0 0.8330 186 259 207 297
patient0078_0177 0 0.7903 186 258 207 300
patient0078_0178 0 0.7469 186 256 207 301
patient0078_0179 0 0.7000 187 256 208 301
patient0078_0179 0 0.2823 189 262 206 301
patient0078_0180 0 0.7012 187 255 208 302
patient0078_0181 0 0.6627 190 256 207 303
patient0078_0182 0 0.6348 191 255 208 304
patient0078_0183 0 0.6848 188 254 210 305
patient0078_0184 0 0.7453 187 253 210 307
patient0078_0185 0 0.7861 185 250 211 308
patient0078_0186 0 0.8063 182 249 211 308
patient0078_0187 0 0.8346 180 248 212 309
patient0078_0188 0 0.8418 180 248 216 309
patient0078_0189 0 0.8269 179 248 215 310
patient0078_0190 0 0.8414 179 247 228 310
patient0078_0191 0 0.8959 178 247 230 311
patient0078_0192 0 0.8699 177 246 231 311
patient0078_0193 0 0.9299 174 240 234 312
patient0078_0194 0 0.9069 174 240 235 312
patient0078_0195 0 0.9017 174 242 236 312
patient0078_0196 0 0.8940 174 242 236 312
patient0078_0197 0 0.8979 172 242 236 313
patient0078_0198 0 0.9043 170 242 237 313
patient0078_0199 0 0.9012 170 242 238 313
patient0078_0200 0 0.8992 169 242 238 314
patient0078_0201 0 0.8930 168 242 239 314
patient0078_0202 0 0.8914 169 243 240 314
patient0078_0203 0 0.8902 169 245 240 314
patient0078_0204 0 0.8761 172 248 239 313
patient0078_0205 0 0.8762 190 259 239 313
patient0078_0206 0 0.8484 190 259 239 313
patient0078_0207 0 0.8610 187 259 240 313
patient0078_0208 0 0.8766 187 259 241 314
patient0078_0209 0 0.8551 186 260 241 315
patient0078_0210 0 0.8173 184 260 243 315
patient0078_0211 0 0.7711 181 261 244 315
patient0078_0212 0 0.7302 209 263 245 301
patient0078_0212 0 0.5732 182 263 245 315
patient0078_0213 0 0.7699 209 263 246 301
patient0078_0213 0 0.4278 181 263 245 315
patient0078_0214 0 0.7712 210 264 245 301
patient0078_0215 0 0.8085 209 264 245 300
patient0078_0216 0 0.7930 209 263 244 298
patient0078_0217 0 0.7684 208 263 243 298
patient0078_0218 0 0.7387 213 263 242 295
patient0078_0219 0 0.7471 214 263 242 293
patient0078_0220 0 0.6565 214 263 242 294
patient0078_0221 0 0.6668 214 263 242 293
patient0078_0222 0 0.6333 212 263 241 292
patient0078_0223 0 0.5389 213 263 241 289
patient0078_0224 0 0.4834 211 262 241 288
patient0078_0225 0 0.2586 213 263 241 287
patient0078_0228 0 0.2999 220 264 240 283
patient0078_0229 0 0.3695 221 262 240 282
patient0078_0233 0 0.3891 221 262 236 278
patient0078_0234 0 0.5152 217 263 234 277
patient0078_0235 0 0.5583 215 262 233 277
patient0078_0236 0 0.5447 216 263 230 276
patient0078_0237 0 0.4112 219 262 229 276
patient0078_0238 0 0.4961 216 262 228 276
patient0078_0239 0 0.6026 215 263 227 275
patient0078_0240 0 0.5681 215 263 226 275
patient0078_0241 0 0.4096 216 263 224 274
patient0079_0029 0 0.4540 405 354 437 376
patient0079_0030 0 0.5318 403 353 441 380
patient0079_0033 0 0.2555 403 351 427 386
patient0079_0044 0 0.3298 182 360 203 382
patient0079_0083 0 0.2977 231 250 271 279
patient0079_0084 0 0.4604 231 250 268 279
patient0079_0100 0 0.3159 213 281 227 297
patient0079_0132 0 0.4248 226 284 247 298
patient0079_0133 0 0.3832 225 283 246 297
patient0079_0134 0 0.2645 227 279 241 295
patient0079_0135 0 0.2889 228 279 239 294
patient0079_0136 0 0.3554 225 278 240 293
patient0079_0136 0 0.2740 222 276 240 294
patient0079_0137 0 0.4379 212 276 241 304
patient0079_0137 0 0.3671 217 277 241 293
patient0079_0138 0 0.3719 219 277 240 292
patient0079_0138 0 0.3039 217 276 242 296
patient0079_0139 0 0.3760 219 275 238 291
patient0079_0139 0 0.3123 218 275 239 297
patient0079_0140 0 0.2796 219 273 239 291
patient0079_0144 0 0.3672 221 269 232 284
patient0079_0146 0 0.2933 220 269 232 287
patient0079_0147 0 0.2740 218 267 231 285
patient0079_0149 0 0.2952 219 268 231 286
patient0079_0150 0 0.2791 219 271 230 286
patient0079_0152 0 0.6491 209 260 231 287
patient0079_0153 0 0.7587 207 257 233 290
patient0079_0154 0 0.7667 206 251 234 291
patient0079_0155 0 0.8182 205 248 233 291
patient0079_0156 0 0.8192 202 249 233 292
patient0079_0157 0 0.8114 201 247 232 293
patient0079_0158 0 0.8031 202 247 234 294
patient0079_0159 0 0.8188 203 249 233 295
patient0079_0160 0 0.8051 203 251 232 296
patient0079_0161 0 0.7915 202 250 233 296
patient0079_0162 0 0.8036 201 249 233 297
patient0079_0163 0 0.7805 201 248 234 297
patient0079_0164 0 0.7985 200 247 233 298
patient0079_0165 0 0.7982 200 246 232 299
patient0079_0166 0 0.8050 199 245 232 299
patient0079_0167 0 0.8077 199 244 232 299
patient0079_0168 0 0.7655 200 244 233 300
patient0079_0169 0 0.7292 198 243 244 301
patient0079_0170 0 0.8702 196 242 246 302
patient0079_0171 0 0.8779 193 242 247 302
patient0079_0172 0 0.8946 191 241 248 302
patient0079_0173 0 0.9099 190 241 249 303
patient0079_0174 0 0.9117 190 240 250 302
patient0079_0175 0 0.8923 191 241 250 303
patient0079_0176 0 0.8813 190 241 251 303
patient0079_0177 0 0.8549 188 241 252 304
patient0079_0178 0 0.8567 187 240 253 303
patient0079_0179 0 0.8027 203 247 253 302
patient0079_0179 0 0.5828 187 243 253 303
patient0079_0180 0 0.8252 213 247 253 304
patient0079_0181 0 0.8855 213 247 255 305
patient0079_0182 0 0.8946 211 247 257 305
patient0079_0183 0 0.8920 210 248 259 307
patient0079_0184 0 0.8716 208 248 260 307
patient0079_0185 0 0.8975 205 251 261 307
patient0079_0186 0 0.8773 205 251 262 308
patient0079_0186 0 0.5015 228 251 263 289
patient0079_0187 0 0.7664 204 251 263 309
patient0079_0187 0 0.7324 227 251 265 288
patient0079_0188 0 0.8099 228 252 264 287
patient0079_0188 0 0.3853 205 252 262 310
patient0079_0189 0 0.8070 228 252 264 287
patient0079_0190 0 0.7547 228 252 263 285
patient0079_0191 0 0.7548 229 252 262 284
patient0079_0192 0 0.7910 229 252 260 280
patient0079_0193 0 0.7981 229 252 260 279
patient0079_0194 0 0.7633 229 251 260 278
patient0079_0195 0 0.7272 229 250 259 275
patient0079_0196 0 0.7516 229 250 259 273
patient0079_0197 0 0.7363 229 250 258 272
patient0079_0198 0 0.6588 229 250 258 271
patient0079_0199 0 0.6604 228 250 257 270
patient0079_0200 0 0.7012 229 249 256 270
patient0079_0201 0 0.7144 229 250 255 269
patient0079_0202 0 0.7361 229 250 255 268
patient0079_0203 0 0.7587 231 248 254 268
patient0079_0204 0 0.7523 234 247 253 268
patient0079_0205 0 0.7248 235 248 253 267
patient0079_0206 0 0.6800 234 251 252 267
patient0079_0207 0 0.6455 233 251 249 266
patient0079_0208 0 0.6187 232 251 248 265
patient0079_0209 0 0.6714 234 253 247 265
patient0079_0210 0 0.6950 234 253 246 265
patient0079_0211 0 0.6155 234 254 245 265
patient0079_0212 0 0.4829 218 254 244 308
patient0079_0212 0 0.3209 234 255 243 264
patient0079_0213 0 0.4682 218 253 243 308
patient0079_0213 0 0.3271 232 254 242 264
patient0079_0214 0 0.3849 230 254 241 264
patient0079_0215 0 0.3454 230 255 240 263
patient0079_0216 0 0.2583 229 255 238 263
patient0079_0234 0 0.3303 251 320 271 349
patient0079_0234 0 0.3044 251 329 271 348
patient0079_0235 0 0.4349 255 318 271 348
patient0079_0236 0 0.2679 255 318 271 347
patient0079_0239 0 0.3807 260 317 281 344
patient0079_0240 0 0.6656 260 317 280 342
patient0079_0241 0 0.7070 261 318 280 342
patient0079_0242 0 0.6616 263 320 280 340
patient0079_0243 0 0.5313 264 321 280 338
patient0079_0244 0 0.2593 262 322 282 337
patient0080_0010 0 0.3354 66 224 109 264
patient0080_0019 0 0.5124 109 268 128 289
patient0080_0019 0 0.3170 109 267 128 301
patient0080_0020 0 0.2803 111 269 125 291
patient0080_0021 0 0.6111 112 270 126 290
patient0080_0022 0 0.4908 111 271 129 290
patient0080_0027 0 0.2557 170 287 198 304
patient0080_0028 0 0.2901 279 325 315 352
patient0080_0028 0 0.2657 279 326 297 341
patient0080_0029 0 0.4621 280 325 296 342
patient0080_0139 0 0.6073 220 341 278 408
patient0080_0140 0 0.7033 219 356 278 409
patient0080_0141 0 0.5823 219 353 279 409
patient0080_0144 0 0.2828 218 346 281 407
patient0080_0157 0 0.4408 211 338 252 366
patient0080_0157 0 0.3651 210 345 255 370
patient0080_0157 0 0.2652 212 338 251 358
patient0080_0164 0 0.2588 210 341 218 352
patient0080_0165 0 0.4130 204 337 216 351
patient0080_0165 0 0.3822 207 339 217 352
patient0080_0172 0 0.4376 182 359 211 379
patient0080_0173 0 0.4382 181 361 209 378
patient0080_0173 0 0.3731 199 332 216 353
patient0080_0174 0 0.6518 195 329 213 351
patient0080_0174 0 0.2693 181 363 205 377
patient0080_0175 0 0.7905 193 325 213 351
patient0080_0176 0 0.7670 192 326 215 352
patient0080_0177 0 0.8234 191 325 217 355
patient0080_0178 0 0.8349 189 324 218 356
patient0080_0179 0 0.8448 187 319 219 356
patient0080_0180 0 0.8045 187 298 222 357
patient0080_0180 0 0.7605 187 319 220 357
patient0080_0181 0 0.8829 186 297 227 358
patient0080_0182 0 0.9121 186 297 230 358
patient0080_0183 0 0.8565 184 294 233 359
patient0080_0184 0 0.9307 182 305 236 359
patient0080_0185 0 0.9459 181 303 236 359
patient0080_0186 0 0.9393 180 301 237 360
patient0080_0187 0 0.9364 179 301 237 360
patient0080_0188 0 0.9145 180 299 238 360
patient0080_0189 0 0.8840 178 297 238 359
patient0080_0190 0 0.8952 178 298 238 359
patient0080_0191 0 0.8986 178 300 239 360
patient0080_0192 0 0.8422 176 300 239 361
patient0080_0192 0 0.3998 198 299 239 360
patient0080_0193 0 0.8911 199 298 239 361
patient0080_0194 0 0.8866 198 298 240 361
patient0080_0195 0 0.8708 203 298 241 361
patient0080_0196 0 0.8564 202 298 243 362
patient0080_0197 0 0.8948 209 298 249 362
patient0080_0198 0 0.8682 208 298 249 361
patient0080_0199 0 0.9040 209 298 247 361
patient0080_0200 0 0.9169 209 298 247 361
patient0080_0201 0 0.9452 209 298 249 362
patient0080_0202 0 0.8955 208 299 249 360
patient0080_0203 0 0.7638 207 298 249 361
patient0080_0203 0 0.4747 216 298 251 331
patient0080_0204 0 0.8134 207 299 249 360
patient0080_0205 0 0.7685 206 298 249 361
patient0080_0205 0 0.4455 217 298 251 328
patient0080_0206 0 0.8061 205 298 249 360
patient0080_0206 0 0.3165 217 298 251 327
patient0080_0207 0 0.7619 205 298 248 361
patient0080_0207 0 0.5891 218 298 249 323
patient0080_0208 0 0.6183 221 298 247 321
patient0080_0208 0 0.5214 204 298 247 361
patient0080_0209 0 0.7032 219 298 246 320
patient0080_0210 0 0.7058 221 299 244 318
patient0080_0211 0 0.7010 223 300 242 317
patient0080_0212 0 0.6918 223 300 241 316
patient0080_0213 0 0.6524 226 300 240 315
patient0080_0214 0 0.5587 227 301 240 315
patient0080_0215 0 0.5481 224 301 238 314
patient0080_0216 0 0.5399 225 300 236 313
patient0080_0217 0 0.3914 224 301 236 313
patient0080_0218 0 0.2925 224 300 236 315
patient0081_0001 0 0.6163 147 266 167 285
patient0081_0009 0 0.3923 247 298 264 313
patient0081_0013 0 0.3288 266 283 289 299
patient0081_0024 0 0.2810 289 208 327 277
patient0081_0026 0 0.3037 162 245 183 283
patient0081_0027 0 0.5043 162 240 185 281
patient0081_0028 0 0.4850 163 251 182 283
patient0081_0029 0 0.4571 164 250 197 284
patient0081_0030 0 0.2907 163 251 196 282
patient0081_0116 0 0.3627 209 304 229 334
patient0081_0117 0 0.5517 210 304 230 332
patient0081_0118 0 0.5049 210 305 231 330
patient0081_0119 0 0.3382 209 305 232 330
patient0081_0121 0 0.3210 211 306 233 331
patient0081_0122 0 0.4470 212 306 234 331
patient0081_0148 0 0.4436 274 324 291 346
patient0081_0149 0 0.5285 268 329 288 350
patient0081_0149 0 0.3445 264 324 288 350
patient0081_0163 0 0.2511 238 304 274 334
patient0081_0164 0 0.3027 241 304 270 325
patient0081_0170 0 0.3122 235 300 274 329
patient0081_0177 0 0.2795 232 294 261 318
patient0081_0179 0 0.3536 234 294 261 317
patient0081_0181 0 0.2726 233 299 259 315
patient0081_0198 0 0.6298 221 283 229 301
patient0081_0199 0 0.7790 218 277 230 304
patient0081_0200 0 0.8091 219 276 231 306
patient0081_0201 0 0.8129 219 275 232 307
patient0081_0202 0 0.7989 218 272 233 309
patient0081_0203 0 0.8449 217 271 235 310
patient0081_0204 0 0.8571 218 270 236 312
patient0081_0205 0 0.8543 218 269 237 313
patient0081_0206 0 0.8395 218 268 238 313
patient0081_0207 0 0.6022 217 267 239 314
patient0081_0207 0 0.5855 217 253 263 314
patient0081_0207 0 0.5339 217 256 247 315
patient0081_0208 0 0.7800 217 253 264 314
patient0081_0208 0 0.3340 217 266 240 315
patient0081_0209 0 0.8215 217 254 266 315
patient0081_0210 0 0.8701 215 252 267 315
patient0081_0211 0 0.8920 214 252 268 316
patient0081_0212 0 0.9083 214 252 269 317
patient0081_0213 0 0.9064 213 253 269 317
patient0081_0214 0 0.9283 213 253 270 317
patient0081_0215 0 0.9345 212 253 271 318
patient0081_0216 0 0.9199 210 254 272 319
patient0081_0217 0 0.9199 209 254 272 318
patient0081_0218 0 0.9100 210 254 272 318
patient0081_0219 0 0.9004 210 255 273 318
patient0081_0220 0 0.9054 209 256 274 319
patient0081_0221 0 0.9283 209 257 274 320
patient0081_0222 0 0.9404 210 258 275 320
patient0081_0223 0 0.9408 209 258 275 320
patient0081_0224 0 0.9094 208 257 276 321
patient0081_0225 0 0.8779 206 255 275 320
patient0081_0226 0 0.8732 206 256 276 320
patient0081_0227 0 0.8462 207 258 276 320
patient0081_0227 0 0.8194 227 263 276 320
patient0081_0228 0 0.8271 226 263 276 321
patient0081_0228 0 0.3004 210 260 277 320
patient0081_0229 0 0.8342 226 262 278 320
patient0081_0230 0 0.8587 227 263 281 320
patient0081_0231 0 0.8726 226 264 282 322
patient0081_0232 0 0.8607 227 264 282 320
patient0081_0233 0 0.8068 226 264 282 321
patient0081_0234 0 0.8265 226 264 281 319
patient0081_0235 0 0.7859 226 264 280 320
patient0081_0235 0 0.2566 251 265 280 300
patient0081_0236 0 0.7476 225 264 280 320
patient0081_0236 0 0.4721 250 264 280 296
patient0081_0237 0 0.7487 224 263 279 320
patient0081_0237 0 0.4748 251 264 280 293
patient0081_0238 0 0.6300 250 263 279 290
patient0081_0238 0 0.6002 224 262 279 320
patient0081_0239 0 0.7372 249 262 279 289
patient0081_0240 0 0.6259 251 263 279 289
patient0081_0241 0 0.6118 252 264 279 288
patient0081_0242 0 0.5992 253 264 279 287
patient0081_0243 0 0.6308 254 264 278 286
patient0081_0244 0 0.6566 255 264 277 285
patient0081_0245 0 0.6677 257 264 276 283
patient0081_0246 0 0.6363 259 265 275 282
patient0081_0247 0 0.6445 256 265 274 281
patient0081_0248 0 0.6914 254 264 272 280
patient0081_0249 0 0.6542 257 266 270 279
patient0081_0250 0 0.6172 258 267 269 278
patient0081_0251 0 0.6044 258 262 268 278
patient0081_0252 0 0.5833 258 262 268 277
patient0081_0253 0 0.4934 257 264 266 278
patient0081_0254 0 0.5065 256 263 265 278
patient0081_0255 0 0.5282 254 263 264 277
patient0081_0256 0 0.6062 253 262 263 277
patient0081_0257 0 0.4801 253 262 262 276
patient0081_0258 0 0.2767 250 265 259 276
patient0082_0007 0 0.2737 139 414 199 470
patient0082_0059 0 0.2891 171 360 185 386
patient0082_0063 0 0.3322 170 367 190 390
patient0082_0064 0 0.4501 171 368 191 391
patient0082_0065 0 0.4258 172 368 191 389
patient0082_0066 0 0.3023 173 367 191 388
patient0082_0067 0 0.3139 172 367 191 388
patient0082_0068 0 0.2691 171 367 192 388
patient0082_0084 0 0.4577 106 421 142 443
patient0082_0085 0 0.3253 104 420 137 442
patient0082_0086 0 0.3304 98 419 131 443
patient0082_0087 0 0.4546 96 419 129 447
patient0082_0100 0 0.3343 131 101 172 135
patient0082_0101 0 0.3336 130 101 172 136
patient0082_0158 0 0.2615 214 342 225 353
patient0082_0162 0 0.2986 212 336 222 350
patient0082_0162 0 0.2556 283 298 339 344
patient0082_0163 0 0.4552 211 336 221 349
patient0082_0163 0 0.4098 282 299 331 344
patient0082_0164 0 0.4655 210 334 223 348
patient0082_0165 0 0.3876 210 334 223 347
patient0082_0166 0 0.3908 208 333 226 348
patient0082_0166 0 0.2784 208 334 232 349
patient0082_0167 0 0.3921 209 332 227 348
patient0082_0167 0 0.3478 210 333 233 349
patient0082_0168 0 0.3513 207 332 226 349
patient0082_0169 0 0.3493 204 332 226 349
patient0082_0169 0 0.2705 202 331 221 349
patient0082_0170 0 0.2924 205 330 225 347
patient0082_0171 0 0.3844 205 329 225 346
patient0082_0172 0 0.4249 204 328 227 346
patient0082_0173 0 0.4985 202 327 225 346
patient0082_0174 0 0.5148 201 326 222 346
patient0082_0175 0 0.5527 200 326 221 346
patient0082_0176 0 0.6073 196 325 220 347
patient0082_0177 0 0.5491 195 325 220 347
patient0082_0177 0 0.2808 201 323 220 343
patient0082_0177 0 0.2773 191 325 221 351
patient0082_0178 0 0.4608 200 323 222 342
patient0082_0178 0 0.3896 193 325 222 348
patient0082_0178 0 0.3277 202 319 220 340
patient0082_0179 0 0.3875 202 325 221 343
patient0082_0179 0 0.2986 193 328 221 346
patient0082_0180 0 0.2563 201 323 220 343
patient0082_0180 0 0.2549 195 327 220 345
patient0082_0181 0 0.5003 193 323 219 346
patient0082_0181 0 0.3164 198 323 217 342
patient0082_0182 0 0.5441 193 323 218 346
patient0082_0183 0 0.4520 194 323 219 345
patient0082_0185 0 0.2846 196 322 217 341
patient0082_0186 0 0.3744 195 322 218 341
patient0082_0190 0 0.5016 194 305 209 329
patient0082_0190 0 0.3965 194 300 213 330
patient0082_0190 0 0.3407 193 312 206 329
patient0082_0191 0 0.6729 192 312 206 331
patient0082_0191 0 0.4818 192 306 210 331
patient0082_0192 0 0.7476 192 312 208 333
patient0082_0193 0 0.8057 189 310 209 335
patient0082_0194 0 0.7997 190 308 209 336
patient0082_0195 0 0.8071 188 307 210 337
patient0082_0196 0 0.8372 187 304 211 337
patient0082_0197 0 0.8620 185 303 212 339
patient0082_0198 0 0.8366 186 302 212 339
patient0082_0199 0 0.8405 185 301 212 339
patient0082_0200 0 0.7918 183 287 225 339
patient0082_0200 0 0.5601 184 300 214 339
patient0082_0201 0 0.8890 183 288 228 340
patient0082_0202 0 0.8943 182 288 229 341
patient0082_0203 0 0.8712 179 287 229 341
patient0082_0204 0 0.8574 179 287 229 341
patient0082_0205 0 0.8797 179 287 230 341
patient0082_0206 0 0.8820 178 286 231 341
patient0082_0207 0 0.8850 177 285 231 342
patient0082_0208 0 0.8736 176 285 231 343
patient0082_0209 0 0.8530 175 285 232 342
patient0082_0210 0 0.8163 174 284 231 342
patient0082_0211 0 0.8143 175 284 230 342
patient0082_0212 0 0.7839 173 283 231 342
patient0082_0213 0 0.7979 173 285 235 343
patient0082_0214 0 0.8887 173 286 233 344
patient0082_0215 0 0.9035 173 286 234 344
patient0082_0216 0 0.8695 172 286 235 344
patient0082_0217 0 0.6943 172 286 235 345
patient0082_0217 0 0.3247 191 285 236 344
patient0082_0218 0 0.7410 188 286 236 344
patient0082_0219 0 0.7218 194 285 236 344
patient0082_0220 0 0.7587 194 284 234 345
patient0082_0221 0 0.7263 197 282 235 345
patient0082_0222 0 0.7421 205 283 235 345
patient0082_0223 0 0.7831 201 282 235 345
patient0082_0224 0 0.8066 201 281 236 346
patient0082_0225 0 0.8001 204 280 237 346
patient0082_0226 0 0.8531 207 280 237 346
patient0082_0227 0 0.8577 205 280 237 346
patient0082_0228 0 0.8497 206 280 235 346
patient0082_0229 0 0.8402 205 281 234 346
patient0082_0230 0 0.8621 206 281 234 346
patient0082_0231 0 0.8581 206 281 235 346
patient0082_0232 0 0.8691 205 281 240 345
patient0082_0233 0 0.8634 205 279 241 346
patient0082_0234 0 0.8591 205 279 241 346
patient0082_0235 0 0.8550 204 279 241 346
patient0082_0236 0 0.8542 205 279 242 346
patient0082_0237 0 0.8332 203 279 243 346
patient0082_0238 0 0.8345 204 279 243 345
patient0082_0239 0 0.8295 203 281 242 344
patient0082_0240 0 0.8197 203 281 241 345
patient0082_0241 0 0.8150 203 281 240 344
patient0082_0242 0 0.7733 202 280 240 343
patient0082_0242 0 0.3702 220 280 240 308
patient0082_0243 0 0.5985 202 280 239 343
patient0082_0243 0 0.5617 220 281 240 307
patient0082_0244 0 0.6218 219 282 240 306
patient0082_0244 0 0.4081 201 282 239 342
patient0082_0245 0 0.6624 219 281 240 305
patient0082_0246 0 0.6153 219 282 238 302
patient0082_0247 0 0.6326 220 282 236 297
patient0082_0247 0 0.3702 198 280 238 342
patient0082_0248 0 0.7081 198 283 235 342
patient0082_0248 0 0.4755 218 282 235 297
patient0082_0249 0 0.7049 197 283 234 342
patient0082_0249 0 0.4716 217 282 234 296
patient0082_0250 0 0.6936 197 283 234 342
patient0082_0250 0 0.4187 220 282 233 295
patient0082_0251 0 0.5840 197 281 232 342
patient0082_0251 0 0.4916 217 280 232 294
patient0082_0252 0 0.4441 216 280 230 293
patient0082_0252 0 0.3595 197 281 231 342
patient0082_0253 0 0.4126 216 280 229 293
patient0082_0254 0 0.3921 216 281 230 293
patient0082_0255 0 0.4538 214 281 228 292
patient0082_0256 0 0.4353 214 281 226 292
patient0082_0257 0 0.4628 213 281 226 293
patient0082_0258 0 0.3168 212 280 225 293
patient0082_0260 0 0.4467 215 283 225 295
patient0082_0261 0 0.5512 215 284 225 296
patient0082_0262 0 0.5415 214 285 225 297
patient0082_0263 0 0.3949 213 285 224 297
patient0082_0264 0 0.3430 214 286 223 298
patient0082_0265 0 0.3438 213 287 223 299
patient0082_0266 0 0.3367 212 288 221 299
patient0082_0267 0 0.3574 212 289 221 301
patient0082_0268 0 0.4391 212 290 221 304
patient0082_0269 0 0.3745 212 290 221 304
patient0082_0272 0 0.4130 204 293 220 325
patient0082_0281 0 0.3135 97 287 129 340
patient0083_0228 0 0.2987 219 269 231 297
patient0083_0229 0 0.3249 219 269 230 296
patient0083_0230 0 0.3917 221 270 229 296
patient0083_0231 0 0.5440 222 271 229 296
patient0083_0231 0 0.2904 221 266 229 296
patient0083_0231 0 0.2822 217 268 229 296
patient0083_0232 0 0.5450 219 265 229 296
patient0083_0232 0 0.4744 216 263 229 296
patient0083_0233 0 0.5498 217 264 228 297
patient0083_0234 0 0.5109 216 265 230 298
patient0083_0235 0 0.6705 215 266 227 298
patient0083_0236 0 0.6868 216 267 227 298
patient0083_0237 0 0.6561 217 266 226 297
patient0083_0237 0 0.3550 216 264 229 298
patient0083_0238 0 0.7053 216 268 226 297
patient0083_0238 0 0.4065 215 266 228 298
patient0083_0239 0 0.6967 215 271 225 299
patient0083_0239 0 0.5520 214 267 227 299
patient0083_0239 0 0.3488 211 271 226 299
patient0083_0240 0 0.7103 214 272 225 300
patient0083_0241 0 0.7016 213 274 226 300
patient0083_0241 0 0.2691 212 267 227 301
patient0083_0242 0 0.7040 213 277 226 300
patient0083_0242 0 0.6277 211 272 227 301
patient0083_0243 0 0.6809 213 280 226 300
patient0083_0243 0 0.5842 211 273 227 300
patient0083_0244 0 0.7197 212 277 226 299
patient0083_0244 0 0.5705 209 274 227 299
patient0083_0245 0 0.8150 208 273 225 299
patient0083_0246 0 0.8317 208 272 226 299
patient0083_0247 0 0.8562 208 271 225 301
patient0083_0248 0 0.8510 207 270 225 302
patient0083_0249 0 0.8345 207 267 226 302
patient0083_0250 0 0.8567 206 267 225 303
patient0083_0251 0 0.8854 205 267 225 304
patient0083_0252 0 0.8809 205 267 226 304
patient0083_0253 0 0.8645 204 266 227 304
patient0083_0254 0 0.8465 202 251 239 305
patient0083_0255 0 0.8918 203 250 240 305
patient0083_0256 0 0.8796 201 250 241 306
patient0083_0257 0 0.8657 200 250 243 306
patient0083_0258 0 0.8847 199 253 243 306
patient0083_0259 0 0.9015 197 254 245 307
patient0083_0260 0 0.8869 197 252 246 308
patient0083_0261 0 0.8915 196 252 246 308
patient0083_0262 0 0.8809 195 251 246 309
patient0083_0263 0 0.8628 195 250 248 309
patient0083_0264 0 0.8697 194 250 248 309
patient0083_0265 0 0.8851 194 251 248 309
patient0083_0266 0 0.8840 193 251 249 309
patient0083_0267 0 0.8860 193 251 249 309
patient0083_0268 0 0.8776 193 251 249 309
patient0083_0269 0 0.8725 192 251 250 310
patient0083_0270 0 0.8456 192 251 251 310
patient0083_0271 0 0.8548 192 251 251 310
patient0083_0272 0 0.8534 192 251 252 311
patient0083_0273 0 0.8178 193 251 255 311
patient0083_0274 0 0.8102 194 252 259 311
patient0083_0275 0 0.8222 193 253 260 311
patient0083_0275 0 0.3498 212 252 260 311
patient0083_0276 0 0.8065 198 252 262 311
patient0083_0277 0 0.8410 211 253 263 312
patient0083_0278 0 0.8624 213 254 264 312
patient0083_0279 0 0.8336 214 254 265 312
patient0083_0280 0 0.8553 214 254 265 313
patient0083_0281 0 0.8466 212 255 265 313
patient0083_0282 0 0.8254 213 254 264 313
patient0083_0283 0 0.8366 212 254 263 313
patient0083_0284 0 0.8482 210 256 263 313
patient0083_0285 0 0.8510 210 256 263 313
patient0083_0286 0 0.8430 210 256 262 312
patient0083_0287 0 0.7799 210 256 262 312
patient0083_0288 0 0.7794 229 257 263 286
patient0083_0288 0 0.5414 209 256 262 313
patient0083_0289 0 0.7717 229 257 262 285
patient0083_0289 0 0.2745 208 255 262 313
patient0083_0290 0 0.7091 230 257 262 283
patient0083_0291 0 0.7400 232 256 261 282
patient0083_0292 0 0.7254 233 256 261 281
patient0083_0293 0 0.5747 243 257 260 280
patient0083_0293 0 0.3814 236 256 260 281
patient0083_0294 0 0.5604 244 260 261 280
patient0083_0294 0 0.5185 234 258 261 280
patient0083_0294 0 0.4338 233 249 261 282
patient0083_0295 0 0.4910 241 259 260 279
patient0083_0295 0 0.4569 235 255 260 280
patient0083_0295 0 0.3884 234 248 260 281
patient0083_0296 0 0.4740 241 260 259 278
patient0083_0296 0 0.3957 236 256 259 279
patient0083_0297 0 0.4825 242 258 258 277
patient0083_0297 0 0.3806 238 255 259 278
patient0083_0298 0 0.5358 239 256 257 276
patient0083_0298 0 0.3225 236 253 258 277
patient0083_0299 0 0.5452 238 256 257 275
patient0083_0300 0 0.5995 240 255 256 275
patient0083_0301 0 0.6124 239 255 257 275
patient0083_0302 0 0.5960 240 255 256 273
patient0083_0303 0 0.6145 240 255 255 273
patient0083_0304 0 0.5695 238 255 254 272
patient0083_0305 0 0.6246 236 255 253 270
patient0083_0306 0 0.6118 236 256 250 269
patient0083_0307 0 0.6117 235 257 250 270
patient0083_0308 0 0.5468 236 258 248 268
patient0083_0309 0 0.5343 235 258 247 269
patient0083_0310 0 0.5196 235 258 246 267
patient0083_0310 0 0.2963 234 257 248 268
patient0083_0311 0 0.4017 233 257 245 267
patient0084_0143 0 0.5387 180 226 196 251
patient0084_0144 0 0.8333 177 223 199 253
patient0084_0145 0 0.8668 176 221 199 255
patient0084_0146 0 0.8207 176 221 199 256
patient0084_0147 0 0.7882 176 220 200 257
patient0084_0148 0 0.8313 175 218 200 258
patient0084_0149 0 0.8398 175 217 201 258
patient0084_0150 0 0.8426 174 216 201 259
patient0084_0151 0 0.8541 174 215 201 260
patient0084_0152 0 0.8603 174 215 202 260
patient0084_0153 0 0.8544 174 214 202 261
patient0084_0154 0 0.8372 173 214 202 261
patient0084_0155 0 0.8141 172 212 203 262
patient0084_0156 0 0.7917 170 213 203 262
patient0084_0157 0 0.7942 169 211 204 262
patient0084_0158 0 0.8081 169 208 213 263
patient0084_0159 0 0.8649 167 207 215 264
patient0084_0160 0 0.8804 166 207 218 264
patient0084_0161 0 0.8903 166 207 219 264
patient0084_0162 0 0.8927 165 207 220 264
patient0084_0163 0 0.8971 164 207 221 264
patient0084_0164 0 0.8939 164 208 221 264
patient0084_0165 0 0.9042 164 208 222 265
patient0084_0166 0 0.9101 162 208 222 265
patient0084_0167 0 0.9013 162 209 223 265
patient0084_0168 0 0.8909 162 209 223 265
patient0084_0169 0 0.8785 166 210 223 266
patient0084_0170 0 0.8854 171 210 224 265
patient0084_0171 0 0.8639 173 210 226 265
patient0084_0172 0 0.9045 188 210 230 265
patient0084_0173 0 0.9104 187 211 231 265
patient0084_0174 0 0.8966 188 211 232 265
patient0084_0175 0 0.9007 187 211 233 265
patient0084_0176 0 0.8741 186 211 233 265
patient0084_0177 0 0.7628 185 210 233 265
patient0084_0177 0 0.3434 202 212 233 245
patient0084_0178 0 0.6434 200 212 233 242
patient0084_0179 0 0.6466 200 213 232 240
patient0084_0179 0 0.3798 181 212 230 266
patient0084_0180 0 0.6472 200 213 232 240
patient0084_0180 0 0.3130 181 212 230 266
patient0084_0181 0 0.6525 200 213 232 238
patient0084_0182 0 0.6758 199 209 231 236
patient0084_0183 0 0.6587 199 209 230 235
patient0084_0184 0 0.6449 200 208 230 234
patient0084_0185 0 0.6423 200 208 229 233
patient0084_0186 0 0.6720 200 209 228 232
patient0084_0187 0 0.7323 200 209 227 231
patient0084_0188 0 0.7506 200 210 227 231
patient0084_0189 0 0.7055 200 210 226 230
patient0084_0190 0 0.5660 202 208 225 229
patient0084_0191 0 0.4526 202 207 225 229
patient0084_0192 0 0.3415 201 209 224 229
patient0084_0193 0 0.3164 201 211 221 228
patient0084_0194 0 0.4422 201 212 221 228
patient0084_0195 0 0.5579 203 212 220 227
patient0084_0196 0 0.5867 203 211 219 227
patient0084_0197 0 0.5887 202 212 219 226
patient0084_0198 0 0.5522 200 212 218 226
patient0084_0199 0 0.5966 201 211 217 226
patient0084_0200 0 0.6214 201 212 215 226
patient0084_0201 0 0.5834 201 214 213 226
patient0084_0202 0 0.4504 201 215 212 226
patient0084_0203 0 0.3228 201 215 211 226
patient0084_0211 0 0.2917 222 352 233 365
patient0085_0190 0 0.2522 185 313 203 328
patient0085_0191 0 0.4132 185 313 203 328
patient0085_0192 0 0.3512 184 312 202 327
patient0085_0193 0 0.4582 184 312 202 326
patient0085_0216 0 0.4185 197 284 206 301
patient0085_0217 0 0.6522 195 284 207 302
patient0085_0218 0 0.7429 193 284 207 304
patient0085_0219 0 0.7986 192 281 208 304
patient0085_0220 0 0.8314 190 280 208 305
patient0085_0221 0 0.8632 190 278 209 306
patient0085_0222 0 0.8656 189 276 210 306
patient0085_0223 0 0.8641 188 275 211 306
patient0085_0224 0 0.8745 188 258 230 306
patient0085_0225 0 0.8876 187 258 232 307
patient0085_0226 0 0.8924 187 258 233 308
patient0085_0227 0 0.9027 186 258 233 308
patient0085_0228 0 0.8959 186 259 234 308
patient0085_0229 0 0.8988 185 259 234 309
patient0085_0230 0 0.9089 184 258 235 309
patient0085_0231 0 0.9249 184 258 235 309
patient0085_0232 0 0.9363 182 258 236 309
patient0085_0233 0 0.9314 181 258 236 309
patient0085_0234 0 0.9208 181 258 236 309
patient0085_0235 0 0.9260 180 258 237 309
patient0085_0236 0 0.9302 179 258 237 309
patient0085_0237 0 0.9272 178 258 238 309
patient0085_0238 0 0.9231 178 258 238 309
patient0085_0239 0 0.9171 177 258 238 310
patient0085_0240 0 0.9106 177 258 238 310
patient0085_0241 0 0.8927 176 258 238 310
patient0085_0242 0 0.8896 176 258 238 310
patient0085_0243 0 0.8709 176 259 238 310
patient0085_0244 0 0.8661 176 259 238 311
patient0085_0245 0 0.8670 175 259 238 311
patient0085_0246 0 0.8655 175 259 238 311
patient0085_0247 0 0.8372 194 258 238 312
patient0085_0247 0 0.6256 175 258 243 311
patient0085_0248 0 0.8571 198 258 238 312
patient0085_0249 0 0.8550 199 258 238 312
patient0085_0250 0 0.8470 199 259 238 312
patient0085_0251 0 0.8344 202 259 238 312
patient0085_0252 0 0.8524 204 259 237 312
patient0085_0253 0 0.8493 207 259 238 313
patient0085_0254 0 0.8405 209 259 238 313
patient0085_0255 0 0.8478 209 258 238 313
patient0085_0256 0 0.8758 210 258 240 313
patient0085_0257 0 0.8989 210 258 242 313
patient0085_0258 0 0.9091 211 257 245 313
patient0085_0259 0 0.9146 211 256 246 313
patient0085_0260 0 0.9192 211 256 249 313
patient0085_0261 0 0.9188 211 256 247 314
patient0085_0262 0 0.9031 211 256 247 314
patient0085_0263 0 0.8511 212 257 246 313
patient0085_0264 0 0.8528 212 257 245 312
patient0085_0265 0 0.8894 211 256 245 312
patient0085_0266 0 0.8989 211 256 245 312
patient0085_0267 0 0.8745 211 256 244 313
patient0085_0268 0 0.8430 210 255 244 313
patient0085_0269 0 0.8375 209 254 243 313
patient0085_0270 0 0.8603 208 254 243 313
patient0085_0271 0 0.8624 208 255 243 313
patient0085_0272 0 0.8420 207 256 243 313
patient0085_0273 0 0.8367 207 256 242 313
patient0085_0274 0 0.8370 207 256 241 314
patient0085_0275 0 0.8339 206 256 241 314
patient0085_0276 0 0.8180 205 256 240 313
patient0085_0277 0 0.8135 205 256 240 313
patient0085_0278 0 0.8335 204 256 237 313
patient0085_0279 0 0.8298 204 255 236 312
patient0085_0280 0 0.8196 203 255 236 312
patient0085_0280 0 0.2719 223 255 237 267
patient0085_0281 0 0.8177 203 256 236 311
patient0085_0281 0 0.2891 223 255 237 267
patient0085_0282 0 0.7815 202 256 235 311
patient0085_0282 0 0.3531 223 256 236 267
patient0085_0283 0 0.7662 202 256 235 311
patient0085_0283 0 0.4686 223 256 235 266
patient0085_0284 0 0.6619 202 256 234 311
patient0085_0284 0 0.5682 222 256 234 266
patient0085_0285 0 0.6063 221 255 233 266
patient0085_0285 0 0.4208 201 255 233 310
patient0085_0286 0 0.6369 221 255 233 266
patient0085_0287 0 0.6398 220 255 232 266
patient0085_0288 0 0.6333 220 255 231 266
patient0085_0289 0 0.6040 220 255 231 265
patient0085_0290 0 0.5540 220 255 230 265
patient0085_0291 0 0.4268 221 254 230 266
patient0085_0292 0 0.3502 220 254 230 266
patient0085_0349 0 0.3436 138 291 156 313
patient0085_0350 0 0.3491 138 291 160 312
patient0085_0351 0 0.3224 138 291 160 312
patient0086_0002 0 0.3485 45 146 65 182
patient0086_0007 0 0.2646 245 196 285 246
patient0086_0008 0 0.2744 44 159 72 178
patient0086_0023 0 0.4077 300 128 340 154
patient0086_0023 0 0.2908 233 242 266 286
patient0086_0024 0 0.3459 302 127 341 155
patient0086_0025 0 0.2741 302 125 345 156
patient0086_0027 0 0.5691 303 123 339 172
patient0086_0028 0 0.3359 302 122 342 170
patient0086_0029 0 0.5562 304 129 340 173
patient0086_0030 0 0.4316 303 132 346 172
patient0086_0031 0 0.5593 303 136 352 174
patient0086_0032 0 0.6055 305 138 351 175
patient0086_0032 0 0.2985 187 301 210 322
patient0086_0033 0 0.5659 304 139 349 175
patient0086_0033 0 0.3958 319 140 348 175
patient0086_0033 0 0.2685 427 282 453 302
patient0086_0034 0 0.4989 302 139 350 176
patient0086_0046 0 0.3929 394 360 411 372
patient0086_0098 0 0.3841 116 69 136 110
patient0086_0140 0 0.4133 246 325 271 349
patient0086_0141 0 0.4311 244 321 272 347
patient0086_0144 0 0.3224 244 318 271 348
patient0086_0145 0 0.4492 243 318 272 351
patient0086_0148 0 0.2702 243 316 259 337
patient0086_0150 0 0.3968 241 314 264 338
patient0086_0152 0 0.2799 241 314 267 338
patient0086_0158 0 0.2659 243 307 268 333
patient0086_0171 0 0.2713 235 293 250 309
patient0086_0173 0 0.2650 204 305 241 325
patient0086_0173 0 0.2552 235 290 246 303
patient0086_0174 0 0.2519 234 289 245 302
patient0086_0176 0 0.3972 231 280 242 300
patient0086_0176 0 0.3817 200 308 242 326
patient0086_0177 0 0.6291 231 278 244 301
patient0086_0178 0 0.7121 231 277 245 302
patient0086_0179 0 0.7314 233 275 247 304
patient0086_0179 0 0.4594 226 275 247 304
patient0086_0180 0 0.6676 230 275 248 305
patient0086_0180 0 0.5530 223 274 250 305
patient0086_0181 0 0.7846 224 267 251 306
patient0086_0182 0 0.8463 224 264 251 307
patient0086_0183 0 0.8381 223 262 251 307
patient0086_0184 0 0.8481 222 263 255 308
patient0086_0185 0 0.8113 225 262 254 309
patient0086_0186 0 0.8436 223 261 254 309
patient0086_0187 0 0.7342 221 261 253 309
patient0086_0188 0 0.7174 220 260 253 310
patient0086_0189 0 0.8260 219 259 256 312
patient0086_0190 0 0.8393 218 259 256 312
patient0086_0191 0 0.8633 217 257 258 312
patient0086_0192 0 0.8662 218 255 259 312
patient0086_0193 0 0.8558 217 255 267 313
patient0086_0194 0 0.8840 216 254 269 313
patient0086_0195 0 0.8287 214 253 272 314
patient0086_0196 0 0.8973 215 251 273 315
patient0086_0197 0 0.9124 216 248 275 315
patient0086_0198 0 0.9212 216 251 277 315
patient0086_0199 0 0.8908 214 252 278 315
patient0086_0200 0 0.8821 213 253 278 315
patient0086_0201 0 0.8811 212 253 279 316
patient0086_0202 0 0.8877 211 252 279 316
patient0086_0203 0 0.8857 210 252 280 317
patient0086_0204 0 0.8835 210 253 280 317
patient0086_0205 0 0.8669 209 255 281 317
patient0086_0206 0 0.7325 222 262 282 317
patient0086_0207 0 0.7980 244 261 284 317
patient0086_0208 0 0.8352 240 262 288 319
patient0086_0209 0 0.8945 237 263 293 320
patient0086_0210 0 0.8999 236 264 294 320
patient0086_0211 0 0.8911 234 264 295 319
patient0086_0212 0 0.8880 234 264 294 319
patient0086_0213 0 0.8635 232 262 287 318
patient0086_0213 0 0.3686 259 263 294 298
patient0086_0214 0 0.8316 231 263 286 318
patient0086_0214 0 0.5118 259 264 294 296
patient0086_0215 0 0.7187 257 264 293 293
patient0086_0215 0 0.5599 228 264 293 319
patient0086_0216 0 0.7043 257 264 292 292
patient0086_0216 0 0.4687 227 263 292 319
patient0086_0217 0 0.7312 256 254 291 292
patient0086_0218 0 0.7228 255 264 290 290
patient0086_0219 0 0.7046 257 264 290 290
patient0086_0220 0 0.7188 258 263 290 288
patient0086_0221 0 0.4927 271 256 290 286
patient0086_0222 0 0.5529 272 256 289 285
patient0086_0223 0 0.5877 272 256 288 284
patient0086_0223 0 0.4211 263 256 287 284
patient0086_0224 0 0.6180 272 257 287 283
patient0086_0225 0 0.6398 271 257 286 282
patient0086_0226 0 0.6503 269 259 285 282
patient0086_0227 0 0.6659 258 260 285 282
patient0086_0228 0 0.5855 260 262 284 282
patient0086_0229 0 0.6080 269 262 283 281
patient0086_0230 0 0.5779 269 263 282 280
patient0086_0231 0 0.4327 270 264 281 279
patient0086_0232 0 0.4860 266 264 280 279
patient0086_0232 0 0.3827 261 264 280 279
patient0086_0233 0 0.5841 261 264 278 277
patient0086_0234 0 0.6021 262 265 276 277
patient0086_0235 0 0.6283 263 264 275 276
patient0086_0236 0 0.5363 262 264 274 276
patient0086_0237 0 0.5714 261 264 272 276
patient0086_0238 0 0.5844 259 263 272 277
patient0086_0239 0 0.5704 258 263 272 278
patient0086_0240 0 0.4182 255 264 272 278
patient0086_0241 0 0.5319 253 265 268 278
patient0086_0242 0 0.4238 252 265 266 278
patient0086_0243 0 0.4044 251 265 264 278
patient0086_0244 0 0.2730 252 267 264 280
patient0086_0249 0 0.3170 217 269 261 325
patient0086_0250 0 0.5005 216 270 262 325
patient0086_0251 0 0.2932 215 291 262 325
patient0086_0253 0 0.4480 212 286 257 325
patient0086_0254 0 0.3837 211 287 256 326
patient0086_0276 0 0.3701 129 263 172 317
patient0086_0277 0 0.4355 128 263 173 319
patient0086_0278 0 0.4494 129 264 173 319
patient0086_0279 0 0.4753 129 265 173 319
patient0086_0280 0 0.4648 129 265 173 319
patient0086_0281 0 0.4831 128 264 172 319
patient0086_0282 0 0.5659 128 262 171 319
patient0086_0283 0 0.4228 125 261 171 318
patient0086_0284 0 0.4999 126 261 170 318
patient0086_0285 0 0.5469 128 264 170 317
patient0086_0286 0 0.5889 124 261 169 316
patient0086_0287 0 0.5875 126 260 169 316
patient0086_0288 0 0.6151 127 258 169 315
patient0086_0289 0 0.5428 127 258 168 314
patient0086_0290 0 0.4202 127 259 168 315
patient0086_0291 0 0.3580 131 259 167 314
patient0086_0292 0 0.5038 127 260 166 314
patient0086_0293 0 0.4596 129 259 166 313
patient0086_0294 0 0.2671 129 258 165 312
patient0086_0296 0 0.2570 129 261 162 312
patient0086_0297 0 0.3515 128 263 161 312
patient0086_0298 0 0.4204 128 264 163 312
patient0086_0299 0 0.3320 131 265 165 312
patient0087_0001 0 0.3304 238 269 255 292
patient0087_0007 0 0.4233 435 331 474 366
patient0087_0130 0 0.3552 214 251 268 299
patient0087_0131 0 0.4826 214 254 263 300
patient0087_0132 0 0.5542 214 248 263 301
patient0087_0133 0 0.5830 212 247 263 304
patient0087_0137 0 0.2585 209 253 267 308
patient0087_0158 0 0.5630 181 225 205 251
patient0087_0159 0 0.8147 179 218 207 253
patient0087_0160 0 0.8607 178 216 207 254
patient0087_0161 0 0.8494 177 215 208 255
patient0087_0162 0 0.8312 177 214 209 256
patient0087_0163 0 0.8119 176 213 210 256
patient0087_0164 0 0.8020 176 213 208 256
patient0087_0165 0 0.8241 174 211 209 257
patient0087_0166 0 0.8137 175 210 208 257
patient0087_0167 0 0.8840 173 192 223 258
patient0087_0168 0 0.9150 172 193 226 258
patient0087_0169 0 0.9356 171 194 227 258
patient0087_0170 0 0.9506 170 193 227 258
patient0087_0171 0 0.9538 169 192 228 258
patient0087_0172 0 0.9513 168 193 228 259
patient0087_0173 0 0.9445 167 193 228 258
patient0087_0174 0 0.9417 167 193 229 259
patient0087_0175 0 0.9432 167 193 229 260
patient0087_0176 0 0.9257 166 193 230 259
patient0087_0177 0 0.9102 165 193 230 259
patient0087_0178 0 0.9054 164 192 230 258
patient0087_0179 0 0.8826 164 192 232 259
patient0087_0180 0 0.8837 164 192 233 259
patient0087_0181 0 0.8870 163 192 232 259
patient0087_0182 0 0.8813 163 193 233 259
patient0087_0183 0 0.8837 162 192 232 259
patient0087_0184 0 0.8782 161 192 233 259
patient0087_0185 0 0.8057 193 193 232 259
patient0087_0185 0 0.7530 160 192 233 259
patient0087_0186 0 0.8631 197 194 231 259
patient0087_0187 0 0.8496 199 193 233 260
patient0087_0188 0 0.8578 200 194 236 260
patient0087_0189 0 0.8666 200 194 241 260
patient0087_0190 0 0.9063 200 194 242 260
patient0087_0191 0 0.9311 200 194 243 259
patient0087_0192 0 0.9293 199 192 244 259
patient0087_0193 0 0.9034 198 192 244 259
patient0087_0194 0 0.8939 197 192 245 260
patient0087_0195 0 0.8666 196 192 244 259
patient0087_0196 0 0.8665 196 192 245 260
patient0087_0197 0 0.8044 196 192 244 260
patient0087_0197 0 0.4147 214 193 244 230
patient0087_0198 0 0.7445 195 193 243 259
patient0087_0198 0 0.6357 216 193 242 228
patient0087_0199 0 0.6532 216 193 241 224
patient0087_0199 0 0.6466 194 192 242 259
patient0087_0200 0 0.6715 213 193 241 222
patient0087_0200 0 0.3815 193 192 242 259
patient0087_0201 0 0.7326 210 190 240 219
patient0087_0202 0 0.7441 213 194 238 217
patient0087_0203 0 0.7089 213 196 238 216
patient0087_0204 0 0.6674 214 197 237 214
patient0087_0205 0 0.5797 212 198 234 214
patient0087_0206 0 0.6155 214 197 232 213
patient0087_0207 0 0.6711 213 197 230 213
patient0087_0208 0 0.6476 214 197 230 212
patient0087_0209 0 0.6389 215 198 229 211
patient0087_0210 0 0.6321 214 199 227 211
patient0087_0211 0 0.6756 215 199 226 210
patient0087_0212 0 0.6632 214 199 226 211
patient0087_0213 0 0.5864 213 199 225 211
patient0087_0214 0 0.4415 213 199 224 211
patient0087_0215 0 0.3302 213 200 223 211
patient0087_0216 0 0.2604 212 199 223 213
patient0088_0007 0 0.2634 215 237 247 254
patient0088_0015 0 0.4586 392 325 415 361
patient0088_0016 0 0.2773 391 326 414 357
patient0088_0031 0 0.5070 285 259 309 278
patient0088_0048 0 0.2955 395 130 413 152
patient0088_0049 0 0.3257 394 130 412 153
patient0088_0050 0 0.4344 393 130 411 154
patient0088_0129 0 0.3065 213 335 231 348
patient0088_0130 0 0.2746 213 327 240 349
patient0088_0133 0 0.2679 210 325 244 345
patient0088_0133 0 0.2677 210 324 233 344
patient0088_0134 0 0.3259 209 325 232 343
patient0088_0135 0 0.2667 209 323 231 341
patient0088_0136 0 0.3239 207 321 231 342
patient0088_0137 0 0.4301 207 321 230 342
patient0088_0137 0 0.2617 207 318 236 342
patient0088_0138 0 0.4616 208 323 230 340
patient0088_0139 0 0.4102 209 322 230 339
patient0088_0156 0 0.3170 211 294 227 311
patient0088_0160 0 0.6116 191 298 205 321
patient0088_0161 0 0.8485 190 294 206 323
patient0088_0162 0 0.8389 187 293 208 324
patient0088_0163 0 0.8696 187 288 211 326
patient0088_0164 0 0.8629 185 287 212 327
patient0088_0165 0 0.8525 183 286 212 327
patient0088_0166 0 0.8142 181 285 213 328
patient0088_0167 0 0.8149 181 282 214 328
patient0088_0168 0 0.8382 180 278 215 328
patient0088_0169 0 0.7977 180 279 216 328
patient0088_0170 0 0.7991 180 274 226 329
patient0088_0171 0 0.8566 179 271 231 329
patient0088_0172 0 0.8956 181 271 232 329
patient0088_0173 0 0.8916 179 269 236 329
patient0088_0174 0 0.9067 178 268 238 330
patient0088_0175 0 0.8713 176 268 241 330
patient0088_0176 0 0.8625 173 268 242 331
patient0088_0177 0 0.8631 174 269 242 331
patient0088_0178 0 0.8775 173 269 243 331
patient0088_0179 0 0.8902 171 268 243 332
patient0088_0180 0 0.8845 171 267 244 332
patient0088_0181 0 0.8811 171 266 244 333
patient0088_0182 0 0.8764 170 267 244 333
patient0088_0183 0 0.8723 170 266 244 334
patient0088_0184 0 0.8936 189 274 245 334
patient0088_0184 0 0.8391 170 269 245 334
patient0088_0185 0 0.9078 190 274 245 335
patient0088_0186 0 0.8914 193 274 246 335
patient0088_0187 0 0.8603 196 274 246 334
patient0088_0188 0 0.8285 204 274 246 334
patient0088_0189 0 0.8418 204 274 247 334
patient0088_0190 0 0.8449 203 275 246 335
patient0088_0191 0 0.8339 203 275 247 335
patient0088_0192 0 0.8601 202 274 248 334
patient0088_0193 0 0.8622 202 273 251 334
patient0088_0194 0 0.8589 202 272 251 334
patient0088_0195 0 0.8333 200 273 250 333
patient0088_0196 0 0.8238 199 272 250 333
patient0088_0197 0 0.7447 199 271 250 332
patient0088_0197 0 0.3020 229 270 250 304
patient0088_0198 0 0.6200 198 271 248 333
patient0088_0198 0 0.4521 219 268 248 299
patient0088_0199 0 0.5445 217 268 248 296
patient0088_0199 0 0.4037 198 270 247 333
patient0088_0200 0 0.4913 218 268 248 295
patient0088_0201 0 0.6124 232 268 248 294
patient0088_0201 0 0.3837 224 268 248 294
patient0088_0202 0 0.7092 231 269 247 293
patient0088_0203 0 0.7028 230 268 246 291
patient0088_0204 0 0.7370 226 267 245 289
patient0088_0205 0 0.7551 223 268 245 290
patient0088_0206 0 0.6883 223 269 244 289
patient0088_0207 0 0.5852 223 270 241 286
patient0088_0208 0 0.5367 221 269 240 285
patient0088_0209 0 0.6493 221 270 239 284
patient0088_0210 0 0.6367 223 270 238 283
patient0088_0211 0 0.7048 223 268 238 282
patient0088_0212 0 0.7193 222 267 237 282
patient0088_0213 0 0.7380 221 267 236 282
patient0088_0214 0 0.7384 221 268 235 282
patient0088_0215 0 0.7195 220 269 234 282
patient0088_0216 0 0.5473 218 268 231 280
patient0088_0217 0 0.4799 218 269 228 279
patient0088_0218 0 0.5130 216 268 227 280
patient0088_0219 0 0.5431 215 269 228 282
patient0088_0220 0 0.5475 216 269 226 281
patient0088_0221 0 0.3250 217 270 226 283
patient0088_0222 0 0.4245 216 272 226 283
patient0088_0223 0 0.5882 215 273 225 285
patient0088_0225 0 0.4129 186 278 223 324
patient0089_0020 0 0.3621 100 226 135 251
patient0089_0039 0 0.3112 352 310 390 329
patient0089_0052 0 0.4620 143 164 167 189
patient0089_0063 0 0.2747 137 226 151 251
patient0089_0064 0 0.4680 138 226 151 251
patient0089_0065 0 0.3788 137 227 156 253
patient0089_0066 0 0.2873 138 233 151 251
patient0089_0067 0 0.3749 139 232 151 250
patient0089_0068 0 0.4350 140 233 150 251
patient0089_0069 0 0.3006 140 235 150 252
patient0089_0084 0 0.3122 151 254 197 284
patient0089_0085 0 0.4346 146 243 169 267
patient0089_0086 0 0.3587 145 225 167 266
patient0089_0087 0 0.3286 146 239 166 266
patient0089_0088 0 0.3178 141 237 162 262
patient0089_0158 0 0.5064 228 306 263 349
patient0089_0159 0 0.6970 227 319 262 351
patient0089_0160 0 0.7587 228 318 264 352
patient0089_0161 0 0.4787 229 317 265 353
patient0089_0161 0 0.4579 228 317 280 353
patient0089_0162 0 0.4811 230 313 267 353
patient0089_0162 0 0.3999 229 314 281 354
patient0089_0163 0 0.6339 229 316 282 355
patient0089_0164 0 0.7366 230 314 282 355
patient0089_0165 0 0.7306 230 313 284 356
patient0089_0166 0 0.7303 230 313 282 356
patient0089_0167 0 0.6820 230 313 285 357
patient0089_0168 0 0.7057 231 314 285 356
patient0089_0169 0 0.6151 230 313 280 356
patient0089_0170 0 0.5801 230 313 286 361
patient0089_0171 0 0.7293 229 311 285 368
patient0089_0171 0 0.2608 228 310 242 321
patient0089_0174 0 0.2908 225 303 237 320
patient0089_0176 0 0.2949 187 299 200 315
patient0089_0177 0 0.6137 188 297 201 315
patient0089_0177 0 0.5397 209 296 233 314
patient0089_0177 0 0.4170 204 291 233 314
patient0089_0177 0 0.3611 217 300 233 314
patient0089_0178 0 0.5619 210 294 233 316
patient0089_0179 0 0.7852 197 278 233 317
patient0089_0180 0 0.7586 201 279 233 318
patient0089_0181 0 0.7842 202 278 232 318
patient0089_0181 0 0.3811 178 303 202 322
patient0089_0182 0 0.8007 200 274 231 319
patient0089_0183 0 0.8156 201 273 231 320
patient0089_0184 0 0.8389 202 272 230 320
patient0089_0185 0 0.8536 201 270 229 321
patient0089_0186 0 0.8511 200 270 230 321
patient0089_0187 0 0.8106 199 268 230 321
patient0089_0188 0 0.8413 198 262 232 322
patient0089_0189 0 0.8556 199 260 235 321
patient0089_0190 0 0.8541 197 259 240 322
patient0089_0191 0 0.8556 192 256 244 323
patient0089_0192 0 0.9143 191 254 250 322
patient0089_0193 0 0.9258 190 253 251 323
patient0089_0194 0 0.9297 190 254 251 324
patient0089_0195 0 0.8693 188 254 251 324
patient0089_0196 0 0.8797 186 255 250 324
patient0089_0197 0 0.8772 186 255 250 324
patient0089_0198 0 0.8659 194 261 252 324
patient0089_0199 0 0.8739 197 263 254 325
patient0089_0200 0 0.8777 198 263 255 326
patient0089_0201 0 0.8896 201 265 254 326
patient0089_0202 0 0.9043 203 264 256 327
patient0089_0203 0 0.9042 205 265 256 327
patient0089_0204 0 0.8839 206 265 257 326
patient0089_0205 0 0.8681 209 266 257 326
patient0089_0206 0 0.8589 212 267 258 326
patient0089_0207 0 0.8759 214 267 259 326
patient0089_0208 0 0.8732 216 266 258 326
patient0089_0209 0 0.8832 216 267 259 326
patient0089_0210 0 0.8637 214 267 259 326
patient0089_0211 0 0.8562 214 267 259 327
patient0089_0212 0 0.8495 214 267 257 327
patient0089_0213 0 0.8175 213 267 256 327
patient0089_0214 0 0.8388 212 267 257 327
patient0089_0215 0 0.8582 211 267 256 328
patient0089_0216 0 0.8560 209 268 256 328
patient0089_0217 0 0.8728 208 267 256 327
patient0089_0218 0 0.9089 207 267 256 327
patient0089_0219 0 0.8112 205 265 258 326
patient0089_0220 0 0.7788 201 265 259 326
patient0089_0221 0 0.6692 228 264 261 315
patient0089_0221 0 0.5834 202 264 261 325
patient0089_0222 0 0.7209 228 264 264 303
patient0089_0223 0 0.7704 227 262 261 300
patient0089_0224 0 0.7021 228 262 260 298
patient0089_0225 0 0.7297 229 264 259 296
patient0089_0226 0 0.6602 229 262 258 290
patient0089_0227 0 0.6377 228 257 258 285
patient0089_0228 0 0.6803 228 258 257 282
patient0089_0229 0 0.6660 229 259 257 281
patient0089_0230 0 0.6154 230 259 256 280
patient0089_0231 0 0.5777 240 258 255 277
patient0089_0231 0 0.4616 232 259 255 278
patient0089_0232 0 0.6460 239 258 253 275
patient0089_0233 0 0.6438 237 258 250 273
patient0089_0234 0 0.5514 237 258 248 272
patient0089_0235 0 0.6096 231 256 247 271
patient0089_0236 0 0.6397 229 256 247 270
patient0089_0237 0 0.5321 230 256 243 269
patient0089_0237 0 0.2897 229 252 243 268
patient0089_0238 0 0.5426 229 257 243 269
patient0089_0239 0 0.5142 229 257 242 269
patient0089_0240 0 0.5983 229 256 243 268
patient0089_0241 0 0.5820 228 255 242 269
patient0089_0242 0 0.4758 228 255 241 270
patient0089_0245 0 0.3232 227 256 238 272
patient0089_0246 0 0.4028 223 252 237 272
patient0089_0247 0 0.3413 221 251 237 275
patient0089_0271 0 0.2728 229 319 245 334
patient0089_0272 0 0.3130 227 318 246 334
patient0089_0273 0 0.3496 229 317 246 334
patient0089_0274 0 0.4000 229 318 246 334
patient0089_0275 0 0.4182 227 318 246 335
patient0089_0276 0 0.4166 227 318 247 335
patient0089_0277 0 0.4942 227 318 248 336
patient0089_0278 0 0.4958 232 319 250 335
patient0089_0279 0 0.3425 232 320 251 337
patient0089_0280 0 0.2806 232 320 253 338
patient0090_0079 0 0.4564 207 263 225 284
patient0090_0080 0 0.2761 207 265 222 284
patient0090_0139 0 0.2891 232 249 257 267
patient0090_0140 0 0.2532 232 248 258 265
patient0090_0141 0 0.3653 231 248 245 261
patient0090_0142 0 0.4358 231 245 247 260
patient0090_0143 0 0.5211 230 240 248 260
patient0090_0144 0 0.3762 231 240 248 259
patient0090_0147 0 0.3820 232 238 249 257
patient0090_0148 0 0.5549 232 238 248 257
patient0090_0149 0 0.6191 232 236 248 256
patient0090_0150 0 0.5998 233 237 249 256
patient0090_0150 0 0.2918 231 233 249 256
patient0090_0151 0 0.5462 233 237 250 257
patient0090_0151 0 0.2548 231 233 250 256
patient0090_0152 0 0.5780 233 236 249 256
patient0090_0152 0 0.3235 231 231 250 255
patient0090_0153 0 0.4447 232 236 251 256
patient0090_0154 0 0.2807 230 240 252 257
patient0090_0163 0 0.2503 211 240 232 256
patient0090_0164 0 0.2922 210 240 232 256
patient0090_0169 0 0.3239 219 214 233 237
patient0090_0170 0 0.7127 216 210 236 241
patient0090_0171 0 0.7960 214 206 238 243
patient0090_0172 0 0.7670 217 204 240 243
patient0090_0173 0 0.7796 213 202 241 247
patient0090_0174 0 0.7641 213 201 242 248
patient0090_0175 0 0.6843 212 197 244 248
patient0090_0176 0 0.7138 211 195 244 249
patient0090_0177 0 0.7847 210 188 263 249
patient0090_0177 0 0.3184 210 195 248 249
patient0090_0178 0 0.8027 209 182 270 251
patient0090_0179 0 0.8008 209 185 272 252
patient0090_0180 0 0.8425 208 183 272 254
patient0090_0181 0 0.8220 210 183 273 254
patient0090_0182 0 0.8413 210 182 273 254
patient0090_0183 0 0.8473 210 182 274 255
patient0090_0184 0 0.8464 209 183 274 255
patient0090_0185 0 0.8653 207 182 275 255
patient0090_0186 0 0.8928 206 182 276 255
patient0090_0187 0 0.8965 204 182 276 254
patient0090_0188 0 0.9012 205 181 276 254
patient0090_0189 0 0.9038 205 180 277 255
patient0090_0190 0 0.9089 205 180 277 255
patient0090_0191 0 0.9165 204 180 278 255
patient0090_0192 0 0.9146 204 180 278 254
patient0090_0193 0 0.9069 205 181 279 254
patient0090_0194 0 0.9043 205 181 279 254
patient0090_0195 0 0.8879 204 181 280 254
patient0090_0196 0 0.8320 204 181 281 254
patient0090_0197 0 0.7837 235 184 284 255
patient0090_0198 0 0.8401 236 184 294 254
patient0090_0199 0 0.8791 236 185 295 254
patient0090_0200 0 0.8620 236 185 294 255
patient0090_0201 0 0.8567 235 185 291 254
patient0090_0202 0 0.8402 233 184 291 254
patient0090_0203 0 0.8368 233 183 291 253
patient0090_0204 0 0.7890 232 183 290 253
patient0090_0205 0 0.7526 231 184 290 253
patient0090_0206 0 0.6940 232 183 291 252
patient0090_0206 0 0.3927 271 184 292 217
patient0090_0207 0 0.5811 231 183 290 252
patient0090_0207 0 0.4926 271 185 291 212
patient0090_0208 0 0.5644 271 186 289 211
patient0090_0209 0 0.5385 271 190 287 209
patient0090_0209 0 0.4993 269 183 287 210
patient0090_0210 0 0.5815 268 182 286 207
patient0090_0211 0 0.3971 267 181 285 207
patient0090_0212 0 0.5354 266 182 283 204
patient0090_0213 0 0.5398 264 182 281 204
patient0090_0214 0 0.6089 263 182 281 203
patient0090_0215 0 0.6542 265 183 279 201
patient0090_0216 0 0.6188 266 183 278 200
patient0090_0217 0 0.5485 266 183 276 198
patient0090_0218 0 0.5989 265 183 276 198
patient0090_0219 0 0.4612 262 182 276 198
patient0090_0220 0 0.4225 261 183 275 198
patient0090_0221 0 0.4218 259 181 272 197
patient0090_0222 0 0.5606 258 183 271 197
patient0090_0223 0 0.3029 259 184 270 198
patient0090_0267 0 0.5418 127 207 156 242
patient0090_0268 0 0.5088 128 207 155 242
patient0090_0270 0 0.3263 126 206 157 242
patient0090_0271 0 0.3015 126 206 156 242
patient0090_0272 0 0.4978 125 205 156 242
patient0091_0022 0 0.3271 210 240 233 260
patient0091_0045 0 0.2589 219 314 247 330
patient0091_0046 0 0.3681 219 314 248 330
patient0091_0047 0 0.2564 220 315 257 334
patient0091_0193 0 0.4058 231 259 247 276
patient0091_0194 0 0.5193 229 259 248 276
patient0091_0195 0 0.7144 228 259 249 280
patient0091_0196 0 0.7682 227 258 251 281
patient0091_0197 0 0.7959 226 256 251 282
patient0091_0198 0 0.8139 224 256 251 283
patient0091_0199 0 0.8004 223 255 252 284
patient0091_0200 0 0.8034 221 254 253 284
patient0091_0201 0 0.7694 220 253 253 285
patient0091_0202 0 0.7643 220 253 253 286
patient0091_0203 0 0.7653 219 252 252 286
patient0091_0204 0 0.7649 218 250 255 286
patient0091_0205 0 0.7657 216 249 256 287
patient0091_0206 0 0.8043 215 237 255 287
patient0091_0207 0 0.8520 215 234 255 287
patient0091_0208 0 0.8417 214 234 255 287
patient0091_0209 0 0.8231 212 236 254 288
patient0091_0210 0 0.8061 211 237 254 288
patient0091_0211 0 0.8369 210 235 254 288
patient0091_0212 0 0.8117 209 234 255 289
patient0091_0213 0 0.7821 208 234 263 289
patient0091_0214 0 0.8747 208 240 264 289
patient0091_0215 0 0.8164 205 239 264 289
patient0091_0215 0 0.3021 231 240 264 289
patient0091_0216 0 0.7550 230 237 266 289
patient0091_0216 0 0.6425 204 238 265 290
patient0091_0217 0 0.7933 231 234 267 289
patient0091_0217 0 0.4672 217 236 266 290
patient0091_0218 0 0.8125 231 241 267 289
patient0091_0219 0 0.8620 233 241 266 290
patient0091_0220 0 0.8456 233 240 266 291
patient0091_0221 0 0.8740 234 240 265 291
patient0091_0222 0 0.8997 233 240 266 291
patient0091_0223 0 0.8917 236 240 266 291
patient0091_0224 0 0.8761 236 239 266 291
patient0091_0224 0 0.4363 204 228 268 291
patient0091_0225 0 0.7935 236 237 265 290
patient0091_0226 0 0.8293 236 235 266 291
patient0091_0227 0 0.8185 238 237 266 291
patient0091_0228 0 0.8013 238 234 266 291
patient0091_0229 0 0.8524 236 234 267 292
patient0091_0230 0 0.5483 232 235 267 292
patient0091_0230 0 0.5101 237 235 266 276
patient0091_0230 0 0.3469 237 235 266 264
patient0091_0231 0 0.4971 235 234 269 292
patient0091_0231 0 0.3914 240 234 265 261
patient0091_0232 0 0.6700 237 233 269 292
patient0091_0233 0 0.6168 236 233 270 293
patient0091_0234 0 0.7505 237 233 269 292
patient0091_0235 0 0.8780 236 235 268 291
patient0091_0236 0 0.7925 236 234 268 292
patient0091_0237 0 0.8270 235 232 271 291
patient0091_0238 0 0.8276 235 231 272 291
patient0091_0239 0 0.7356 234 232 272 292
patient0091_0239 0 0.6522 247 232 272 268
patient0091_0240 0 0.7599 233 232 271 292
patient0091_0240 0 0.4501 247 232 272 267
patient0091_0241 0 0.6009 233 232 271 293
patient0091_0241 0 0.4666 249 232 271 261
patient0091_0242 0 0.6076 249 233 270 257
patient0091_0242 0 0.3545 232 233 270 292
patient0091_0243 0 0.5984 250 232 269 256
patient0091_0243 0 0.2548 230 233 269 291
patient0091_0244 0 0.6309 250 232 269 255
patient0091_0244 0 0.4680 230 232 268 291
patient0091_0245 0 0.6446 250 233 268 253
patient0091_0245 0 0.3731 230 232 268 291
patient0091_0246 0 0.6506 249 233 267 253
patient0091_0247 0 0.6620 246 234 267 253
patient0091_0248 0 0.6890 246 235 266 252
patient0091_0249 0 0.6887 246 235 266 252
patient0091_0249 0 0.2746 228 235 267 292
patient0091_0250 0 0.6812 247 235 266 250
patient0091_0251 0 0.6462 247 235 263 248
patient0091_0252 0 0.6327 248 236 261 247
patient0091_0253 0 0.6125 248 237 260 246
patient0091_0254 0 0.6385 247 237 259 245
patient0091_0255 0 0.5962 246 237 258 245
patient0091_0256 0 0.5422 247 237 257 245
patient0091_0257 0 0.5485 246 237 256 245
patient0091_0258 0 0.5635 244 236 255 245
patient0091_0259 0 0.5165 243 236 253 245
patient0091_0260 0 0.4767 242 237 253 245
patient0091_0261 0 0.4269 242 237 253 245
patient0091_0262 0 0.3710 242 237 252 246
patient0091_0263 0 0.3028 242 236 252 246
patient0091_0265 0 0.2937 241 237 252 248
patient0091_0266 0 0.3820 242 238 252 248
patient0092_0013 0 0.2709 213 331 242 357
patient0092_0014 0 0.3138 219 306 233 323
patient0092_0015 0 0.2805 215 305 231 323
patient0092_0017 0 0.3750 226 317 243 335
patient0092_0018 0 0.3808 213 332 243 354
patient0092_0019 0 0.3869 212 333 244 360
patient0092_0019 0 0.3281 209 331 243 352
patient0092_0020 0 0.4845 214 335 247 361
patient0092_0021 0 0.6015 212 333 246 360
patient0092_0022 0 0.5302 211 331 245 359
patient0092_0022 0 0.4495 210 331 244 352
patient0092_0022 0 0.3436 388 255 402 287
patient0092_0023 0 0.6355 213 330 244 359
patient0092_0023 0 0.5516 212 329 243 351
patient0092_0024 0 0.5595 213 334 245 362
patient0092_0024 0 0.4950 213 334 230 348
patient0092_0024 0 0.2876 214 334 237 355
patient0092_0025 0 0.5560 213 334 228 348
patient0092_0025 0 0.2508 214 335 231 350
patient0092_0115 0 0.4252 160 275 182 301
patient0092_0116 0 0.3177 159 275 182 301
patient0092_0140 0 0.2568 277 230 308 275
patient0092_0144 0 0.4860 203 302 221 331
patient0092_0145 0 0.3266 202 302 220 327
patient0092_0148 0 0.4042 244 272 265 294
patient0092_0149 0 0.3630 244 273 265 293
patient0092_0149 0 0.3301 244 274 300 311
patient0092_0149 0 0.3244 278 231 302 282
patient0092_0150 0 0.4457 244 271 265 291
patient0092_0150 0 0.3551 244 276 302 315
patient0092_0150 0 0.2987 244 271 296 303
patient0092_0151 0 0.4922 245 272 262 290
patient0092_0152 0 0.3775 278 233 301 284
patient0092_0152 0 0.3016 244 273 265 291
patient0092_0153 0 0.5654 243 268 322 334
patient0092_0154 0 0.6360 243 269 319 334
patient0092_0154 0 0.4948 243 273 260 288
patient0092_0154 0 0.4943 276 264 319 334
patient0092_0155 0 0.5319 242 274 260 288
patient0092_0166 0 0.3220 224 304 250 330
patient0092_0167 0 0.3901 223 287 259 340
patient0092_0168 0 0.4303 220 287 278 343
patient0092_0169 0 0.5193 221 287 281 344
patient0092_0170 0 0.5499 224 287 285 346
patient0092_0171 0 0.6317 233 286 287 346
patient0092_0172 0 0.7246 230 286 288 347
patient0092_0173 0 0.7964 228 285 287 347
patient0092_0174 0 0.5424 224 286 288 348
patient0092_0176 0 0.2554 218 288 249 311
patient0092_0186 0 0.3567 213 264 243 293
patient0092_0187 0 0.2834 212 266 238 293
patient0092_0191 0 0.2722 214 266 237 293
patient0092_0196 0 0.2574 211 275 224 288
patient0092_0197 0 0.2692 211 272 222 287
patient0092_0198 0 0.2797 210 273 221 287
patient0092_0201 0 0.3355 210 278 223 291
patient0092_0201 0 0.2565 222 253 236 262
patient0092_0202 0 0.4489 209 279 222 291
patient0092_0203 0 0.4592 209 278 222 291
patient0092_0204 0 0.3924 208 277 224 292
patient0092_0205 0 0.4612 207 276 223 292
patient0092_0206 0 0.5007 208 277 222 292
patient0092_0207 0 0.3127 207 279 223 293
patient0092_0208 0 0.3412 206 279 221 293
patient0092_0209 0 0.3553 204 271 216 289
patient0092_0209 0 0.3515 203 267 220 291
patient0092_0210 0 0.6905 198 264 213 287
patient0092_0211 0 0.8249 197 262 214 289
patient0092_0212 0 0.8707 196 261 216 291
patient0092_0213 0 0.8486 196 260 218 293
patient0092_0214 0 0.8779 196 258 218 293
patient0092_0215 0 0.8765 193 255 219 295
patient0092_0216 0 0.9005 193 253 219 296
patient0092_0217 0 0.8912 192 253 221 296
patient0092_0218 0 0.8291 191 250 222 296
patient0092_0218 0 0.4719 191 242 232 296
patient0092_0219 0 0.8904 190 238 242 297
patient0092_0220 0 0.8949 189 238 244 298
patient0092_0221 0 0.8844 188 238 246 299
patient0092_0222 0 0.9351 197 237 246 299
patient0092_0223 0 0.9116 190 237 247 299
patient0092_0224 0 0.8967 185 238 246 299
patient0092_0225 0 0.9018 190 239 247 299
patient0092_0226 0 0.9058 190 239 248 300
patient0092_0227 0 0.9103 187 239 248 300
patient0092_0228 0 0.9217 186 240 248 301
patient0092_0229 0 0.9250 185 240 249 301
patient0092_0230 0 0.8897 184 241 250 301
patient0092_0231 0 0.8251 184 239 251 301
patient0092_0232 0 0.8456 207 241 255 302
patient0092_0232 0 0.7442 190 239 257 301
patient0092_0233 0 0.8477 207 240 258 301
patient0092_0234 0 0.8474 207 240 261 302
patient0092_0235 0 0.8561 205 240 261 301
patient0092_0236 0 0.8971 205 242 261 302
patient0092_0237 0 0.9033 205 242 262 301
patient0092_0238 0 0.8958 205 242 262 301
patient0092_0239 0 0.8885 204 243 262 301
patient0092_0240 0 0.8483 203 243 261 302
patient0092_0240 0 0.3456 229 242 261 285
patient0092_0241 0 0.7511 202 244 260 301
patient0092_0241 0 0.4313 226 242 261 283
patient0092_0242 0 0.6330 201 244 259 301
patient0092_0242 0 0.6233 226 242 259 282
patient0092_0243 0 0.6640 226 244 258 280
patient0092_0243 0 0.6622 200 245 259 301
patient0092_0244 0 0.7300 226 247 258 279
patient0092_0245 0 0.7545 226 248 258 277
patient0092_0246 0 0.7813 227 248 258 275
patient0092_0247 0 0.7351 227 249 258 274
patient0092_0248 0 0.6865 228 248 256 271
patient0092_0249 0 0.7063 228 240 255 272
patient0092_0250 0 0.6568 230 245 254 270
patient0092_0251 0 0.6587 232 248 254 270
patient0092_0252 0 0.6702 229 242 254 270
patient0092_0253 0 0.6594 227 242 251 269
patient0092_0254 0 0.5239 227 246 248 266
patient0092_0255 0 0.5152 230 247 246 263
patient0092_0256 0 0.6150 228 245 246 261
patient0092_0257 0 0.6271 228 246 245 261
patient0092_0258 0 0.5844 228 247 243 261
patient0092_0259 0 0.6027 228 248 242 260
patient0092_0260 0 0.5975 228 248 242 260
patient0092_0261 0 0.6094 229 247 242 259
patient0092_0262 0 0.5937 229 247 238 258
patient0092_0263 0 0.5767 228 247 236 257
patient0092_0264 0 0.5445 228 247 236 257
patient0092_0265 0 0.5559 228 247 236 257
patient0092_0266 0 0.2815 227 245 236 257
patient0093_0004 0 0.3050 70 234 94 270
patient0093_0005 0 0.3232 73 235 97 270
patient0093_0121 0 0.6097 200 284 217 314
patient0093_0122 0 0.6772 200 283 218 314
patient0093_0123 0 0.3691 200 285 218 313
patient0093_0129 0 0.4436 200 279 217 296
patient0093_0130 0 0.4113 201 276 217 295
patient0093_0133 0 0.2921 209 281 220 298
patient0093_0175 0 0.3041 235 292 265 311
patient0093_0177 0 0.2711 226 286 248 305
patient0093_0178 0 0.3909 226 282 250 303
patient0093_0179 0 0.5524 224 280 248 302
patient0093_0180 0 0.5960 224 280 247 302
patient0093_0181 0 0.4891 225 279 248 301
patient0093_0182 0 0.4885 225 276 250 300
patient0093_0183 0 0.4408 232 276 249 300
patient0093_0183 0 0.3538 223 275 250 300
patient0093_0184 0 0.3014 233 276 249 300
patient0093_0186 0 0.4004 224 274 247 298
patient0093_0187 0 0.4522 227 275 247 298
patient0093_0199 0 0.3297 222 280 234 295
patient0093_0200 0 0.3372 222 281 233 295
patient0093_0201 0 0.3112 220 279 233 295
patient0093_0204 0 0.2767 219 281 233 297
patient0093_0205 0 0.3062 218 281 234 298
patient0093_0205 0 0.2792 217 278 231 296
patient0093_0206 0 0.4217 214 276 229 295
patient0093_0206 0 0.3440 215 275 232 296
patient0093_0207 0 0.4376 213 275 227 294
patient0093_0208 0 0.5289 214 276 227 295
patient0093_0209 0 0.6877 212 275 228 297
patient0093_0210 0 0.7610 210 274 231 298
patient0093_0211 0 0.8032 209 271 232 299
patient0093_0212 0 0.8337 208 271 232 300
patient0093_0213 0 0.8442 208 272 232 301
patient0093_0214 0 0.8783 207 272 232 302
patient0093_0215 0 0.8862 206 271 232 302
patient0093_0216 0 0.8919 205 269 233 303
patient0093_0217 0 0.8771 204 268 234 303
patient0093_0218 0 0.8707 202 267 235 303
patient0093_0219 0 0.8580 202 267 235 304
patient0093_0220 0 0.8572 200 264 236 304
patient0093_0221 0 0.8550 200 256 236 304
patient0093_0222 0 0.8738 199 250 239 305
patient0093_0223 0 0.8827 199 250 240 305
patient0093_0224 0 0.8927 198 251 242 305
patient0093_0225 0 0.9033 198 251 244 305
patient0093_0226 0 0.8969 198 249 245 305
patient0093_0227 0 0.9019 195 249 245 305
patient0093_0228 0 0.8940 194 248 245 305
patient0093_0229 0 0.8857 194 246 246 306
patient0093_0230 0 0.9014 194 247 247 306
patient0093_0231 0 0.8873 192 248 248 306
patient0093_0232 0 0.8950 192 248 247 307
patient0093_0233 0 0.9028 192 248 247 307
patient0093_0234 0 0.8854 209 248 248 307
patient0093_0235 0 0.8808 208 248 248 307
patient0093_0236 0 0.8773 208 248 249 307
patient0093_0237 0 0.8869 213 248 249 308
patient0093_0238 0 0.9085 220 248 249 308
patient0093_0239 0 0.8739 222 247 249 308
patient0093_0240 0 0.8698 222 247 249 308
patient0093_0241 0 0.8738 222 247 249 308
patient0093_0242 0 0.8726 222 247 250 308
patient0093_0243 0 0.8638 221 247 251 308
patient0093_0244 0 0.8280 220 248 256 308
patient0093_0245 0 0.8109 218 248 262 307
patient0093_0246 0 0.8481 217 248 262 307
patient0093_0247 0 0.8766 217 248 261 306
patient0093_0248 0 0.8811 217 248 261 306
patient0093_0249 0 0.8492 219 247 263 305
patient0093_0250 0 0.7703 224 246 264 304
patient0093_0251 0 0.7119 227 246 264 298
patient0093_0251 0 0.5456 215 247 264 306
patient0093_0252 0 0.7143 211 247 263 307
patient0093_0252 0 0.6821 227 247 263 300
patient0093_0253 0 0.6770 211 246 262 307
patient0093_0253 0 0.6152 228 245 263 290
patient0093_0254 0 0.6639 235 245 263 290
patient0093_0254 0 0.3485 211 247 262 307
patient0093_0255 0 0.6952 235 246 262 288
patient0093_0256 0 0.7770 231 246 261 287
patient0093_0257 0 0.7592 231 247 260 285
patient0093_0258 0 0.6610 233 249 258 278
patient0093_0259 0 0.6484 233 249 257 276
patient0093_0260 0 0.6604 232 250 255 275
patient0093_0261 0 0.6816 231 250 253 272
patient0093_0262 0 0.7095 230 250 252 270
patient0093_0263 0 0.7321 230 250 252 270
patient0093_0264 0 0.7437 230 251 251 269
patient0093_0265 0 0.6588 230 252 250 268
patient0093_0266 0 0.6421 231 253 249 268
patient0093_0267 0 0.6639 227 253 249 268
patient0093_0268 0 0.5734 227 253 245 267
patient0093_0269 0 0.5615 228 254 244 265
patient0093_0270 0 0.5479 227 254 242 265
patient0093_0271 0 0.4558 227 254 240 264
patient0093_0272 0 0.3679 225 254 239 264
patient0093_0273 0 0.4007 225 254 238 264
patient0093_0274 0 0.2589 224 254 237 264
patient0093_0276 0 0.2528 212 259 238 307
patient0093_0277 0 0.4851 210 261 247 306
patient0093_0278 0 0.5113 212 262 249 305
patient0093_0279 0 0.4239 211 267 248 305
patient0093_0280 0 0.2684 211 265 245 306
patient0093_0289 0 0.2860 230 327 248 349
patient0093_0290 0 0.3926 231 328 258 357
patient0093_0291 0 0.3869 235 332 260 358
patient0093_0292 0 0.2936 237 335 259 358
patient0093_0294 0 0.3393 237 337 257 356
patient0093_0339 0 0.2533 129 303 149 322
patient0094_0087 0 0.4554 196 286 217 304
patient0094_0088 0 0.5059 196 283 217 306
patient0094_0089 0 0.5745 197 284 218 307
patient0094_0093 0 0.3398 200 290 220 314
patient0094_0100 0 0.2879 213 304 229 325
patient0094_0101 0 0.3516 122 205 153 266
patient0094_0129 0 0.2742 243 285 266 310
patient0094_0137 0 0.3563 239 269 282 299
patient0094_0138 0 0.4097 240 269 283 298
patient0094_0139 0 0.2506 240 270 283 296
patient0094_0140 0 0.4011 242 270 280 294
patient0094_0141 0 0.2749 225 262 247 291
patient0094_0141 0 0.2683 241 270 279 296
patient0094_0144 0 0.2549 239 273 274 294
patient0094_0145 0 0.4217 223 268 245 285
patient0094_0146 0 0.5159 223 263 246 286
patient0094_0147 0 0.4440 222 259 246 285
patient0094_0148 0 0.4815 222 256 245 283
patient0094_0149 0 0.5285 222 258 244 283
patient0094_0150 0 0.5235 222 258 243 282
patient0094_0152 0 0.4719 217 265 242 286
patient0094_0153 0 0.6440 213 255 243 286
patient0094_0154 0 0.5932 211 256 242 287
patient0094_0154 0 0.3928 214 263 242 288
patient0094_0155 0 0.3634 220 268 242 285
patient0094_0156 0 0.3550 203 267 242 295
patient0094_0156 0 0.2742 211 268 242 290
patient0094_0158 0 0.4341 197 261 241 301
patient0094_0158 0 0.3378 216 264 241 285
patient0094_0158 0 0.3180 205 265 241 286
patient0094_0159 0 0.5209 210 262 243 286
patient0094_0159 0 0.5166 197 258 243 301
patient0094_0160 0 0.5712 215 266 242 286
patient0094_0160 0 0.5529 200 256 243 288
patient0094_0160 0 0.3260 209 257 243 285
patient0094_0160 0 0.2549 224 268 242 285
patient0094_0161 0 0.5334 197 254 243 294
patient0094_0161 0 0.3711 223 263 242 286
patient0094_0161 0 0.3111 216 257 243 286
patient0094_0162 0 0.5634 221 260 241 285
patient0094_0162 0 0.4196 213 258 241 286
patient0094_0162 0 0.3689 198 256 241 290
patient0094_0163 0 0.7428 219 259 241 286
patient0094_0164 0 0.7154 216 256 242 287
patient0094_0164 0 0.2985 216 237 249 288
patient0094_0165 0 0.6898 215 233 257 288
patient0094_0166 0 0.7810 213 233 262 289
patient0094_0167 0 0.8563 209 232 260 289
patient0094_0168 0 0.8478 208 232 261 289
patient0094_0169 0 0.8666 206 234 263 289
patient0094_0170 0 0.8758 204 233 262 290
patient0094_0171 0 0.8874 203 232 263 290
patient0094_0172 0 0.8740 202 233 263 291
patient0094_0173 0 0.8800 201 232 263 291
patient0094_0174 0 0.8862 201 232 264 290
patient0094_0175 0 0.8764 201 232 264 290
patient0094_0176 0 0.8607 200 233 264 290
patient0094_0177 0 0.8125 200 234 265 291
patient0094_0177 0 0.4685 232 231 265 291
patient0094_0178 0 0.8023 199 235 265 291
patient0094_0179 0 0.7849 213 232 265 290
patient0094_0180 0 0.8665 213 231 265 291
patient0094_0181 0 0.8791 214 231 265 291
patient0094_0182 0 0.8829 215 231 264 291
patient0094_0183 0 0.8577 219 231 264 291
patient0094_0184 0 0.8499 221 230 264 291
patient0094_0185 0 0.8777 222 231 263 292
patient0094_0186 0 0.8879 223 231 264 293
patient0094_0187 0 0.8820 231 230 263 292
patient0094_0188 0 0.8865 233 229 263 293
patient0094_0189 0 0.8943 233 229 263 293
patient0094_0190 0 0.8569 234 229 263 293
patient0094_0190 0 0.2566 233 229 275 293
patient0094_0191 0 0.8984 234 227 276 294
patient0094_0192 0 0.9023 234 228 273 294
patient0094_0193 0 0.8824 233 227 273 295
patient0094_0194 0 0.8483 232 226 272 296
patient0094_0195 0 0.8672 230 225 271 295
patient0094_0196 0 0.8799 230 226 271 295
patient0094_0197 0 0.8983 229 225 271 295
patient0094_0198 0 0.8867 228 225 271 294
patient0094_0199 0 0.8580 227 225 270 293
patient0094_0200 0 0.8209 225 225 266 293
patient0094_0201 0 0.8002 225 225 267 292
patient0094_0201 0 0.2828 241 225 266 249
patient0094_0202 0 0.7098 241 224 264 248
patient0094_0203 0 0.7627 242 225 264 246
patient0094_0204 0 0.6523 242 225 262 243
patient0094_0205 0 0.5691 243 225 259 241
patient0094_0206 0 0.5947 243 226 258 240
patient0094_0207 0 0.6193 243 226 256 238
patient0094_0208 0 0.5564 242 227 255 238
patient0094_0209 0 0.5446 243 227 254 237
patient0094_0210 0 0.5094 242 228 253 237
patient0094_0210 0 0.2637 241 227 255 238
patient0094_0211 0 0.4471 241 229 252 237
patient0094_0212 0 0.4303 240 227 252 237
patient0094_0213 0 0.4530 240 226 251 237
patient0094_0214 0 0.3516 238 225 251 238
patient0094_0215 0 0.3100 236 225 251 238
patient0095_0001 0 0.3328 173 352 190 369
patient0095_0002 0 0.3338 173 352 190 368
patient0095_0003 0 0.2535 173 352 190 368
patient0095_0014 0 0.2684 169 338 194 369
patient0095_0015 0 0.2513 169 339 196 369
patient0095_0023 0 0.3041 165 341 204 376
patient0095_0036 0 0.3781 355 344 388 364
patient0095_0037 0 0.3667 355 344 388 365
patient0095_0040 0 0.4006 335 332 356 352
patient0095_0041 0 0.4159 335 333 356 351
patient0095_0101 0 0.3706 196 215 219 237
patient0095_0133 0 0.2763 106 124 123 143
patient0095_0134 0 0.3292 106 123 125 145
patient0095_0144 0 0.7378 229 285 259 320
patient0095_0145 0 0.7847 229 283 259 321
patient0095_0146 0 0.7482 228 285 260 321
patient0095_0147 0 0.4633 226 281 261 323
patient0095_0150 0 0.2675 227 282 281 327
patient0095_0151 0 0.5457 227 280 278 328
patient0095_0166 0 0.2503 234 259 249 273
patient0095_0177 0 0.4339 223 259 233 275
patient0095_0178 0 0.4795 222 258 232 274
patient0095_0179 0 0.4675 223 258 232 274
patient0095_0180 0 0.3659 221 258 231 274
patient0095_0181 0 0.4765 219 257 231 274
patient0095_0182 0 0.5420 218 255 231 275
patient0095_0183 0 0.5009 218 253 230 275
patient0095_0184 0 0.6200 217 250 230 275
patient0095_0185 0 0.6949 215 249 228 270
patient0095_0185 0 0.2536 214 249 231 275
patient0095_0186 0 0.7036 212 248 228 270
patient0095_0187 0 0.8045 212 247 230 273
patient0095_0188 0 0.8375 211 246 231 274
patient0095_0189 0 0.8493 210 245 232 274
patient0095_0190 0 0.8504 210 229 243 276
patient0095_0190 0 0.6764 210 237 233 276
patient0095_0191 0 0.8482 209 229 244 277
patient0095_0192 0 0.8360 208 229 245 277
patient0095_0193 0 0.8345 209 229 247 277
patient0095_0194 0 0.8304 208 231 249 278
patient0095_0195 0 0.8730 208 232 250 277
patient0095_0196 0 0.8963 207 233 250 277
patient0095_0197 0 0.9039 206 233 251 278
patient0095_0198 0 0.9078 205 233 252 278
patient0095_0199 0 0.9134 205 233 252 278
patient0095_0200 0 0.9149 204 232 253 279
patient0095_0201 0 0.9098 203 232 254 279
patient0095_0202 0 0.9062 203 232 255 279
patient0095_0203 0 0.8959 202 231 255 279
patient0095_0204 0 0.8878 201 230 256 279
patient0095_0205 0 0.8874 201 230 257 279
patient0095_0206 0 0.8884 201 231 257 280
patient0095_0207 0 0.8850 202 230 257 280
patient0095_0208 0 0.8860 202 230 257 280
patient0095_0209 0 0.8825 201 231 258 281
patient0095_0210 0 0.8750 201 230 259 281
patient0095_0211 0 0.8686 200 231 259 281
patient0095_0212 0 0.8267 199 230 258 280
patient0095_0213 0 0.8218 214 232 258 281
patient0095_0214 0 0.8305 217 233 258 281
patient0095_0215 0 0.8140 218 233 258 282
patient0095_0216 0 0.8099 219 232 258 282
patient0095_0217 0 0.8339 223 233 258 282
patient0095_0218 0 0.8243 225 233 258 282
patient0095_0219 0 0.8251 225 232 257 282
patient0095_0220 0 0.8222 225 232 257 282
patient0095_0221 0 0.8427 225 231 258 282
patient0095_0222 0 0.8244 225 230 258 282
patient0095_0223 0 0.8378 225 229 258 282
patient0095_0224 0 0.8449 226 229 259 282
patient0095_0225 0 0.8542 226 231 264 282
patient0095_0226 0 0.8798 226 229 265 282
patient0095_0227 0 0.8822 226 229 266 281
patient0095_0228 0 0.8938 226 229 267 281
patient0095_0229 0 0.8882 226 228 267 281
patient0095_0230 0 0.8855 225 228 266 281
patient0095_0231 0 0.8843 223 228 265 281
patient0095_0232 0 0.8798 223 228 264 281
patient0095_0233 0 0.8703 223 227 263 280
patient0095_0234 0 0.8325 222 227 261 280
patient0095_0234 0 0.4320 242 228 261 246
patient0095_0235 0 0.6211 241 228 260 244
patient0095_0235 0 0.5756 221 227 260 279
patient0095_0236 0 0.6534 241 228 259 244
patient0095_0237 0 0.6494 242 229 259 243
patient0095_0238 0 0.6587 243 229 256 240
patient0095_0239 0 0.6791 244 228 255 239
patient0095_0240 0 0.6791 243 228 255 239
patient0095_0241 0 0.6691 243 227 255 238
patient0095_0242 0 0.6533 244 226 255 237
patient0095_0243 0 0.6345 243 225 255 237
patient0095_0244 0 0.6302 242 226 254 236
patient0095_0245 0 0.5905 242 226 252 235
patient0095_0246 0 0.5069 242 227 252 235
patient0095_0246 0 0.3302 242 225 254 234
patient0095_0247 0 0.4382 242 225 251 234
patient0095_0248 0 0.3980 242 225 251 234
patient0095_0249 0 0.4532 241 224 251 234
patient0095_0250 0 0.4432 240 223 250 234
patient0095_0251 0 0.4185 240 223 250 234
patient0095_0252 0 0.4282 240 223 249 234
patient0095_0253 0 0.4262 240 222 249 233
patient0095_0254 0 0.4234 240 223 249 234
patient0095_0255 0 0.3540 240 222 249 234
patient0095_0256 0 0.3438 240 223 249 235
patient0096_0004 0 0.4407 225 271 255 310
patient0096_0005 0 0.4241 225 271 256 310
patient0096_0019 0 0.3108 208 317 231 341
patient0096_0020 0 0.2661 208 318 231 342
patient0096_0021 0 0.3493 183 363 200 384
patient0096_0021 0 0.3343 184 365 197 383
patient0096_0022 0 0.3676 184 366 198 383
patient0096_0022 0 0.3031 183 365 202 384
patient0096_0026 0 0.2639 386 316 438 393
patient0096_0061 0 0.3628 373 362 390 389
patient0096_0173 0 0.2777 245 289 283 350
patient0096_0174 0 0.3566 232 288 292 352
patient0096_0175 0 0.2511 232 291 294 352
patient0096_0180 0 0.2840 236 288 293 355
patient0096_0213 0 0.3440 203 297 267 370
patient0096_0214 0 0.2657 201 300 246 332
patient0096_0215 0 0.4484 200 297 250 331
patient0096_0216 0 0.4293 200 294 274 375
patient0096_0217 0 0.4017 200 294 274 375
patient0096_0217 0 0.2957 200 296 239 324
patient0096_0218 0 0.4765 200 293 275 376
patient0096_0219 0 0.6215 200 294 275 376
patient0096_0219 0 0.2692 200 296 230 320
patient0096_0220 0 0.4053 208 286 248 307
patient0096_0220 0 0.3881 201 291 233 316
patient0096_0220 0 0.3015 220 284 248 307
patient0096_0220 0 0.2602 200 294 224 315
patient0096_0221 0 0.3877 221 286 247 306
patient0096_0221 0 0.3695 201 289 233 315
patient0096_0221 0 0.2943 200 292 222 315
patient0096_0222 0 0.2676 200 291 219 314
patient0096_0227 0 0.4292 203 295 259 331
patient0096_0228 0 0.2823 205 295 263 335
patient0096_0232 0 0.2531 200 272 210 294
patient0096_0237 0 0.3809 199 277 208 292
patient0096_0238 0 0.5669 198 275 208 292
patient0096_0239 0 0.5926 198 273 207 290
patient0096_0240 0 0.6941 197 267 208 288
patient0096_0241 0 0.7227 194 264 208 288
patient0096_0242 0 0.7066 192 263 208 288
patient0096_0243 0 0.6934 191 262 208 289
patient0096_0244 0 0.6911 192 262 208 288
patient0096_0245 0 0.5998 193 263 207 287
patient0096_0246 0 0.3797 195 268 206 287
patient0096_0246 0 0.3677 194 264 207 286
patient0096_0247 0 0.4419 192 261 207 286
patient0096_0248 0 0.4259 194 261 207 287
patient0096_0249 0 0.5223 195 274 211 290
patient0096_0249 0 0.3041 188 274 209 289
patient0096_0249 0 0.2684 189 268 212 290
patient0096_0250 0 0.7498 194 271 211 292
patient0096_0251 0 0.7644 194 264 213 294
patient0096_0252 0 0.8163 194 264 214 295
patient0096_0253 0 0.8328 193 263 216 296
patient0096_0254 0 0.8169 192 262 217 296
patient0096_0255 0 0.8291 192 260 217 297
patient0096_0256 0 0.8367 192 259 217 297
patient0096_0257 0 0.8388 192 259 219 297
patient0096_0258 0 0.8404 192 256 220 298
patient0096_0259 0 0.8506 190 254 220 298
patient0096_0260 0 0.7938 190 252 221 299
patient0096_0260 0 0.3620 189 245 233 299
patient0096_0261 0 0.8450 188 244 250 299
patient0096_0262 0 0.8853 188 244 251 299
patient0096_0263 0 0.8626 188 243 252 299
patient0096_0264 0 0.8844 192 242 253 300
patient0096_0265 0 0.9163 193 240 253 300
patient0096_0266 0 0.9179 191 239 253 300
patient0096_0267 0 0.9260 191 240 254 300
patient0096_0268 0 0.9301 190 239 255 301
patient0096_0269 0 0.9280 189 237 256 301
patient0096_0270 0 0.9247 188 239 256 302
patient0096_0271 0 0.9311 187 240 256 302
patient0096_0272 0 0.9263 187 239 256 302
patient0096_0273 0 0.9202 187 238 257 302
patient0096_0274 0 0.8955 186 237 257 303
patient0096_0275 0 0.8730 186 237 256 303
patient0096_0276 0 0.8801 184 236 257 303
patient0096_0277 0 0.8296 183 235 264 302
patient0096_0278 0 0.8147 182 235 267 303
patient0096_0279 0 0.8340 183 236 266 303
patient0096_0279 0 0.3553 193 245 260 303
patient0096_0279 0 0.2806 214 245 267 303
patient0096_0280 0 0.8699 183 235 266 304
patient0096_0280 0 0.2843 198 246 267 303
patient0096_0281 0 0.8635 214 246 267 304
patient0096_0281 0 0.7348 181 239 266 304
patient0096_0282 0 0.8678 213 246 267 304
patient0096_0283 0 0.8662 213 246 266 304
patient0096_0284 0 0.8607 212 245 266 304
patient0096_0285 0 0.8602 211 245 266 304
patient0096_0286 0 0.8594 211 245 265 303
patient0096_0287 0 0.8626 211 244 265 303
patient0096_0288 0 0.8572 211 245 264 303
patient0096_0289 0 0.8276 210 246 264 302
patient0096_0290 0 0.8350 209 245 263 302
patient0096_0291 0 0.8302 209 245 263 301
patient0096_0292 0 0.7644 209 246 262 301
patient0096_0293 0 0.7851 209 246 261 301
patient0096_0294 0 0.7053 209 246 261 301
patient0096_0295 0 0.6388 232 246 261 265
patient0096_0295 0 0.5679 208 246 261 301
patient0096_0296 0 0.6779 233 246 259 263
patient0096_0296 0 0.4434 206 246 258 301
patient0096_0297 0 0.6403 233 245 259 263
patient0096_0297 0 0.3423 207 247 258 301
patient0096_0298 0 0.6409 234 244 258 262
patient0096_0298 0 0.5072 206 244 257 301
patient0096_0299 0 0.7110 236 244 259 262
patient0096_0299 0 0.3442 205 243 258 301
patient0096_0300 0 0.7050 239 243 258 261
patient0096_0301 0 0.6916 239 242 257 260
patient0096_0302 0 0.6273 240 242 255 259
patient0096_0303 0 0.5464 243 244 254 259
patient0097_0002 0 0.3537 240 293 255 321
patient0097_0003 0 0.3389 241 294 255 320
patient0097_0104 0 0.2915 251 231 282 275
patient0097_0105 0 0.2619 267 250 295 277
patient0097_0106 0 0.4154 261 233 294 278
patient0097_0135 0 0.2597 227 224 263 259
patient0097_0136 0 0.3526 226 227 265 266
patient0097_0148 0 0.2994 193 238 206 255
patient0097_0149 0 0.7825 186 233 207 261
patient0097_0150 0 0.8155 186 231 208 261
patient0097_0151 0 0.8363 185 229 210 262
patient0097_0152 0 0.8780 184 228 210 262
patient0097_0153 0 0.8789 186 227 211 263
patient0097_0154 0 0.8607 184 227 212 264
patient0097_0155 0 0.8820 182 226 212 264
patient0097_0156 0 0.8288 181 221 213 264
patient0097_0157 0 0.8304 181 214 223 266
patient0097_0157 0 0.2639 181 220 214 265
patient0097_0158 0 0.7840 179 213 225 265
patient0097_0159 0 0.8808 179 213 228 265
patient0097_0160 0 0.8900 178 212 228 265
patient0097_0161 0 0.8951 178 211 228 264
patient0097_0162 0 0.9008 177 211 228 264
patient0097_0163 0 0.8896 175 210 228 264
patient0097_0164 0 0.8619 175 210 228 264
patient0097_0165 0 0.8701 175 212 231 264
patient0097_0166 0 0.8560 177 212 230 264
patient0097_0167 0 0.8746 174 212 229 264
patient0097_0168 0 0.8949 174 211 230 264
patient0097_0169 0 0.8784 172 212 230 265
patient0097_0170 0 0.8843 172 214 232 265
patient0097_0171 0 0.8812 186 214 231 265
patient0097_0172 0 0.8724 191 213 231 265
patient0097_0173 0 0.8313 199 213 232 266
patient0097_0174 0 0.9068 205 213 237 266
patient0097_0175 0 0.9220 205 213 242 266
patient0097_0176 0 0.9010 204 213 244 266
patient0097_0177 0 0.8849 204 213 245 266
patient0097_0178 0 0.8684 203 213 246 267
patient0097_0179 0 0.8818 202 213 245 267
patient0097_0180 0 0.8797 201 212 243 267
patient0097_0181 0 0.8916 199 212 239 266
patient0097_0182 0 0.9091 197 212 239 267
patient0097_0183 0 0.8990 197 211 238 267
patient0097_0184 0 0.8927 196 210 237 266
patient0097_0185 0 0.8798 195 210 236 267
patient0097_0186 0 0.8364 194 209 236 266
patient0097_0187 0 0.6087 193 209 236 266
patient0097_0187 0 0.4872 212 209 236 228
patient0097_0188 0 0.5562 212 209 236 227
patient0097_0188 0 0.4885 192 208 236 266
patient0097_0189 0 0.6166 212 209 235 227
patient0097_0190 0 0.5858 213 210 235 226
patient0097_0191 0 0.6215 212 209 234 226
patient0097_0192 0 0.6487 213 209 233 225
patient0097_0193 0 0.6758 213 210 232 224
patient0097_0194 0 0.6646 214 210 231 224
patient0097_0195 0 0.6890 215 210 231 223
patient0097_0196 0 0.6033 215 210 230 221
patient0097_0197 0 0.5413 213 210 225 221
patient0097_0197 0 0.3011 212 209 229 223
patient0097_0198 0 0.4496 213 210 223 221
patient0097_0203 0 0.3222 205 206 216 218
patient0097_0204 0 0.3050 204 205 215 217
patient0098_0053 0 0.2500 316 364 342 385
patient0098_0066 0 0.3014 239 364 265 382
patient0098_0153 0 0.3343 215 289 250 319
patient0098_0154 0 0.4822 215 289 249 320
patient0098_0155 0 0.5978 216 289 250 321
patient0098_0156 0 0.5579 216 285 251 324
patient0098_0157 0 0.5564 215 287 246 324
patient0098_0158 0 0.4472 216 276 260 326
patient0098_0158 0 0.3825 215 283 247 326
patient0098_0159 0 0.5632 215 277 259 326
patient0098_0160 0 0.6167 215 274 258 327
patient0098_0161 0 0.7732 216 271 257 328
patient0098_0162 0 0.6073 216 269 256 332
patient0098_0163 0 0.3735 216 268 255 332
patient0098_0174 0 0.2566 205 279 220 292
patient0098_0175 0 0.3464 204 277 217 291
patient0098_0176 0 0.3571 205 277 215 290
patient0098_0177 0 0.4098 204 277 215 290
patient0098_0178 0 0.3768 204 276 215 291
patient0098_0179 0 0.3239 206 276 216 292
patient0098_0180 0 0.3785 206 274 216 292
patient0098_0181 0 0.5912 201 267 215 291
patient0098_0182 0 0.7871 197 265 217 292
patient0098_0183 0 0.8618 195 263 218 292
patient0098_0184 0 0.8785 195 262 219 292
patient0098_0185 0 0.8476 194 261 219 293
patient0098_0186 0 0.8239 194 260 218 293
patient0098_0187 0 0.8103 195 259 219 294
patient0098_0188 0 0.7985 193 257 219 295
patient0098_0189 0 0.8083 192 257 219 294
patient0098_0190 0 0.8138 191 256 218 295
patient0098_0191 0 0.8219 191 255 218 295
patient0098_0192 0 0.8266 191 255 218 294
patient0098_0193 0 0.8375 188 253 218 295
patient0098_0194 0 0.8745 188 245 218 295
patient0098_0195 0 0.8752 187 244 219 295
patient0098_0196 0 0.9033 186 244 219 295
patient0098_0197 0 0.8887 185 243 221 294
patient0098_0198 0 0.8787 183 243 224 295
patient0098_0199 0 0.8786 183 243 225 296
patient0098_0200 0 0.8596 180 243 225 295
patient0098_0201 0 0.8643 178 244 226 295
patient0098_0202 0 0.8052 176 244 227 295
patient0098_0203 0 0.8252 176 245 227 295
patient0098_0204 0 0.6803 182 247 227 296
patient0098_0205 0 0.8463 187 247 227 296
patient0098_0206 0 0.8734 186 247 228 296
patient0098_0207 0 0.8669 186 248 228 296
patient0098_0208 0 0.8750 187 250 229 295
patient0098_0209 0 0.8691 188 250 229 295
patient0098_0210 0 0.8576 189 250 229 295
patient0098_0211 0 0.8476 190 250 229 295
patient0098_0212 0 0.8442 191 251 229 295
patient0098_0213 0 0.8442 192 251 229 295
patient0098_0214 0 0.8454 192 251 229 295
patient0098_0215 0 0.8455 192 251 230 295
patient0098_0216 0 0.8476 195 250 228 295
patient0098_0217 0 0.8535 197 248 228 295
patient0098_0218 0 0.8540 199 249 229 295
patient0098_0219 0 0.8411 200 246 229 295
patient0098_0220 0 0.8533 201 247 229 295
patient0098_0221 0 0.8739 201 248 230 294
patient0098_0222 0 0.8732 201 248 230 294
patient0098_0223 0 0.8748 200 246 230 294
patient0098_0224 0 0.8567 200 243 230 294
patient0098_0225 0 0.8421 198 242 230 294
patient0098_0226 0 0.8479 198 243 231 293
patient0098_0227 0 0.8446 198 245 231 292
patient0098_0228 0 0.8487 196 244 231 292
patient0098_0229 0 0.8416 196 244 230 292
patient0098_0230 0 0.8495 197 246 230 292
patient0098_0231 0 0.8550 197 246 230 291
patient0098_0232 0 0.8100 197 244 232 292
patient0098_0233 0 0.8001 196 244 236 292
patient0098_0234 0 0.6415 209 244 238 285
patient0098_0234 0 0.5934 193 244 237 291
patient0098_0235 0 0.7143 208 243 238 277
patient0098_0236 0 0.7383 208 243 237 277
patient0098_0237 0 0.7868 208 243 236 277
patient0098_0238 0 0.7568 209 243 235 275
patient0098_0239 0 0.7548 209 242 235 274
patient0098_0240 0 0.7389 208 242 235 273
patient0098_0241 0 0.7204 209 243 235 272
patient0098_0242 0 0.7083 208 242 234 270
patient0098_0243 0 0.7189 209 242 233 268
patient0098_0244 0 0.6886 208 242 232 265
patient0098_0245 0 0.6599 207 242 231 263
patient0098_0246 0 0.6632 206 241 231 263
patient0098_0247 0 0.6689 207 242 230 260
patient0098_0248 0 0.6552 207 242 225 256
patient0098_0248 0 0.2602 207 242 228 258
patient0098_0249 0 0.6340 208 243 224 255
patient0098_0250 0 0.6433 208 242 223 255
patient0098_0251 0 0.6352 208 242 221 254
patient0098_0252 0 0.6263 209 242 221 253
patient0098_0253 0 0.6313 208 241 221 253
patient0098_0254 0 0.6306 207 241 219 252
patient0098_0255 0 0.5693 207 241 218 252
patient0098_0256 0 0.5491 207 241 217 253
patient0098_0257 0 0.5223 206 241 217 253
patient0098_0258 0 0.4278 206 242 217 253
patient0099_0074 0 0.2538 354 372 384 403
patient0099_0170 0 0.6580 202 294 241 341
patient0099_0171 0 0.7649 201 299 241 342
patient0099_0172 0 0.6266 201 303 241 342
patient0099_0173 0 0.4858 200 301 241 343
patient0099_0174 0 0.3768 199 292 243 343
patient0099_0175 0 0.3018 199 292 251 345
patient0099_0179 0 0.2794 196 304 222 317
patient0099_0180 0 0.3168 196 300 220 316
patient0099_0182 0 0.2888 197 299 218 314
patient0099_0183 0 0.3932 196 299 217 313
patient0099_0184 0 0.2813 197 298 217 311
patient0099_0195 0 0.2525 174 305 197 329
patient0099_0205 0 0.3715 182 285 191 299
patient0099_0207 0 0.4902 178 279 191 299
patient0099_0208 0 0.3612 178 280 189 298
patient0099_0216 0 0.7613 169 275 188 299
patient0099_0217 0 0.7986 167 273 188 300
patient0099_0218 0 0.8371 167 272 189 302
patient0099_0219 0 0.8432 166 270 189 303
patient0099_0220 0 0.8395 166 269 191 304
patient0099_0221 0 0.8464 165 267 191 305
patient0099_0222 0 0.8640 165 266 191 305
patient0099_0223 0 0.8720 164 264 190 305
patient0099_0224 0 0.8530 164 264 191 306
patient0099_0225 0 0.8325 164 264 191 307
patient0099_0226 0 0.8208 163 264 191 307
patient0099_0227 0 0.8370 163 263 192 308
patient0099_0228 0 0.8522 162 263 192 309
patient0099_0229 0 0.8662 162 262 192 309
patient0099_0230 0 0.8625 161 261 192 309
patient0099_0231 0 0.8589 161 260 192 309
patient0099_0232 0 0.8486 161 260 192 309
patient0099_0233 0 0.8344 160 259 192 309
patient0099_0234 0 0.7999 160 249 211 310
patient0099_0234 0 0.6512 159 255 197 310
patient0099_0235 0 0.9052 158 252 212 311
patient0099_0236 0 0.9147 157 252 212 311
patient0099_0237 0 0.9205 157 252 213 311
patient0099_0238 0 0.9197 156 252 214 312
patient0099_0239 0 0.9273 156 251 214 312
patient0099_0240 0 0.9353 155 251 214 312
patient0099_0241 0 0.9375 155 251 215 312
patient0099_0242 0 0.9295 154 251 215 313
patient0099_0243 0 0.9314 153 252 215 313
patient0099_0244 0 0.9330 152 252 216 313
patient0099_0245 0 0.9351 152 252 216 314
patient0099_0246 0 0.9346 152 252 216 314
patient0099_0247 0 0.9340 152 252 217 315
patient0099_0248 0 0.9329 151 252 217 315
patient0099_0249 0 0.9183 151 252 217 315
patient0099_0250 0 0.8884 149 251 217 315
patient0099_0251 0 0.8804 149 251 217 316
patient0099_0252 0 0.8656 150 252 218 316
patient0099_0253 0 0.8355 151 253 219 316
patient0099_0254 0 0.8778 171 256 220 317
patient0099_0255 0 0.8574 174 256 224 316
patient0099_0256 0 0.9069 177 256 227 316
patient0099_0257 0 0.9424 177 256 226 316
patient0099_0258 0 0.9366 176 256 227 316
patient0099_0259 0 0.9091 175 256 226 316
patient0099_0260 0 0.8758 174 256 226 316
patient0099_0261 0 0.8736 173 256 225 316
patient0099_0262 0 0.8712 173 258 225 316
patient0099_0263 0 0.8592 172 260 224 316
patient0099_0264 0 0.7833 171 259 224 316
patient0099_0264 0 0.5649 193 261 224 293
patient0099_0265 0 0.7599 193 260 224 292
patient0099_0265 0 0.5796 171 258 223 315
patient0099_0266 0 0.7892 193 258 223 290
patient0099_0266 0 0.4081 169 257 223 315
patient0099_0267 0 0.7752 193 257 223 288
patient0099_0267 0 0.4295 168 257 223 315
patient0099_0268 0 0.7764 193 260 221 288
patient0099_0269 0 0.7247 194 262 220 288
patient0099_0270 0 0.7342 194 263 220 288
patient0099_0271 0 0.7357 194 261 219 287
patient0099_0272 0 0.7321 195 260 218 286
patient0099_0273 0 0.7591 194 260 218 284
patient0099_0274 0 0.7743 194 260 218 284
patient0099_0275 0 0.7445 194 260 218 283
patient0099_0276 0 0.7336 195 260 218 282
patient0099_0277 0 0.6842 195 260 217 281
patient0099_0278 0 0.6374 195 261 216 280
patient0099_0279 0 0.6215 195 260 216 279
patient0099_0280 0 0.6525 199 260 215 278
patient0099_0281 0 0.6627 200 261 215 277
patient0099_0282 0 0.6667 202 262 214 276
patient0099_0283 0 0.6351 201 263 213 276
patient0099_0284 0 0.6181 200 263 211 275
patient0099_0285 0 0.5860 199 263 210 274
patient0099_0286 0 0.5306 198 263 209 274
patient0099_0287 0 0.5071 198 263 209 274
patient0099_0288 0 0.5497 198 263 208 274
patient0099_0289 0 0.5330 198 263 207 273
patient0099_0290 0 0.4194 198 264 205 272
patient0099_0291 0 0.3629 197 264 204 272
patient0099_0292 0 0.2691 197 265 204 273
patient0100_0007 0 0.2656 340 399 386 425
patient0100_0008 0 0.3493 339 400 376 426
patient0100_0037 0 0.3936 333 415 352 429
patient0100_0038 0 0.3946 333 414 354 428
patient0100_0039 0 0.3650 333 413 354 428
patient0100_0040 0 0.4520 138 277 160 314
patient0100_0040 0 0.4514 332 415 352 429
patient0100_0041 0 0.5033 332 416 350 430
patient0100_0042 0 0.4440 333 417 350 431
patient0100_0042 0 0.2579 333 418 346 430
patient0100_0200 0 0.3670 233 274 274 307
patient0100_0204 0 0.2809 214 288 222 304
patient0100_0206 0 0.2669 213 288 223 303
patient0100_0207 0 0.3467 213 288 224 304
patient0100_0208 0 0.2933 213 278 225 305
patient0100_0209 0 0.4770 210 275 219 298
patient0100_0209 0 0.2834 211 275 223 299
patient0100_0210 0 0.6867 209 273 220 300
patient0100_0211 0 0.7493 207 270 223 302
patient0100_0212 0 0.7957 207 267 229 304
patient0100_0213 0 0.8376 207 266 230 305
patient0100_0214 0 0.8030 205 251 254 306
patient0100_0214 0 0.3897 205 263 229 306
patient0100_0215 0 0.8482 205 251 255 307
patient0100_0216 0 0.8814 205 251 256 308
patient0100_0217 0 0.8935 206 252 256 308
patient0100_0218 0 0.9179 207 252 257 309
patient0100_0219 0 0.9394 207 251 257 309
patient0100_0220 0 0.9188 207 251 257 309
patient0100_0221 0 0.9060 205 250 257 309
patient0100_0222 0 0.8946 205 249 257 309
patient0100_0223 0 0.8983 205 249 257 309
patient0100_0224 0 0.8919 204 250 258 310
patient0100_0225 0 0.8805 204 250 259 310
patient0100_0226 0 0.8731 203 250 259 310
patient0100_0227 0 0.8926 202 249 259 310
patient0100_0228 0 0.8891 200 249 259 310
patient0100_0229 0 0.8851 200 249 259 310
patient0100_0230 0 0.7953 218 250 260 310
patient0100_0231 0 0.8312 220 252 260 310
patient0100_0232 0 0.8473 220 252 260 310
patient0100_0233 0 0.8496 220 253 261 310
patient0100_0234 0 0.8577 220 252 262 310
patient0100_0235 0 0.8618 221 252 264 310
patient0100_0236 0 0.8640 221 252 266 310
patient0100_0237 0 0.8723 221 252 266 310
patient0100_0238 0 0.8711 221 252 266 310
patient0100_0239 0 0.8781 221 252 267 310
patient0100_0240 0 0.8774 220 252 266 310
patient0100_0241 0 0.8813 220 252 265 310
patient0100_0242 0 0.8319 220 250 267 310
patient0100_0243 0 0.8522 219 251 267 309
patient0100_0244 0 0.8395 218 251 266 308
patient0100_0245 0 0.8302 218 251 267 308
patient0100_0246 0 0.8287 217 251 266 308
patient0100_0247 0 0.8015 216 251 265 307
patient0100_0248 0 0.7711 216 252 264 306
patient0100_0248 0 0.4094 244 251 265 270
patient0100_0249 0 0.7520 215 252 264 306
patient0100_0249 0 0.4413 244 251 265 269
patient0100_0250 0 0.7182 213 252 264 306
patient0100_0250 0 0.4073 245 251 265 267
patient0100_0251 0 0.7161 212 252 263 305
patient0100_0251 0 0.4160 245 251 264 266
patient0100_0252 0 0.7249 212 252 261 306
patient0100_0252 0 0.3889 245 251 262 266
patient0100_0253 0 0.5199 244 251 261 265
patient0100_0253 0 0.4955 211 252 261 305
patient0100_0254 0 0.6060 245 250 261 265
patient0100_0255 0 0.5563 245 250 261 264
patient0100_0256 0 0.5130 246 250 259 264
patient0100_0257 0 0.4878 247 251 257 262
patient0100_0258 0 0.4203 247 252 256 261
patient0100_0259 0 0.4641 246 251 256 261
patient0100_0260 0 0.4254 246 251 255 260
patient0100_0261 0 0.3314 246 251 255 260
patient0100_0262 0 0.2620 246 250 255 260
patient0100_0272 0 0.2842 242 250 252 268
patient0100_0324 0 0.2508 146 242 178 273
patient0100_0325 0 0.2735 146 239 178 273
patient0100_0338 0 0.3141 150 240 187 267
patient0100_0339 0 0.3510 147 238 186 267
patient0100_0340 0 0.3330 147 234 182 265
patient0100_0340 0 0.2831 148 244 170 264
