patient0051_0016 0 0.2654 106 246 128 276
patient0051_0017 0 0.3243 66 192 110 237
patient0051_0018 0 0.3954 66 191 109 235
patient0051_0019 0 0.4546 66 188 108 234
patient0051_0020 0 0.4901 65 188 108 230
patient0051_0021 0 0.5947 64 189 106 231
patient0051_0024 0 0.3170 79 218 105 237
patient0051_0030 0 0.3045 84 180 120 233
patient0051_0031 0 0.2871 87 179 112 199
patient0051_0101 0 0.2639 249 154 302 187
patient0051_0102 0 0.4209 247 155 302 189
patient0051_0103 0 0.4170 247 155 302 189
patient0051_0104 0 0.3141 247 153 303 187
patient0051_0105 0 0.3388 256 150 303 186
patient0051_0106 0 0.5309 155 165 232 263
patient0051_0107 0 0.7764 154 162 233 263
patient0051_0108 0 0.7273 152 163 234 265
patient0051_0124 0 0.3950 199 289 216 312
patient0051_0125 0 0.4117 200 292 215 312
patient0051_0126 0 0.4953 199 293 216 312
patient0051_0127 0 0.5000 199 292 216 312
patient0051_0128 0 0.3562 198 291 219 312
patient0051_0160 0 0.3549 242 277 263 295
patient0051_0163 0 0.2679 281 211 297 238
patient0051_0177 0 0.3588 235 271 273 330
patient0051_0177 0 0.2650 246 272 274 330
patient0051_0178 0 0.5075 232 271 274 331
patient0051_0179 0 0.7051 230 271 274 333
patient0051_0180 0 0.6443 230 272 273 335
patient0051_0181 0 0.4775 230 274 272 335
patient0051_0182 0 0.4102 229 287 270 335
patient0051_0183 0 0.3657 227 288 274 336
patient0051_0186 0 0.4029 226 288 275 335
patient0051_0187 0 0.5269 227 291 275 334
patient0051_0188 0 0.4650 229 292 277 333
patient0051_0189 0 0.4398 230 292 278 333
patient0051_0203 0 0.3386 222 266 236 284
patient0051_0222 0 0.6825 198 271 222 298
patient0051_0223 0 0.7970 198 270 221 299
patient0051_0224 0 0.8335 199 270 221 299
patient0051_0225 0 0.8531 198 270 222 300
patient0051_0226 0 0.8619 197 267 223 301
patient0051_0227 0 0.8737 195 266 223 301
patient0051_0228 0 0.8633 196 266 223 301
patient0051_0229 0 0.8474 196 266 224 302
patient0051_0230 0 0.8504 194 263 223 302
patient0051_0231 0 0.8552 193 262 223 302
patient0051_0232 0 0.8590 193 262 223 302
patient0051_0233 0 0.7150 192 252 233 303
patient0051_0233 0 0.6899 192 261 224 303
patient0051_0234 0 0.7246 191 250 237 304
patient0051_0234 0 0.4271 191 258 226 303
patient0051_0235 0 0.8264 190 245 242 304
patient0051_0236 0 0.8614 189 243 242 304
patient0051_0237 0 0.8836 188 244 244 305
patient0051_0238 0 0.8951 187 244 245 305
patient0051_0239 0 0.8992 188 243 246 305
patient0051_0240 0 0.9051 187 242 245 305
patient0051_0241 0 0.9078 185 241 246 306
patient0051_0242 0 0.9170 184 240 246 307
patient0051_0243 0 0.9164 183 240 247 308
patient0051_0244 0 0.9092 182 240 247 308
patient0051_0245 0 0.9092 182 240 247 308
patient0051_0246 0 0.8990 182 241 247 308
patient0051_0247 0 0.8959 179 239 248 308
patient0051_0248 0 0.8918 182 241 247 308
patient0051_0249 0 0.8926 183 241 248 309
patient0051_0250 0 0.8933 178 240 249 309
patient0051_0251 0 0.8965 178 240 249 309
patient0051_0252 0 0.8926 177 241 249 309
patient0051_0253 0 0.8796 177 242 250 309
patient0051_0254 0 0.8690 176 243 250 310
patient0051_0254 0 0.2762 198 244 250 310
patient0051_0255 0 0.8800 203 245 250 311
patient0051_0255 0 0.7778 176 244 250 311
patient0051_0256 0 0.8820 205 245 250 310
patient0051_0257 0 0.8701 208 245 250 311
patient0051_0258 0 0.8578 215 246 251 312
patient0051_0259 0 0.8376 216 246 255 313
patient0051_0260 0 0.8544 216 246 258 313
patient0051_0261 0 0.8444 216 246 259 312
patient0051_0262 0 0.8452 215 246 259 313
patient0051_0263 0 0.8789 214 246 262 313
patient0051_0264 0 0.8745 213 246 262 312
patient0051_0265 0 0.8790 212 245 262 311
patient0051_0266 0 0.8942 212 245 262 311
patient0051_0267 0 0.8868 211 246 262 311
patient0051_0268 0 0.8757 210 246 262 311
patient0051_0269 0 0.8929 210 246 260 311
patient0051_0270 0 0.8625 209 246 259 311
patient0051_0271 0 0.6495 208 244 259 311
patient0051_0271 0 0.4107 225 245 260 275
patient0051_0272 0 0.5865 225 243 258 273
patient0051_0273 0 0.6427 225 243 258 272
patient0051_0274 0 0.6677 225 243 257 272
patient0051_0275 0 0.6707 225 243 257 271
patient0051_0276 0 0.6295 224 243 257 270
patient0051_0277 0 0.6116 224 243 257 271
patient0051_0278 0 0.5960 225 243 255 268
patient0051_0279 0 0.6049 224 243 254 267
patient0051_0280 0 0.5550 226 243 254 266
patient0051_0281 0 0.6056 235 243 253 264
patient0051_0282 0 0.5698 234 243 253 264
patient0051_0283 0 0.5862 234 242 252 263
patient0051_0283 0 0.3313 227 243 253 263
patient0051_0284 0 0.6017 232 242 251 263
patient0051_0285 0 0.6016 231 243 250 262
patient0051_0286 0 0.5733 231 244 248 261
patient0051_0287 0 0.5730 231 245 246 260
patient0051_0288 0 0.5762 232 245 245 260
patient0051_0289 0 0.5872 232 246 244 260
patient0051_0290 0 0.5464 232 247 243 259
patient0051_0291 0 0.5458 232 247 242 258
patient0051_0292 0 0.5636 230 246 241 258
patient0051_0293 0 0.5989 229 247 240 258
patient0051_0294 0 0.6059 229 248 239 257
patient0051_0295 0 0.6145 229 248 238 258
patient0051_0296 0 0.6434 228 248 237 258
patient0051_0297 0 0.6123 226 248 235 258
patient0051_0298 0 0.6026 226 248 235 258
patient0051_0299 0 0.5394 226 249 235 258
patient0051_0300 0 0.4182 225 249 235 259
patient0051_0301 0 0.3614 223 250 233 258
patient0051_0302 0 0.4716 221 249 232 259
patient0051_0303 0 0.4262 221 249 233 261
patient0051_0303 0 0.3040 210 250 233 306
patient0051_0304 0 0.2938 221 249 232 261
patient0052_0007 0 0.3123 243 139 267 169
patient0052_0022 0 0.3054 267 141 287 170
patient0052_0023 0 0.3563 268 141 289 171
patient0052_0075 0 0.2542 235 194 273 235
patient0052_0149 0 0.7091 250 246 264 270
patient0052_0150 0 0.7882 248 243 265 271
patient0052_0151 0 0.8340 249 242 266 273
patient0052_0152 0 0.8700 248 240 268 274
patient0052_0153 0 0.8626 248 239 269 277
patient0052_0154 0 0.8961 247 237 270 278
patient0052_0155 0 0.9065 246 235 271 279
patient0052_0156 0 0.8932 245 234 272 280
patient0052_0157 0 0.8840 244 231 274 281
patient0052_0158 0 0.8839 244 228 275 281
patient0052_0159 0 0.8380 244 222 282 282
patient0052_0160 0 0.9041 244 223 290 283
patient0052_0161 0 0.9226 243 222 291 283
patient0052_0162 0 0.9421 242 221 293 283
patient0052_0163 0 0.9312 241 220 294 284
patient0052_0164 0 0.9382 241 220 294 283
patient0052_0165 0 0.9415 240 221 295 283
patient0052_0166 0 0.9354 238 221 296 284
patient0052_0167 0 0.9209 237 221 297 283
patient0052_0168 0 0.9222 237 221 297 283
patient0052_0169 0 0.9107 236 221 297 283
patient0052_0170 0 0.8956 236 221 297 283
patient0052_0171 0 0.7184 243 234 297 284
patient0052_0172 0 0.8299 255 233 296 284
patient0052_0173 0 0.7988 254 232 297 284
patient0052_0174 0 0.8598 256 232 297 284
patient0052_0175 0 0.8737 256 231 300 284
patient0052_0176 0 0.8831 256 230 302 284
patient0052_0177 0 0.8885 256 228 304 284
patient0052_0178 0 0.9040 256 228 301 284
patient0052_0179 0 0.9077 256 227 301 283
patient0052_0180 0 0.8833 257 227 301 282
patient0052_0181 0 0.8523 257 227 301 280
patient0052_0182 0 0.8548 256 227 300 280
patient0052_0182 0 0.2953 277 228 300 258
patient0052_0183 0 0.8213 254 227 300 280
patient0052_0183 0 0.4709 278 228 299 257
patient0052_0184 0 0.7757 253 226 300 280
patient0052_0184 0 0.6219 278 228 299 256
patient0052_0185 0 0.6950 277 227 299 255
patient0052_0185 0 0.5923 251 226 301 280
patient0052_0186 0 0.6813 250 226 300 279
patient0052_0186 0 0.6360 277 228 300 254
patient0052_0187 0 0.7379 250 226 301 279
patient0052_0187 0 0.5801 277 228 299 252
patient0052_0188 0 0.6484 277 228 300 250
patient0052_0188 0 0.5861 250 225 301 278
patient0052_0189 0 0.6900 277 229 299 249
patient0052_0190 0 0.7404 278 230 298 248
patient0052_0191 0 0.7610 279 229 297 246
patient0052_0192 0 0.7500 279 229 296 245
patient0052_0193 0 0.7316 279 229 295 244
patient0052_0194 0 0.7231 281 229 294 243
patient0052_0195 0 0.6425 283 231 293 242
patient0052_0196 0 0.5439 283 229 293 242
patient0052_0196 0 0.3674 269 210 284 219
patient0052_0197 0 0.5207 283 229 292 241
patient0052_0197 0 0.2677 267 210 283 219
patient0052_0198 0 0.4957 282 229 292 241
patient0052_0199 0 0.4502 282 230 292 241
patient0052_0200 0 0.4453 281 229 291 240
patient0052_0200 0 0.3398 268 211 280 221
patient0052_0201 0 0.4222 281 229 290 239
patient0052_0202 0 0.2578 280 229 288 239
patient0053_0013 0 0.2845 164 287 192 304
patient0053_0014 0 0.3339 168 287 194 303
patient0053_0015 0 0.2528 174 288 195 302
patient0053_0045 0 0.3523 44 193 73 219
patient0053_0046 0 0.2651 44 193 74 221
patient0053_0066 0 0.4725 182 345 213 371
patient0053_0067 0 0.4157 182 346 212 371
patient0053_0068 0 0.6504 185 346 213 371
patient0053_0069 0 0.6437 185 345 214 372
patient0053_0070 0 0.6112 191 346 216 373
patient0053_0071 0 0.4450 192 346 215 373
patient0053_0080 0 0.3323 215 325 237 359
patient0053_0081 0 0.2972 213 322 237 359
patient0053_0083 0 0.3699 214 320 241 364
patient0053_0084 0 0.6166 214 319 242 366
patient0053_0085 0 0.7693 213 319 241 369
patient0053_0086 0 0.6248 212 317 249 369
patient0053_0087 0 0.6537 212 315 248 371
patient0053_0088 0 0.5293 213 315 250 371
patient0053_0089 0 0.7190 214 305 257 373
patient0053_0090 0 0.7882 214 308 257 373
patient0053_0091 0 0.6473 213 309 259 373
patient0053_0092 0 0.5710 212 306 265 374
patient0053_0093 0 0.4759 211 305 264 375
patient0053_0095 0 0.3161 209 305 264 375
patient0053_0096 0 0.6178 209 305 265 375
patient0053_0105 0 0.2532 195 268 220 303
patient0053_0106 0 0.5431 195 270 211 297
patient0053_0107 0 0.6822 195 268 211 300
patient0053_0108 0 0.7174 195 266 213 302
patient0053_0109 0 0.6863 194 263 216 303
patient0053_0110 0 0.7196 194 260 218 304
patient0053_0111 0 0.6977 194 259 218 305
patient0053_0112 0 0.6888 194 257 216 306
patient0053_0113 0 0.7023 194 256 214 306
patient0053_0114 0 0.7515 195 255 215 306
patient0053_0115 0 0.7769 195 254 215 307
patient0053_0116 0 0.7873 195 253 215 307
patient0053_0117 0 0.7742 194 252 216 307
patient0053_0118 0 0.7971 194 252 217 307
patient0053_0119 0 0.7970 194 251 217 307
patient0053_0120 0 0.8324 192 241 226 307
patient0053_0121 0 0.8505 191 241 226 308
patient0053_0122 0 0.8514 190 241 228 309
patient0053_0123 0 0.8723 190 240 230 309
patient0053_0124 0 0.8563 188 237 232 309
patient0053_0125 0 0.8626 186 236 234 309
patient0053_0126 0 0.8869 186 235 237 309
patient0053_0127 0 0.9084 186 235 239 309
patient0053_0128 0 0.9281 186 235 242 309
patient0053_0129 0 0.9222 186 236 244 309
patient0053_0130 0 0.9275 185 236 245 309
patient0053_0131 0 0.9226 186 235 245 309
patient0053_0132 0 0.9000 185 235 246 309
patient0053_0133 0 0.8631 184 234 246 309
patient0053_0134 0 0.7763 187 234 247 309
patient0053_0134 0 0.7290 190 262 248 308
patient0053_0135 0 0.7823 191 263 249 308
patient0053_0135 0 0.7478 187 235 248 308
patient0053_0136 0 0.8380 192 264 250 307
patient0053_0137 0 0.8486 192 264 250 307
patient0053_0138 0 0.8810 191 264 248 307
patient0053_0139 0 0.8828 191 264 248 307
patient0053_0140 0 0.8643 190 265 248 306
patient0053_0141 0 0.8742 190 265 248 306
patient0053_0142 0 0.8767 189 265 247 306
patient0053_0143 0 0.7959 189 268 247 307
patient0053_0144 0 0.7839 188 267 247 305
patient0053_0145 0 0.7786 187 267 246 305
patient0053_0146 0 0.6761 187 266 246 306
patient0053_0148 0 0.7348 186 264 246 306
patient0053_0149 0 0.7565 185 264 246 308
patient0053_0150 0 0.7514 214 264 245 310
patient0053_0151 0 0.7985 213 265 244 309
patient0053_0153 0 0.3935 217 263 245 309
patient0053_0154 0 0.8280 214 261 245 309
patient0053_0155 0 0.7894 215 261 245 310
patient0053_0156 0 0.8177 214 261 245 308
patient0053_0157 0 0.8180 214 262 245 304
patient0053_0158 0 0.8274 214 262 244 303
patient0053_0159 0 0.8029 214 261 243 302
patient0053_0160 0 0.7925 215 261 242 300
patient0053_0161 0 0.7998 215 261 241 296
patient0053_0162 0 0.8347 214 261 240 293
patient0053_0163 0 0.8301 213 261 240 292
patient0053_0164 0 0.7350 214 261 240 286
patient0053_0165 0 0.6464 214 261 238 281
patient0053_0166 0 0.6307 214 262 238 280
patient0053_0167 0 0.6220 215 260 236 278
patient0053_0168 0 0.6229 215 259 236 276
patient0053_0169 0 0.6493 215 258 235 274
patient0053_0170 0 0.6301 216 258 234 273
patient0053_0171 0 0.6607 215 257 234 272
patient0053_0172 0 0.6665 216 256 232 271
patient0053_0173 0 0.6276 216 256 231 270
patient0053_0174 0 0.5884 216 255 230 270
patient0053_0175 0 0.6141 215 255 229 269
patient0053_0176 0 0.5991 213 255 228 269
patient0053_0177 0 0.5649 213 254 227 269
patient0053_0178 0 0.5688 213 253 226 271
patient0053_0179 0 0.5279 213 253 225 271
patient0053_0180 0 0.3006 211 254 223 269
patient0054_0079 0 0.2872 103 264 204 353
patient0054_0196 0 0.3098 210 280 223 303
patient0054_0197 0 0.5754 207 278 222 304
patient0054_0198 0 0.7436 207 278 223 306
patient0054_0199 0 0.7924 207 277 224 307
patient0054_0200 0 0.7860 206 275 225 308
patient0054_0201 0 0.7979 206 274 227 309
patient0054_0202 0 0.8025 206 273 227 309
patient0054_0203 0 0.7879 205 272 229 310
patient0054_0204 0 0.7352 205 271 230 311
patient0054_0204 0 0.6699 205 268 238 311
patient0054_0205 0 0.7954 203 266 235 312
patient0054_0205 0 0.5012 204 261 247 313
patient0054_0206 0 0.8694 203 260 248 312
patient0054_0207 0 0.8701 202 260 248 313
patient0054_0208 0 0.8277 202 260 250 314
patient0054_0209 0 0.9280 202 260 252 315
patient0054_0210 0 0.9483 202 260 253 315
patient0054_0211 0 0.9515 201 258 254 315
patient0054_0212 0 0.9594 200 258 254 315
patient0054_0213 0 0.9615 200 257 254 315
patient0054_0214 0 0.9518 199 257 254 315
patient0054_0215 0 0.9511 198 257 255 315
patient0054_0216 0 0.9451 197 256 255 315
patient0054_0217 0 0.9266 198 256 257 315
patient0054_0218 0 0.9182 197 256 258 316
patient0054_0219 0 0.9119 197 256 258 316
patient0054_0220 0 0.9101 197 256 257 316
patient0054_0221 0 0.9096 198 256 257 316
patient0054_0222 0 0.9104 198 258 258 315
patient0054_0223 0 0.9064 197 258 258 315
patient0054_0224 0 0.9006 197 256 259 316
patient0054_0225 0 0.8667 197 258 259 316
patient0054_0226 0 0.8563 212 264 259 315
patient0054_0227 0 0.8642 216 264 259 315
patient0054_0228 0 0.8447 216 264 259 315
patient0054_0229 0 0.8413 216 265 259 315
patient0054_0230 0 0.8858 219 265 258 315
patient0054_0231 0 0.8921 222 264 258 316
patient0054_0232 0 0.8968 222 265 258 315
patient0054_0233 0 0.8920 223 265 259 315
patient0054_0234 0 0.8965 222 266 261 315
patient0054_0235 0 0.9077 222 266 263 315
patient0054_0236 0 0.9044 221 266 264 315
patient0054_0237 0 0.8943 221 266 264 315
patient0054_0238 0 0.9066 220 265 264 315
patient0054_0239 0 0.9154 220 264 265 315
patient0054_0240 0 0.9185 220 264 264 315
patient0054_0241 0 0.9271 219 264 264 315
patient0054_0242 0 0.9248 219 264 263 315
patient0054_0243 0 0.9101 218 263 263 315
patient0054_0244 0 0.8953 217 265 262 314
patient0054_0245 0 0.8998 217 264 262 314
patient0054_0246 0 0.8713 217 262 261 314
patient0054_0247 0 0.5291 216 262 262 313
patient0054_0247 0 0.5164 236 264 262 286
patient0054_0248 0 0.5776 238 264 261 284
patient0054_0249 0 0.5618 240 262 260 281
patient0054_0249 0 0.3204 216 262 261 313
patient0054_0250 0 0.5871 240 262 259 280
patient0054_0250 0 0.2765 216 261 261 313
patient0054_0251 0 0.6303 241 262 259 279
patient0054_0252 0 0.6636 242 262 259 279
patient0054_0253 0 0.6649 243 262 259 278
patient0054_0254 0 0.6673 243 263 258 277
patient0054_0255 0 0.6768 242 263 257 276
patient0054_0256 0 0.6816 241 263 256 276
patient0054_0257 0 0.6747 242 263 256 275
patient0054_0258 0 0.6709 240 263 255 274
patient0054_0259 0 0.6944 240 262 254 274
patient0054_0260 0 0.6687 241 262 254 274
patient0054_0261 0 0.6352 241 262 253 273
patient0054_0262 0 0.6030 242 262 251 273
patient0054_0263 0 0.6317 240 262 250 272
patient0054_0264 0 0.6118 240 262 249 272
patient0054_0265 0 0.5752 239 261 248 271
patient0054_0266 0 0.4797 239 260 248 271
patient0054_0267 0 0.3193 239 261 247 272
patient0055_0014 0 0.3656 353 374 386 401
patient0055_0014 0 0.2779 202 318 256 394
patient0055_0030 0 0.3145 287 388 333 417
patient0055_0031 0 0.4635 288 387 331 416
patient0055_0032 0 0.3419 290 388 328 416
patient0055_0036 0 0.3025 359 389 385 414
patient0055_0037 0 0.3306 359 389 382 413
patient0055_0038 0 0.2587 358 389 383 412
patient0055_0073 0 0.2712 180 329 206 362
patient0055_0094 0 0.4566 246 232 267 251
patient0055_0095 0 0.4259 244 233 266 255
patient0055_0096 0 0.2922 240 237 262 255
patient0055_0104 0 0.3735 156 256 206 353
patient0055_0185 0 0.6094 189 256 204 274
patient0055_0186 0 0.7334 189 256 205 275
patient0055_0187 0 0.7452 188 254 205 277
patient0055_0188 0 0.7893 187 252 207 278
patient0055_0189 0 0.7178 186 252 207 277
patient0055_0190 0 0.6206 185 249 210 279
patient0055_0191 0 0.6801 183 248 211 279
patient0055_0192 0 0.4408 183 247 211 279
patient0055_0193 0 0.6235 183 236 214 279
patient0055_0194 0 0.7700 183 237 223 279
patient0055_0195 0 0.7808 182 237 224 279
patient0055_0196 0 0.7914 180 236 223 279
patient0055_0197 0 0.7732 179 235 223 279
patient0055_0198 0 0.8538 178 233 224 280
patient0055_0199 0 0.8745 178 232 226 280
patient0055_0200 0 0.8726 178 233 226 280
patient0055_0201 0 0.8849 177 233 226 280
patient0055_0202 0 0.7886 175 233 226 280
patient0055_0203 0 0.8564 174 234 225 280
patient0055_0204 0 0.8810 174 234 226 280
patient0055_0205 0 0.8556 175 233 227 280
patient0055_0206 0 0.8538 196 233 227 279
patient0055_0207 0 0.8501 196 232 226 280
patient0055_0208 0 0.8443 199 233 226 280
patient0055_0209 0 0.8268 201 233 227 280
patient0055_0210 0 0.7616 202 232 227 280
patient0055_0211 0 0.7179 202 232 227 280
patient0055_0212 0 0.7326 200 232 226 281
patient0055_0213 0 0.8292 202 233 226 281
patient0055_0214 0 0.8508 202 232 227 281
patient0055_0215 0 0.8419 201 231 227 281
patient0055_0216 0 0.8185 201 231 230 281
patient0055_0217 0 0.8106 200 230 229 281
patient0055_0218 0 0.8333 199 230 230 281
patient0055_0219 0 0.7530 199 229 231 280
patient0055_0220 0 0.7755 198 230 229 280
patient0055_0221 0 0.6800 197 229 230 281
patient0055_0221 0 0.4636 213 229 231 245
patient0055_0222 0 0.7172 196 229 229 281
patient0055_0222 0 0.4570 212 229 230 244
patient0055_0223 0 0.5890 196 229 229 281
patient0055_0223 0 0.4470 214 229 230 243
patient0055_0224 0 0.4889 213 229 228 240
patient0055_0224 0 0.4405 195 230 226 281
patient0055_0225 0 0.5164 212 229 227 240
patient0055_0225 0 0.4672 194 230 225 281
patient0055_0226 0 0.5349 212 229 226 239
patient0055_0227 0 0.5303 211 229 226 239
patient0055_0228 0 0.5271 211 229 224 239
patient0055_0229 0 0.4883 211 229 222 237
patient0055_0230 0 0.4673 211 229 221 237
patient0055_0231 0 0.4793 210 229 220 237
patient0055_0232 0 0.5217 208 229 220 237
patient0055_0233 0 0.4729 207 229 218 237
patient0055_0234 0 0.2812 207 229 218 237
patient0055_0246 0 0.2671 205 241 219 267
patient0056_0012 0 0.3138 138 29 173 52
patient0056_0013 0 0.4421 135 30 168 51
patient0056_0013 0 0.2588 137 31 185 52
patient0056_0014 0 0.3384 135 31 169 51
patient0056_0044 0 0.3308 324 164 363 204
patient0056_0049 0 0.3266 342 156 361 173
patient0056_0054 0 0.4030 237 257 267 278
patient0056_0055 0 0.4094 233 258 264 280
patient0056_0056 0 0.5097 228 260 262 284
patient0056_0057 0 0.4734 220 247 249 281
patient0056_0058 0 0.3200 210 251 241 292
patient0056_0059 0 0.5426 209 256 238 291
patient0056_0060 0 0.5887 205 258 237 292
patient0056_0060 0 0.3980 205 270 242 312
patient0056_0061 0 0.4778 206 261 234 295
patient0056_0062 0 0.4390 205 263 231 297
patient0056_0065 0 0.4564 199 263 232 294
patient0056_0066 0 0.3069 197 263 231 295
patient0056_0070 0 0.2815 181 283 210 305
patient0056_0072 0 0.3202 178 284 209 305
patient0056_0073 0 0.4997 178 287 204 305
patient0056_0079 0 0.5589 307 213 333 258
patient0056_0101 0 0.2952 196 295 245 347
patient0056_0102 0 0.4423 200 294 246 349
patient0056_0107 0 0.2619 192 290 232 313
patient0056_0114 0 0.2542 193 276 216 299
patient0056_0134 0 0.2959 192 257 204 272
patient0056_0135 0 0.3824 190 257 204 270
patient0056_0139 0 0.3258 177 265 189 287
patient0056_0140 0 0.5708 174 262 190 295
patient0056_0141 0 0.5926 174 262 190 290
patient0056_0142 0 0.7202 174 260 193 293
patient0056_0143 0 0.8045 174 258 195 295
patient0056_0144 0 0.8296 174 256 195 296
patient0056_0145 0 0.8119 174 254 196 296
patient0056_0146 0 0.8131 173 253 197 297
patient0056_0147 0 0.8321 173 250 197 299
patient0056_0148 0 0.6691 173 248 217 299
patient0056_0148 0 0.5732 173 249 198 299
patient0056_0149 0 0.9067 174 246 227 300
patient0056_0150 0 0.9212 174 246 229 301
patient0056_0151 0 0.9257 173 242 230 302
patient0056_0152 0 0.9507 172 241 231 302
patient0056_0153 0 0.9086 169 241 231 302
patient0056_0154 0 0.9006 170 242 231 302
patient0056_0155 0 0.9059 169 240 232 303
patient0056_0156 0 0.9112 169 240 232 303
patient0056_0157 0 0.9079 169 238 234 303
patient0056_0158 0 0.9103 169 238 234 303
patient0056_0159 0 0.9032 168 239 234 303
patient0056_0160 0 0.8987 167 239 233 304
patient0056_0161 0 0.8978 166 237 233 304
patient0056_0162 0 0.8879 168 242 233 304
patient0056_0163 0 0.8471 183 253 233 304
patient0056_0164 0 0.8605 181 253 233 305
patient0056_0165 0 0.7994 179 254 233 304
patient0056_0166 0 0.8410 178 254 233 304
patient0056_0167 0 0.7824 177 253 234 304
patient0056_0168 0 0.7070 177 253 234 305
patient0056_0169 0 0.7752 206 253 237 297
patient0056_0170 0 0.7919 206 253 237 294
patient0056_0171 0 0.7690 206 252 236 289
patient0056_0171 0 0.2808 174 251 237 304
patient0056_0172 0 0.8092 206 252 235 284
patient0056_0173 0 0.8686 207 252 235 282
patient0056_0174 0 0.8097 207 253 235 282
patient0056_0174 0 0.4090 173 249 236 304
patient0056_0175 0 0.8308 207 253 235 281
patient0056_0176 0 0.8286 207 253 234 276
patient0056_0177 0 0.7425 209 253 234 272
patient0056_0178 0 0.6349 209 252 234 270
patient0056_0179 0 0.6517 210 252 233 269
patient0056_0180 0 0.6511 209 252 233 269
patient0056_0181 0 0.6450 210 251 232 268
patient0056_0182 0 0.6319 212 250 231 267
patient0056_0183 0 0.6434 212 251 229 265
patient0056_0184 0 0.6393 215 251 228 264
patient0056_0185 0 0.5882 215 251 227 264
patient0056_0186 0 0.5664 215 251 225 262
patient0056_0187 0 0.5595 214 251 223 260
patient0056_0188 0 0.5069 213 251 223 260
patient0056_0189 0 0.4464 213 251 222 260
patient0056_0190 0 0.2799 212 250 221 259
patient0056_0214 0 0.2514 222 314 242 342
patient0056_0215 0 0.2812 223 313 241 341
patient0056_0216 0 0.2530 223 312 243 342
patient0056_0217 0 0.2818 223 311 244 341
patient0057_0007 0 0.2955 114 202 131 236
patient0057_0016 0 0.4700 188 255 211 274
patient0057_0017 0 0.4244 188 254 211 274
patient0057_0067 0 0.2764 96 59 128 88
patient0057_0160 0 0.2765 251 250 269 283
patient0057_0198 0 0.2825 191 267 199 281
patient0057_0199 0 0.3578 191 267 200 281
patient0057_0200 0 0.4655 190 267 203 283
patient0057_0201 0 0.5328 186 267 204 283
patient0057_0202 0 0.6422 185 267 204 283
patient0057_0203 0 0.6492 185 267 204 283
patient0057_0204 0 0.6251 185 267 204 284
patient0057_0205 0 0.6232 184 267 204 284
patient0057_0206 0 0.6092 184 267 204 284
patient0057_0207 0 0.5388 184 267 203 284
patient0057_0208 0 0.4866 185 268 204 285
patient0057_0209 0 0.3308 185 269 206 286
patient0057_0210 0 0.2911 184 268 208 288
patient0057_0224 0 0.4966 174 259 193 286
patient0057_0225 0 0.7423 172 260 193 287
patient0057_0226 0 0.7633 171 259 193 288
patient0057_0227 0 0.7682 170 259 193 289
patient0057_0228 0 0.8223 169 257 193 290
patient0057_0229 0 0.8371 168 257 195 291
patient0057_0230 0 0.8434 167 257 195 291
patient0057_0231 0 0.8481 167 257 195 292
patient0057_0232 0 0.8518 166 255 196 292
patient0057_0233 0 0.8543 165 254 195 293
patient0057_0234 0 0.8408 164 243 205 295
patient0057_0235 0 0.8838 164 242 208 294
patient0057_0236 0 0.8951 163 242 208 294
patient0057_0237 0 0.9182 162 243 209 294
patient0057_0238 0 0.9341 161 244 210 294
patient0057_0239 0 0.9128 160 244 210 295
patient0057_0240 0 0.8069 159 245 203 295
patient0057_0241 0 0.8536 157 243 211 296
patient0057_0242 0 0.8780 157 243 213 296
patient0057_0243 0 0.8827 156 241 212 297
patient0057_0244 0 0.8874 156 237 211 296
patient0057_0245 0 0.8945 156 236 213 296
patient0057_0246 0 0.9013 155 240 214 297
patient0057_0247 0 0.9044 155 239 214 297
patient0057_0248 0 0.8971 154 236 213 298
patient0057_0249 0 0.8871 153 236 213 298
patient0057_0250 0 0.8902 153 237 214 298
patient0057_0251 0 0.8862 152 239 215 298
patient0057_0252 0 0.8804 151 241 218 298
patient0057_0253 0 0.8618 153 241 220 298
patient0057_0254 0 0.7631 188 241 228 299
patient0057_0254 0 0.2637 157 241 216 298
patient0057_0255 0 0.8383 187 241 227 299
patient0057_0256 0 0.8660 187 239 227 299
patient0057_0257 0 0.8598 185 240 226 299
patient0057_0258 0 0.8774 185 239 226 299
patient0057_0259 0 0.8805 185 239 226 300
patient0057_0260 0 0.8596 184 239 226 300
patient0057_0261 0 0.8594 184 239 224 300
patient0057_0262 0 0.8798 187 240 224 299
patient0057_0263 0 0.8798 187 240 223 298
patient0057_0264 0 0.8880 187 239 223 298
patient0057_0265 0 0.8753 185 239 224 299
patient0057_0266 0 0.8529 184 239 223 300
patient0057_0267 0 0.7727 183 238 224 299
patient0057_0268 0 0.5604 209 244 224 259
patient0057_0268 0 0.5194 208 236 224 259
patient0057_0268 0 0.3995 184 236 224 299
patient0057_0269 0 0.5903 209 246 224 259
patient0057_0269 0 0.5557 208 236 224 259
patient0057_0270 0 0.5906 208 238 224 259
patient0057_0271 0 0.6071 208 235 223 258
patient0057_0272 0 0.6369 207 236 223 258
patient0057_0273 0 0.6284 205 236 222 257
patient0057_0273 0 0.5078 183 239 222 299
patient0057_0274 0 0.6257 206 237 222 257
patient0057_0275 0 0.6128 206 238 221 256
patient0057_0276 0 0.6136 204 238 220 255
patient0057_0277 0 0.5834 205 238 219 255
patient0057_0278 0 0.5860 206 239 217 254
patient0057_0279 0 0.5445 205 239 217 253
patient0057_0280 0 0.5346 205 239 216 252
patient0057_0281 0 0.5542 205 240 215 251
patient0057_0282 0 0.5621 204 241 213 250
patient0057_0283 0 0.5367 203 241 212 250
patient0057_0284 0 0.5677 202 241 211 250
patient0057_0285 0 0.5413 201 241 210 250
patient0057_0286 0 0.5602 201 241 210 251
patient0057_0287 0 0.5529 201 241 209 251
patient0057_0288 0 0.5065 201 242 209 251
patient0057_0289 0 0.3248 201 242 209 251
patient0058_0001 0 0.3126 189 466 254 512
patient0058_0003 0 0.4538 267 363 296 396
patient0058_0003 0 0.3923 194 412 229 455
patient0058_0010 0 0.2943 195 418 236 456
patient0058_0014 0 0.2988 218 283 249 324
patient0058_0016 0 0.6149 357 431 394 470
patient0058_0017 0 0.5713 358 432 397 472
patient0058_0018 0 0.2831 357 423 400 479
patient0058_0020 0 0.3252 279 232 298 262
patient0058_0021 0 0.3810 279 232 299 265
patient0058_0029 0 0.4647 107 259 147 295
patient0058_0043 0 0.3467 176 409 265 511
patient0058_0044 0 0.2580 175 411 265 511
patient0058_0045 0 0.2570 174 411 266 511
patient0058_0046 0 0.5212 175 408 267 512
patient0058_0047 0 0.6586 176 407 268 512
patient0058_0048 0 0.4270 182 408 268 512
patient0058_0049 0 0.3187 184 407 266 512
patient0058_0058 0 0.3434 471 399 511 460
patient0058_0059 0 0.2837 472 403 511 458
patient0058_0068 0 0.2520 230 213 272 241
patient0058_0069 0 0.3800 237 209 276 240
patient0058_0069 0 0.2509 231 210 278 245
patient0058_0070 0 0.4262 242 214 279 242
patient0058_0071 0 0.2881 220 217 263 249
patient0058_0072 0 0.2990 218 220 261 250
patient0058_0101 0 0.5772 176 278 204 304
patient0058_0102 0 0.5876 176 275 206 308
patient0058_0103 0 0.5271 181 281 210 311
patient0058_0104 0 0.3054 182 280 216 304
patient0058_0105 0 0.5128 180 278 216 308
patient0058_0139 0 0.7532 223 292 276 349
patient0058_0140 0 0.8353 223 293 274 351
patient0058_0141 0 0.8032 222 290 273 352
patient0058_0142 0 0.7829 221 290 282 353
patient0058_0143 0 0.7291 221 287 288 353
patient0058_0144 0 0.6856 220 286 287 353
patient0058_0145 0 0.2663 221 291 289 353
patient0058_0156 0 0.2854 227 249 239 260
patient0058_0157 0 0.2671 214 275 232 293
patient0058_0173 0 0.5081 209 255 220 278
patient0058_0174 0 0.7229 208 249 222 279
patient0058_0175 0 0.7221 207 248 224 280
patient0058_0175 0 0.5467 207 226 253 282
patient0058_0176 0 0.8614 206 225 254 282
patient0058_0177 0 0.8163 205 225 258 284
patient0058_0178 0 0.8248 205 225 259 284
patient0058_0179 0 0.8902 203 225 261 285
patient0058_0180 0 0.9017 203 225 262 286
patient0058_0181 0 0.9158 201 226 263 288
patient0058_0182 0 0.9315 203 227 264 289
patient0058_0183 0 0.9167 204 227 265 289
patient0058_0184 0 0.8277 203 231 266 290
patient0058_0185 0 0.8862 200 227 268 290
patient0058_0186 0 0.8992 200 226 268 290
patient0058_0187 0 0.8948 199 226 268 290
patient0058_0188 0 0.9001 199 226 269 291
patient0058_0189 0 0.9061 198 226 269 292
patient0058_0190 0 0.9072 196 225 269 293
patient0058_0191 0 0.8944 194 226 269 293
patient0058_0192 0 0.8981 193 225 269 293
patient0058_0192 0 0.3145 223 227 269 293
patient0058_0193 0 0.8656 223 227 270 294
patient0058_0193 0 0.7827 197 225 270 294
patient0058_0194 0 0.8963 224 227 273 293
patient0058_0194 0 0.7848 195 225 273 293
patient0058_0195 0 0.8695 193 226 271 293
patient0058_0195 0 0.7888 223 227 275 294
patient0058_0196 0 0.8955 222 226 273 294
patient0058_0196 0 0.7659 198 226 274 293
patient0058_0197 0 0.8956 224 227 278 294
patient0058_0198 0 0.8684 223 227 276 294
patient0058_0199 0 0.8188 233 226 276 293
patient0058_0200 0 0.7082 232 226 276 294
patient0058_0200 0 0.2650 242 227 277 261
patient0058_0201 0 0.6973 219 226 275 294
patient0058_0201 0 0.4478 241 226 276 259
patient0058_0202 0 0.8028 219 224 275 294
patient0058_0202 0 0.3071 242 225 276 255
patient0058_0203 0 0.7748 218 224 274 293
patient0058_0203 0 0.4376 243 226 275 253
patient0058_0204 0 0.8625 218 225 273 293
patient0058_0205 0 0.7909 218 225 273 293
patient0058_0205 0 0.3622 243 226 274 251
patient0058_0206 0 0.6018 217 224 273 293
patient0058_0206 0 0.4724 250 225 273 247
patient0058_0206 0 0.3861 244 224 273 248
patient0058_0207 0 0.6749 217 225 271 292
patient0058_0207 0 0.4813 245 225 272 246
patient0058_0208 0 0.5496 218 224 268 291
patient0058_0208 0 0.5041 243 224 271 245
patient0058_0209 0 0.4833 243 225 269 244
patient0058_0209 0 0.4353 218 226 266 291
patient0058_0210 0 0.4490 246 226 266 240
patient0058_0211 0 0.4861 244 226 262 239
patient0058_0212 0 0.5432 246 228 261 238
patient0058_0212 0 0.2582 246 223 262 239
patient0058_0213 0 0.5383 246 228 260 237
patient0058_0214 0 0.6181 242 228 260 238
patient0058_0215 0 0.6603 243 227 259 237
patient0058_0216 0 0.6349 244 227 258 237
patient0058_0217 0 0.6124 246 227 258 236
patient0058_0218 0 0.5373 247 225 258 236
patient0058_0219 0 0.5264 244 224 258 237
patient0058_0220 0 0.4896 244 224 258 238
patient0058_0221 0 0.4014 243 225 257 238
patient0058_0223 0 0.2861 239 222 254 237
patient0058_0224 0 0.3233 240 225 254 238
patient0059_0008 0 0.3813 143 229 165 254
patient0059_0009 0 0.3712 144 230 169 253
patient0059_0009 0 0.2737 171 58 203 84
patient0059_0010 0 0.5424 87 40 117 72
patient0059_0010 0 0.5207 144 231 172 253
patient0059_0011 0 0.6575 85 40 117 74
patient0059_0011 0 0.4408 147 230 175 252
patient0059_0012 0 0.3107 86 38 119 73
patient0059_0012 0 0.2759 149 231 199 280
patient0059_0015 0 0.4929 83 38 113 77
patient0059_0016 0 0.6700 82 38 113 78
patient0059_0016 0 0.3871 159 237 198 277
patient0059_0016 0 0.3319 339 84 373 119
patient0059_0016 0 0.2516 159 238 186 255
patient0059_0017 0 0.7274 82 38 114 76
patient0059_0017 0 0.3827 207 67 249 95
patient0059_0017 0 0.3740 83 38 114 66
patient0059_0017 0 0.2964 162 238 197 277
patient0059_0018 0 0.5971 79 38 113 77
patient0059_0018 0 0.3927 205 270 223 287
patient0059_0020 0 0.5710 311 78 352 116
patient0059_0021 0 0.3877 164 240 196 280
patient0059_0022 0 0.6581 169 244 202 278
patient0059_0023 0 0.4082 95 67 144 96
patient0059_0023 0 0.3879 169 244 207 277
patient0059_0024 0 0.2786 164 244 207 276
patient0059_0030 0 0.3503 110 74 162 102
patient0059_0030 0 0.2623 181 71 201 96
patient0059_0031 0 0.5998 114 75 160 105
patient0059_0031 0 0.4214 182 72 203 97
patient0059_0032 0 0.5560 113 76 159 103
patient0059_0033 0 0.3144 182 76 205 100
patient0059_0035 0 0.2756 123 75 158 108
patient0059_0036 0 0.3634 122 78 159 107
patient0059_0038 0 0.2885 296 83 317 122
patient0059_0040 0 0.2593 164 69 201 98
patient0059_0041 0 0.2896 153 76 202 105
patient0059_0044 0 0.3066 158 80 197 101
patient0059_0052 0 0.4918 125 70 155 98
patient0059_0055 0 0.5769 132 70 179 104
patient0059_0056 0 0.4924 131 70 160 100
patient0059_0112 0 0.2639 277 259 325 328
patient0059_0113 0 0.7526 278 265 324 328
patient0059_0114 0 0.5817 278 265 325 328
patient0059_0115 0 0.3618 276 265 329 328
patient0059_0123 0 0.5442 242 303 288 349
patient0059_0124 0 0.3030 243 307 293 349
patient0059_0133 0 0.4063 232 296 247 314
patient0059_0134 0 0.5375 230 297 245 314
patient0059_0141 0 0.6835 215 290 231 314
patient0059_0142 0 0.7818 216 288 234 316
patient0059_0143 0 0.8732 212 283 237 319
patient0059_0144 0 0.8629 212 281 238 320
patient0059_0145 0 0.8276 209 278 237 320
patient0059_0146 0 0.8262 205 262 238 320
patient0059_0147 0 0.8287 203 260 241 320
patient0059_0148 0 0.8226 200 260 243 321
patient0059_0149 0 0.8138 196 261 246 322
patient0059_0150 0 0.8654 194 258 251 322
patient0059_0151 0 0.8904 193 256 253 322
patient0059_0152 0 0.9100 191 258 256 323
patient0059_0153 0 0.8721 190 261 257 323
patient0059_0154 0 0.7705 206 263 259 323
patient0059_0155 0 0.8353 204 264 259 323
patient0059_0156 0 0.6973 203 264 259 323
patient0059_0157 0 0.7120 228 264 258 323
patient0059_0157 0 0.4657 211 264 258 324
patient0059_0158 0 0.6220 227 263 259 324
patient0059_0158 0 0.4705 213 264 259 324
patient0059_0159 0 0.9050 211 264 259 324
patient0059_0160 0 0.9074 211 264 259 324
patient0059_0161 0 0.8925 214 264 259 324
patient0059_0162 0 0.8921 215 264 259 324
patient0059_0163 0 0.8782 217 264 258 323
patient0059_0164 0 0.8774 217 264 258 324
patient0059_0165 0 0.8665 219 263 258 324
patient0059_0166 0 0.8732 220 261 259 325
patient0059_0167 0 0.8613 221 261 259 325
patient0059_0168 0 0.8716 223 262 259 325
patient0059_0169 0 0.8731 225 262 259 325
patient0059_0170 0 0.8766 225 262 259 325
patient0059_0171 0 0.8608 224 262 259 325
patient0059_0172 0 0.8823 224 262 258 326
patient0059_0173 0 0.8648 221 260 259 327
patient0059_0174 0 0.9000 221 263 260 327
patient0059_0175 0 0.9185 220 259 262 327
patient0059_0176 0 0.9251 218 257 265 326
patient0059_0177 0 0.9158 217 257 266 324
patient0059_0178 0 0.8702 214 257 263 323
patient0059_0179 0 0.8465 211 253 260 323
patient0059_0180 0 0.8389 209 250 262 323
patient0059_0181 0 0.7787 209 250 262 323
patient0059_0181 0 0.3215 232 251 262 286
patient0059_0182 0 0.7508 231 251 259 282
patient0059_0183 0 0.7555 231 251 259 280
patient0059_0184 0 0.6845 231 251 259 278
patient0059_0185 0 0.6747 232 252 258 277
patient0059_0186 0 0.6920 234 252 258 275
patient0059_0187 0 0.7085 235 251 256 271
patient0059_0188 0 0.6441 234 252 253 269
patient0059_0189 0 0.6376 235 250 251 267
patient0059_0190 0 0.6318 238 249 250 267
patient0059_0191 0 0.5933 237 250 249 266
patient0059_0192 0 0.5315 236 251 248 265
patient0059_0193 0 0.4577 235 250 246 263
patient0059_0194 0 0.5045 233 249 244 262
patient0060_0215 0 0.5811 196 284 217 304
patient0060_0216 0 0.6435 196 282 217 305
patient0060_0217 0 0.5306 194 280 216 304
patient0060_0218 0 0.6201 193 278 216 305
patient0060_0219 0 0.5567 192 278 216 305
patient0060_0220 0 0.4941 191 276 216 306
patient0060_0223 0 0.5501 189 256 226 299
patient0060_0223 0 0.3396 189 256 226 286
patient0060_0224 0 0.6763 189 256 229 310
patient0060_0224 0 0.6298 189 256 229 291
patient0060_0225 0 0.7175 188 256 231 310
patient0060_0226 0 0.6010 187 256 231 309
patient0060_0227 0 0.7506 185 256 232 310
patient0060_0228 0 0.6624 187 256 235 310
patient0060_0229 0 0.4984 182 262 234 309
patient0060_0230 0 0.5946 179 261 234 309
patient0060_0233 0 0.6577 179 260 237 310
patient0060_0234 0 0.8591 179 256 238 310
patient0060_0235 0 0.7985 179 256 238 309
patient0060_0236 0 0.8609 179 255 238 309
patient0060_0237 0 0.9035 178 256 239 310
patient0060_0238 0 0.9229 179 257 239 311
patient0060_0239 0 0.9284 179 257 239 311
patient0060_0240 0 0.9179 179 257 239 311
patient0060_0241 0 0.8577 190 256 239 312
patient0060_0242 0 0.8582 194 255 238 312
patient0060_0243 0 0.8616 197 256 238 311
patient0060_0244 0 0.8364 200 256 238 312
patient0060_0245 0 0.8599 205 256 238 311
patient0060_0246 0 0.8139 206 256 238 312
patient0060_0247 0 0.8220 207 255 238 313
patient0060_0248 0 0.8310 208 255 241 312
patient0060_0249 0 0.8726 208 255 250 311
patient0060_0250 0 0.8195 209 255 250 311
patient0060_0251 0 0.8177 208 256 250 310
patient0060_0252 0 0.5989 207 254 250 310
patient0060_0252 0 0.4255 214 255 250 289
patient0060_0253 0 0.5839 206 253 249 311
patient0060_0253 0 0.3876 218 254 249 287
patient0060_0254 0 0.7051 205 253 245 311
patient0060_0255 0 0.5550 204 253 245 310
patient0060_0260 0 0.2690 224 250 245 271
patient0060_0261 0 0.4175 224 251 241 269
patient0060_0262 0 0.3583 224 252 241 269
patient0060_0263 0 0.4508 226 252 241 269
patient0060_0264 0 0.4589 225 252 241 269
patient0060_0265 0 0.4258 224 253 241 269
patient0060_0266 0 0.3037 222 252 240 268
patient0060_0267 0 0.2541 222 251 238 266
patient0060_0268 0 0.3012 223 252 236 265
patient0060_0269 0 0.2629 222 252 236 265
patient0060_0270 0 0.2997 222 254 233 264
patient0060_0270 0 0.2637 222 254 236 265
patient0060_0271 0 0.3878 221 255 233 263
patient0060_0271 0 0.2909 221 255 237 266
patient0060_0272 0 0.3792 222 255 233 263
patient0060_0273 0 0.3530 220 255 232 264
patient0060_0274 0 0.3669 219 255 229 263
patient0060_0275 0 0.3767 220 255 228 262
patient0060_0276 0 0.4442 220 255 229 263
patient0060_0371 0 0.3441 464 448 512 512
patient0060_0372 0 0.3420 463 449 512 512
patient0060_0373 0 0.2534 462 450 511 512
patient0061_0010 0 0.3279 249 285 278 319
patient0061_0017 0 0.4042 185 336 219 362
patient0061_0018 0 0.3844 197 312 221 329
patient0061_0022 0 0.3083 401 281 434 315
patient0061_0024 0 0.3459 204 310 234 356
patient0061_0024 0 0.2737 400 280 427 306
patient0061_0029 0 0.2977 341 443 362 464
patient0061_0031 0 0.3134 187 70 217 96
patient0061_0037 0 0.3065 336 446 364 462
patient0061_0038 0 0.3594 337 446 366 461
patient0061_0039 0 0.3615 197 76 223 94
patient0061_0039 0 0.2891 339 446 368 461
patient0061_0125 0 0.3460 199 275 226 293
patient0061_0126 0 0.5120 208 273 224 291
patient0061_0127 0 0.4618 205 273 224 290
patient0061_0128 0 0.4937 201 273 224 290
patient0061_0129 0 0.2946 205 273 223 286
patient0061_0130 0 0.3506 205 272 221 284
patient0061_0131 0 0.2815 203 265 227 283
patient0061_0140 0 0.2957 198 254 215 269
patient0061_0149 0 0.6427 190 244 209 269
patient0061_0150 0 0.8146 188 242 209 270
patient0061_0151 0 0.8738 186 239 208 272
patient0061_0152 0 0.8921 187 238 209 273
patient0061_0153 0 0.8732 186 236 211 274
patient0061_0154 0 0.8569 186 234 212 275
patient0061_0155 0 0.8802 184 233 213 276
patient0061_0156 0 0.8870 184 231 213 276
patient0061_0157 0 0.8799 183 228 214 277
patient0061_0158 0 0.8602 182 229 215 278
patient0061_0159 0 0.8578 182 228 217 279
patient0061_0160 0 0.8354 182 226 223 280
patient0061_0161 0 0.8520 183 223 232 280
patient0061_0162 0 0.8931 182 221 239 279
patient0061_0163 0 0.8968 181 221 240 280
patient0061_0164 0 0.9267 180 220 241 280
patient0061_0165 0 0.9401 179 216 243 281
patient0061_0166 0 0.9264 179 214 244 282
patient0061_0167 0 0.8937 179 210 246 283
patient0061_0168 0 0.8960 178 210 246 282
patient0061_0169 0 0.8742 178 210 247 283
patient0061_0170 0 0.8778 178 209 247 284
patient0061_0171 0 0.8692 177 209 247 285
patient0061_0172 0 0.8573 177 210 248 285
patient0061_0173 0 0.8593 178 209 248 285
patient0061_0174 0 0.8554 175 208 249 285
patient0061_0174 0 0.4137 200 235 249 285
patient0061_0175 0 0.8547 175 210 249 285
patient0061_0176 0 0.8674 175 209 250 285
patient0061_0177 0 0.7975 202 236 251 285
patient0061_0177 0 0.7047 173 209 250 286
patient0061_0178 0 0.8178 202 235 252 285
patient0061_0178 0 0.6734 171 209 251 286
patient0061_0179 0 0.8222 202 234 253 285
patient0061_0179 0 0.7203 172 211 253 286
patient0061_0180 0 0.8651 198 234 253 286
patient0061_0180 0 0.6770 173 214 252 287
patient0061_0181 0 0.8358 196 235 253 287
patient0061_0182 0 0.8321 195 235 253 288
patient0061_0183 0 0.8275 194 235 253 289
patient0061_0184 0 0.7811 194 235 253 288
patient0061_0185 0 0.6091 193 234 252 288
patient0061_0185 0 0.3053 237 224 252 259
patient0061_0186 0 0.6506 193 232 252 287
patient0061_0186 0 0.3994 232 224 252 259
patient0061_0186 0 0.2538 223 225 253 260
patient0061_0187 0 0.6218 192 233 252 287
patient0061_0187 0 0.4414 226 225 253 259
patient0061_0188 0 0.7242 226 228 253 258
patient0061_0189 0 0.7709 224 233 252 258
patient0061_0190 0 0.7354 225 238 251 256
patient0061_0191 0 0.7312 226 237 250 254
patient0061_0192 0 0.7139 225 236 250 254
patient0061_0193 0 0.7176 225 236 249 253
patient0061_0194 0 0.6919 225 237 247 253
patient0061_0195 0 0.6812 225 238 245 252
patient0061_0196 0 0.6326 225 238 243 250
patient0061_0197 0 0.5956 226 237 243 250
patient0061_0197 0 0.3442 193 236 243 286
patient0061_0198 0 0.6096 225 238 241 250
patient0061_0199 0 0.6157 226 239 240 248
patient0061_0200 0 0.5515 226 239 239 248
patient0061_0201 0 0.5647 225 240 238 248
patient0061_0202 0 0.6351 226 240 237 249
patient0061_0203 0 0.3160 226 241 236 249
patient0062_0006 0 0.2591 307 413 323 424
patient0062_0014 0 0.2999 261 422 309 467
patient0062_0015 0 0.4322 261 422 307 506
patient0062_0015 0 0.3488 405 386 417 414
patient0062_0016 0 0.4680 405 389 418 414
patient0062_0016 0 0.3149 258 424 308 505
patient0062_0017 0 0.4141 405 388 418 414
patient0062_0018 0 0.4380 405 387 418 413
patient0062_0019 0 0.4387 405 387 418 413
patient0062_0019 0 0.2601 262 423 302 460
patient0062_0020 0 0.5739 404 386 418 412
patient0062_0021 0 0.4403 404 387 418 410
patient0062_0022 0 0.4797 403 389 418 409
patient0062_0023 0 0.6102 405 390 418 408
patient0062_0024 0 0.3953 405 389 419 408
patient0062_0024 0 0.3088 76 288 100 310
patient0062_0024 0 0.2860 76 288 99 302
patient0062_0025 0 0.3416 405 387 420 408
patient0062_0030 0 0.4237 371 368 395 385
patient0062_0031 0 0.4725 370 371 395 386
patient0062_0032 0 0.4045 369 371 394 386
patient0062_0032 0 0.3220 64 241 97 306
patient0062_0033 0 0.3706 369 372 391 386
patient0062_0034 0 0.2541 369 372 390 385
patient0062_0045 0 0.2533 199 255 226 286
patient0062_0047 0 0.3927 171 301 204 341
patient0062_0048 0 0.6087 172 301 204 340
patient0062_0054 0 0.2736 189 299 210 316
patient0062_0061 0 0.2787 337 345 381 381
patient0062_0066 0 0.3599 241 226 273 276
patient0062_0067 0 0.5694 241 227 272 275
patient0062_0068 0 0.5337 248 227 273 274
patient0062_0069 0 0.2838 433 493 457 510
patient0062_0077 0 0.2616 340 332 374 370
patient0062_0080 0 0.5144 338 343 377 388
patient0062_0080 0 0.4670 328 348 378 389
patient0062_0080 0 0.2534 168 312 208 363
patient0062_0081 0 0.4234 340 341 376 389
patient0062_0081 0 0.3928 333 350 374 388
patient0062_0081 0 0.3755 171 312 211 362
patient0062_0082 0 0.5575 175 306 221 362
patient0062_0082 0 0.3726 344 339 374 388
patient0062_0082 0 0.3444 174 307 217 348
patient0062_0083 0 0.3101 179 307 228 361
patient0062_0084 0 0.3191 320 346 374 404
patient0062_0090 0 0.4594 184 326 217 363
patient0062_0091 0 0.6140 181 327 220 364
patient0062_0095 0 0.2949 259 269 289 292
patient0062_0095 0 0.2683 392 388 406 402
patient0062_0096 0 0.3744 268 264 292 292
patient0062_0096 0 0.2813 390 386 406 401
patient0062_0097 0 0.2797 390 387 407 401
patient0062_0099 0 0.2584 391 386 407 400
patient0062_0100 0 0.3129 392 387 406 399
patient0062_0101 0 0.2887 392 389 406 399
patient0062_0105 0 0.3868 389 386 404 398
patient0062_0106 0 0.2746 387 387 404 398
patient0062_0120 0 0.5223 286 223 314 271
patient0062_0121 0 0.2510 282 223 313 276
patient0062_0122 0 0.4689 282 224 314 274
patient0062_0122 0 0.3271 289 225 313 262
patient0062_0123 0 0.2763 277 225 313 274
patient0062_0145 0 0.5194 149 273 172 315
patient0062_0146 0 0.3959 149 269 172 315
patient0062_0162 0 0.2567 221 242 269 285
patient0062_0177 0 0.2859 209 232 232 251
patient0062_0179 0 0.2767 186 253 205 287
patient0062_0189 0 0.3247 183 249 209 283
patient0062_0190 0 0.2762 183 243 214 283
patient0062_0208 0 0.6626 172 264 190 283
patient0062_0209 0 0.7649 171 262 191 285
patient0062_0210 0 0.7923 171 261 192 286
patient0062_0211 0 0.8599 169 259 193 288
patient0062_0212 0 0.8738 169 257 194 288
patient0062_0213 0 0.8562 168 256 195 289
patient0062_0214 0 0.8566 168 255 195 290
patient0062_0215 0 0.8187 167 254 195 290
patient0062_0216 0 0.8281 167 243 209 290
patient0062_0217 0 0.8538 166 244 209 290
patient0062_0218 0 0.8773 166 243 210 290
patient0062_0219 0 0.9208 165 242 211 290
patient0062_0220 0 0.9337 164 242 211 291
patient0062_0221 0 0.9285 164 241 212 292
patient0062_0222 0 0.9213 163 241 213 292
patient0062_0223 0 0.8789 162 241 212 292
patient0062_0224 0 0.8163 161 241 212 292
patient0062_0225 0 0.8700 178 243 211 292
patient0062_0226 0 0.9141 184 241 212 292
patient0062_0227 0 0.9179 185 240 211 292
patient0062_0228 0 0.9106 185 240 212 293
patient0062_0229 0 0.8990 183 240 212 293
patient0062_0230 0 0.8955 181 240 218 293
patient0062_0231 0 0.8948 181 239 219 292
patient0062_0232 0 0.8949 181 239 219 291
patient0062_0233 0 0.8808 181 238 219 291
patient0062_0234 0 0.8712 179 239 219 291
patient0062_0235 0 0.8584 179 239 219 291
patient0062_0236 0 0.8361 177 239 218 291
patient0062_0237 0 0.7507 177 240 216 291
patient0062_0238 0 0.6508 176 241 214 290
patient0062_0238 0 0.4386 194 240 215 259
patient0062_0239 0 0.4551 194 241 212 256
patient0062_0239 0 0.4199 175 241 210 290
patient0062_0240 0 0.5154 194 241 210 253
patient0062_0241 0 0.4786 193 241 211 254
patient0062_0242 0 0.4562 194 242 209 253
patient0062_0242 0 0.2760 193 241 212 255
patient0062_0243 0 0.4910 194 242 207 252
patient0062_0244 0 0.4716 193 242 206 251
patient0062_0245 0 0.4123 193 241 204 250
patient0062_0249 0 0.6330 179 247 205 288
patient0062_0250 0 0.6387 179 248 204 288
patient0062_0251 0 0.6696 181 248 203 287
patient0062_0252 0 0.5455 181 249 211 287
patient0062_0253 0 0.4918 180 257 210 286
patient0062_0254 0 0.2868 180 258 206 285
patient0062_0279 0 0.2572 227 292 236 303
patient0063_0004 0 0.2596 69 292 85 305
patient0063_0014 0 0.5436 208 281 249 321
patient0063_0015 0 0.4157 207 283 247 325
patient0063_0020 0 0.6162 103 248 133 272
patient0063_0021 0 0.6382 101 248 133 269
patient0063_0022 0 0.4721 98 249 133 268
patient0063_0022 0 0.3356 12 288 45 316
patient0063_0023 0 0.3881 96 248 127 268
patient0063_0023 0 0.3642 12 287 46 317
patient0063_0024 0 0.3771 96 246 126 268
patient0063_0024 0 0.2835 14 289 32 308
patient0063_0170 0 0.4326 237 351 288 402
patient0063_0171 0 0.6586 236 351 287 403
patient0063_0172 0 0.7453 235 347 287 404
patient0063_0173 0 0.7460 235 346 286 401
patient0063_0174 0 0.7235 235 344 287 399
patient0063_0175 0 0.7319 234 341 287 401
patient0063_0176 0 0.7571 235 341 294 404
patient0063_0177 0 0.6921 233 337 296 409
patient0063_0178 0 0.5003 232 335 298 410
patient0063_0197 0 0.2619 227 331 239 347
patient0063_0199 0 0.2662 227 327 237 342
patient0063_0205 0 0.3230 221 323 235 341
patient0063_0206 0 0.3454 222 322 235 341
patient0063_0207 0 0.4171 221 322 235 341
patient0063_0208 0 0.3272 222 322 235 340
patient0063_0209 0 0.3555 223 322 235 340
patient0063_0210 0 0.3044 222 322 235 341
patient0063_0211 0 0.3047 221 321 234 341
patient0063_0216 0 0.5751 219 316 234 340
patient0063_0217 0 0.6837 218 314 234 342
patient0063_0218 0 0.7353 218 313 235 343
patient0063_0219 0 0.7819 217 313 235 345
patient0063_0220 0 0.8421 217 310 236 345
patient0063_0221 0 0.8819 216 309 237 345
patient0063_0222 0 0.8920 215 308 238 346
patient0063_0223 0 0.8716 215 307 239 347
patient0063_0224 0 0.8458 216 307 239 348
patient0063_0225 0 0.8156 216 306 240 348
patient0063_0226 0 0.8217 216 305 240 349
patient0063_0227 0 0.8216 216 305 240 349
patient0063_0228 0 0.8392 213 305 241 350
patient0063_0229 0 0.8405 213 304 242 351
patient0063_0230 0 0.8279 213 303 243 352
patient0063_0231 0 0.8258 214 301 243 352
patient0063_0232 0 0.8135 214 300 243 352
patient0063_0233 0 0.7665 214 299 244 353
patient0063_0234 0 0.7548 214 298 244 353
patient0063_0235 0 0.7588 214 298 244 354
patient0063_0236 0 0.7422 213 295 251 355
patient0063_0237 0 0.7696 214 294 254 354
patient0063_0238 0 0.8459 214 294 263 354
patient0063_0239 0 0.9287 213 293 267 354
patient0063_0240 0 0.9247 212 291 269 355
patient0063_0241 0 0.9228 212 288 270 355
patient0063_0242 0 0.9347 211 285 271 355
patient0063_0243 0 0.9279 210 283 272 355
patient0063_0244 0 0.9092 210 284 272 355
patient0063_0245 0 0.9023 210 285 272 356
patient0063_0246 0 0.9037 210 286 273 355
patient0063_0247 0 0.9172 210 286 273 355
patient0063_0248 0 0.9275 210 285 273 355
patient0063_0249 0 0.9281 209 287 273 355
patient0063_0250 0 0.9243 209 290 273 357
patient0063_0251 0 0.9033 209 290 275 357
patient0063_0252 0 0.8932 224 299 276 358
patient0063_0253 0 0.9018 225 299 276 357
patient0063_0254 0 0.9239 225 300 277 357
patient0063_0255 0 0.9214 225 300 277 357
patient0063_0256 0 0.9169 225 300 278 357
patient0063_0257 0 0.9158 224 300 278 358
patient0063_0258 0 0.8957 224 300 278 358
patient0063_0259 0 0.8669 223 300 277 358
patient0063_0260 0 0.8423 223 300 277 358
patient0063_0261 0 0.8377 222 301 277 357
patient0063_0262 0 0.8710 221 301 277 357
patient0063_0263 0 0.8740 221 301 277 358
patient0063_0264 0 0.8674 221 301 277 357
patient0063_0265 0 0.8262 220 302 276 357
patient0063_0266 0 0.7772 220 302 275 357
patient0063_0266 0 0.3528 249 303 275 330
patient0063_0267 0 0.6946 220 302 275 357
patient0063_0267 0 0.4951 250 304 275 329
patient0063_0268 0 0.7690 249 305 274 328
patient0063_0269 0 0.6899 250 305 274 326
patient0063_0270 0 0.6372 250 306 274 325
patient0063_0271 0 0.6409 249 306 273 325
patient0063_0272 0 0.6567 249 307 273 324
patient0063_0273 0 0.6582 250 308 272 324
patient0063_0274 0 0.6729 251 308 271 323
patient0063_0275 0 0.6794 252 308 271 322
patient0063_0276 0 0.6928 252 308 269 322
patient0063_0277 0 0.7026 253 308 268 321
patient0063_0278 0 0.6565 253 309 267 321
patient0063_0279 0 0.6861 253 309 266 320
patient0063_0280 0 0.7024 253 309 266 320
patient0063_0281 0 0.6754 252 309 265 320
patient0063_0281 0 0.2669 226 309 265 354
patient0063_0282 0 0.6962 251 309 265 320
patient0063_0283 0 0.6708 252 310 264 320
patient0063_0284 0 0.5599 252 310 263 319
patient0063_0284 0 0.2512 229 309 263 354
patient0063_0285 0 0.3507 253 309 262 320
patient0063_0285 0 0.3490 229 310 262 354
patient0064_0026 0 0.2617 440 344 465 371
patient0064_0027 0 0.2787 440 342 465 373
patient0064_0042 0 0.2594 436 353 453 376
patient0064_0046 0 0.2824 413 357 451 396
patient0064_0050 0 0.2833 415 356 452 383
patient0064_0051 0 0.2921 415 366 450 393
patient0064_0052 0 0.3261 417 367 450 392
patient0064_0052 0 0.2815 424 367 449 380
patient0064_0053 0 0.4443 424 369 449 393
patient0064_0053 0 0.4137 425 369 449 387
patient0064_0054 0 0.5528 426 370 448 394
patient0064_0055 0 0.5588 355 197 397 234
patient0064_0055 0 0.5266 426 369 447 394
patient0064_0056 0 0.6021 357 198 396 232
patient0064_0056 0 0.2519 429 376 446 394
patient0064_0057 0 0.5101 358 201 391 232
patient0064_0058 0 0.5189 359 201 390 232
patient0064_0059 0 0.6455 360 203 390 233
patient0064_0059 0 0.4379 420 370 446 393
patient0064_0060 0 0.5058 420 369 446 391
patient0064_0060 0 0.4706 360 204 391 234
patient0064_0061 0 0.4140 419 370 446 392
patient0064_0061 0 0.3241 360 205 389 237
patient0064_0062 0 0.2712 359 208 385 236
patient0064_0217 0 0.2704 210 311 221 326
patient0064_0218 0 0.3731 209 310 221 325
patient0064_0219 0 0.3765 209 309 220 325
patient0064_0220 0 0.3103 209 309 220 324
patient0064_0231 0 0.3665 200 301 220 324
patient0064_0232 0 0.6360 200 299 220 326
patient0064_0233 0 0.7604 198 296 219 327
patient0064_0234 0 0.8126 199 296 220 328
patient0064_0235 0 0.8498 200 295 221 329
patient0064_0236 0 0.8493 198 294 221 330
patient0064_0237 0 0.8767 196 292 220 331
patient0064_0238 0 0.8804 194 291 221 331
patient0064_0239 0 0.8646 193 292 221 332
patient0064_0240 0 0.8429 192 290 221 332
patient0064_0241 0 0.8298 192 275 238 333
patient0064_0242 0 0.8884 190 276 242 333
patient0064_0243 0 0.9188 190 278 243 333
patient0064_0244 0 0.9296 189 278 244 334
patient0064_0245 0 0.9368 189 277 245 334
patient0064_0246 0 0.9354 189 278 245 334
patient0064_0247 0 0.9290 188 277 246 334
patient0064_0248 0 0.9096 187 276 246 334
patient0064_0249 0 0.9077 187 276 247 335
patient0064_0250 0 0.9134 186 277 248 335
patient0064_0251 0 0.9098 185 277 249 335
patient0064_0252 0 0.9059 185 277 250 335
patient0064_0253 0 0.8969 185 278 251 335
patient0064_0254 0 0.8986 185 278 251 335
patient0064_0255 0 0.8937 184 278 251 335
patient0064_0256 0 0.8834 184 279 252 335
patient0064_0257 0 0.8045 182 278 250 336
patient0064_0258 0 0.7757 185 277 252 335
patient0064_0259 0 0.7431 191 277 252 335
patient0064_0260 0 0.8365 207 280 252 335
patient0064_0261 0 0.8536 207 280 251 335
patient0064_0262 0 0.8500 206 280 251 335
patient0064_0263 0 0.8468 208 280 251 335
patient0064_0264 0 0.8745 209 281 250 336
patient0064_0265 0 0.8890 211 280 250 336
patient0064_0266 0 0.8894 213 279 251 335
patient0064_0267 0 0.8650 216 278 250 336
patient0064_0268 0 0.8654 216 278 250 336
patient0064_0269 0 0.8613 216 278 249 336
patient0064_0270 0 0.8622 215 277 249 337
patient0064_0271 0 0.8687 214 277 248 337
patient0064_0272 0 0.8911 214 277 248 337
patient0064_0273 0 0.9001 214 277 248 337
patient0064_0274 0 0.8965 214 277 250 337
patient0064_0275 0 0.8877 214 277 251 337
patient0064_0276 0 0.9076 213 277 254 337
patient0064_0277 0 0.9155 213 277 253 337
patient0064_0278 0 0.9073 213 276 253 337
patient0064_0279 0 0.9083 212 275 253 336
patient0064_0280 0 0.9019 212 274 253 336
patient0064_0281 0 0.8980 212 274 252 336
patient0064_0282 0 0.8923 211 274 252 335
patient0064_0283 0 0.8861 210 274 251 335
patient0064_0284 0 0.8549 208 275 251 335
patient0064_0285 0 0.8506 208 274 251 335
patient0064_0286 0 0.8103 208 274 251 334
patient0064_0287 0 0.6203 227 274 249 291
patient0064_0287 0 0.2793 207 273 248 334
patient0064_0288 0 0.6006 230 274 249 289
patient0064_0289 0 0.5900 232 273 247 286
patient0064_0290 0 0.5853 231 272 245 285
patient0064_0291 0 0.7721 204 272 244 332
patient0064_0291 0 0.3872 231 271 244 285
patient0064_0292 0 0.8085 204 272 243 332
patient0064_0293 0 0.7685 204 272 240 331
patient0064_0293 0 0.3775 230 271 242 283
patient0064_0294 0 0.5515 230 271 241 282
patient0064_0294 0 0.4590 203 272 240 331
patient0064_0295 0 0.5963 229 272 241 282
patient0064_0296 0 0.6146 228 272 240 282
patient0064_0297 0 0.6123 226 272 239 281
patient0064_0298 0 0.6173 226 272 239 281
patient0064_0299 0 0.5817 225 272 237 281
patient0064_0300 0 0.5390 224 271 236 280
patient0064_0301 0 0.5288 224 271 236 280
patient0064_0302 0 0.4839 224 272 236 280
patient0064_0303 0 0.3665 223 271 236 280
patient0064_0304 0 0.3598 224 272 235 280
patient0064_0305 0 0.3344 223 272 235 281
patient0064_0306 0 0.3067 222 271 234 280
patient0064_0307 0 0.3543 222 272 233 281
patient0064_0308 0 0.2958 221 271 233 282
patient0064_0309 0 0.3067 220 271 233 282
patient0064_0310 0 0.4272 220 272 233 284
patient0064_0311 0 0.4662 220 274 233 285
patient0064_0312 0 0.4814 222 277 233 286
patient0064_0313 0 0.4754 221 276 233 286
patient0064_0319 0 0.2570 203 279 228 319
patient0064_0320 0 0.3894 204 280 228 318
patient0064_0321 0 0.3260 205 279 227 317
patient0065_0124 0 0.3519 280 196 301 209
patient0065_0125 0 0.3829 280 196 301 209
patient0065_0126 0 0.4068 280 196 299 208
patient0065_0127 0 0.3974 280 195 296 208
patient0065_0128 0 0.2717 218 245 289 337
patient0065_0128 0 0.2669 279 195 295 208
patient0065_0156 0 0.2522 206 226 229 252
patient0065_0167 0 0.5282 198 240 219 261
patient0065_0168 0 0.6955 197 239 219 262
patient0065_0169 0 0.7166 197 238 221 264
patient0065_0170 0 0.6639 195 235 221 263
patient0065_0171 0 0.6498 194 234 223 264
patient0065_0172 0 0.7155 194 220 226 265
patient0065_0173 0 0.7874 192 220 224 265
patient0065_0174 0 0.7841 190 217 232 266
patient0065_0175 0 0.7650 189 216 227 267
patient0065_0176 0 0.7784 187 217 223 267
patient0065_0176 0 0.4746 187 216 238 267
patient0065_0177 0 0.8919 186 214 239 267
patient0065_0178 0 0.8776 185 212 239 268
patient0065_0179 0 0.8726 184 211 239 268
patient0065_0180 0 0.8871 183 211 240 269
patient0065_0181 0 0.8822 182 211 241 269
patient0065_0182 0 0.8725 183 210 241 270
patient0065_0183 0 0.8475 181 211 241 270
patient0065_0184 0 0.8421 181 211 241 270
patient0065_0185 0 0.8290 180 211 241 270
patient0065_0186 0 0.8198 179 210 241 270
patient0065_0187 0 0.8248 179 210 241 271
patient0065_0188 0 0.7423 196 210 242 272
patient0065_0189 0 0.8292 203 210 242 272
patient0065_0190 0 0.8325 206 211 243 272
patient0065_0191 0 0.8388 208 211 244 272
patient0065_0192 0 0.8600 209 210 244 272
patient0065_0193 0 0.8726 210 210 251 273
patient0065_0194 0 0.9012 210 210 253 272
patient0065_0195 0 0.8967 210 210 255 272
patient0065_0196 0 0.8766 209 210 254 272
patient0065_0197 0 0.9045 210 210 254 272
patient0065_0198 0 0.8961 209 210 253 272
patient0065_0199 0 0.8879 207 210 253 272
patient0065_0200 0 0.8674 207 210 251 272
patient0065_0201 0 0.8616 207 208 249 272
patient0065_0202 0 0.8198 206 207 248 272
patient0065_0203 0 0.7512 205 207 250 272
patient0065_0204 0 0.5651 229 206 248 228
patient0065_0204 0 0.3839 205 206 250 271
patient0065_0205 0 0.5508 227 206 248 226
patient0065_0206 0 0.4977 228 206 244 222
patient0065_0207 0 0.4900 228 207 243 220
patient0065_0207 0 0.2924 200 209 242 271
patient0065_0208 0 0.5507 227 207 244 223
patient0065_0209 0 0.5470 225 206 244 224
patient0065_0210 0 0.5653 225 206 243 224
patient0065_0211 0 0.5752 225 208 241 224
patient0065_0212 0 0.5686 224 208 240 223
patient0065_0213 0 0.5598 224 208 238 222
patient0065_0214 0 0.5757 224 209 235 220
patient0065_0215 0 0.6050 223 209 235 221
patient0065_0216 0 0.5707 222 210 235 221
patient0065_0217 0 0.5450 220 211 233 221
patient0065_0218 0 0.4669 218 210 232 221
patient0065_0219 0 0.5086 218 210 231 220
patient0065_0220 0 0.4299 217 211 231 220
patient0065_0221 0 0.3707 218 212 231 221
patient0065_0222 0 0.3408 218 214 230 222
patient0065_0223 0 0.2897 218 215 230 223
patient0065_0224 0 0.4128 219 216 229 224
patient0065_0225 0 0.3511 217 215 229 226
patient0065_0228 0 0.5454 208 222 231 263
patient0065_0229 0 0.5121 210 224 226 261
patient0066_0001 0 0.5420 293 229 348 289
patient0066_0002 0 0.3214 291 229 350 289
patient0066_0005 0 0.3453 313 218 336 239
patient0066_0006 0 0.2825 242 228 269 253
patient0066_0007 0 0.3691 242 229 267 257
patient0066_0008 0 0.2674 242 229 269 258
patient0066_0012 0 0.2760 308 219 338 247
patient0066_0013 0 0.3163 310 217 337 245
patient0066_0014 0 0.5496 284 223 326 256
patient0066_0075 0 0.4078 89 200 179 278
patient0066_0076 0 0.5482 91 203 183 280
patient0066_0077 0 0.3557 90 202 184 280
patient0066_0119 0 0.3100 179 481 244 512
patient0066_0159 0 0.2523 190 228 204 242
patient0066_0160 0 0.6379 188 227 205 246
patient0066_0161 0 0.7226 187 225 205 247
patient0066_0162 0 0.7534 185 223 206 248
patient0066_0163 0 0.7817 185 222 207 249
patient0066_0164 0 0.7888 184 221 207 250
patient0066_0165 0 0.7931 183 220 206 250
patient0066_0166 0 0.8078 182 219 208 251
patient0066_0167 0 0.8160 180 216 209 252
patient0066_0168 0 0.8331 181 215 208 252
patient0066_0169 0 0.8336 180 213 208 253
patient0066_0170 0 0.8435 177 213 208 254
patient0066_0171 0 0.8422 177 212 209 253
patient0066_0172 0 0.8476 176 211 209 253
patient0066_0173 0 0.8646 175 196 221 255
patient0066_0174 0 0.8692 174 197 223 255
patient0066_0175 0 0.9141 173 197 225 256
patient0066_0176 0 0.9145 172 196 226 256
patient0066_0177 0 0.8974 170 195 226 256
patient0066_0178 0 0.8882 169 196 227 257
patient0066_0179 0 0.8832 168 195 227 257
patient0066_0180 0 0.9023 167 196 230 257
patient0066_0181 0 0.9040 166 195 231 257
patient0066_0182 0 0.8641 166 194 231 257
patient0066_0183 0 0.8688 165 196 232 258
patient0066_0184 0 0.8699 164 196 232 258
patient0066_0185 0 0.8686 163 196 233 259
patient0066_0186 0 0.8707 163 196 233 259
patient0066_0187 0 0.8872 163 195 233 260
patient0066_0188 0 0.8961 162 194 233 260
patient0066_0189 0 0.8831 162 194 234 261
patient0066_0190 0 0.8670 161 195 238 261
patient0066_0191 0 0.7079 161 195 241 261
patient0066_0191 0 0.6206 195 195 244 261
patient0066_0192 0 0.8939 200 194 244 261
patient0066_0193 0 0.8786 200 194 245 261
patient0066_0194 0 0.8852 200 195 245 260
patient0066_0195 0 0.8815 197 195 246 261
patient0066_0196 0 0.8972 196 195 246 262
patient0066_0197 0 0.9099 196 194 246 262
patient0066_0198 0 0.9092 195 193 246 262
patient0066_0199 0 0.8993 193 196 247 261
patient0066_0200 0 0.8885 191 195 244 262
patient0066_0201 0 0.8518 190 193 243 262
patient0066_0202 0 0.7807 191 192 243 261
patient0066_0203 0 0.7460 191 191 242 261
patient0066_0204 0 0.7675 190 191 241 261
patient0066_0205 0 0.7713 189 190 240 260
patient0066_0205 0 0.2609 215 191 241 221
patient0066_0206 0 0.8113 189 190 239 260
patient0066_0207 0 0.7464 187 190 239 261
patient0066_0207 0 0.4482 215 191 239 217
patient0066_0208 0 0.6262 217 192 239 217
patient0066_0209 0 0.6077 218 193 239 216
patient0066_0210 0 0.6048 218 192 237 214
patient0066_0211 0 0.5916 218 193 236 213
patient0066_0212 0 0.5897 219 194 235 212
patient0066_0213 0 0.6057 218 195 233 211
patient0066_0214 0 0.5867 217 197 232 210
patient0066_0215 0 0.5787 218 197 230 209
patient0066_0216 0 0.5864 218 197 229 208
patient0066_0217 0 0.6019 217 196 228 207
patient0066_0218 0 0.6078 215 196 228 207
patient0066_0219 0 0.6175 214 196 227 207
patient0066_0220 0 0.5831 213 195 226 207
patient0066_0221 0 0.6026 213 196 224 206
patient0066_0222 0 0.6033 214 197 224 207
patient0066_0223 0 0.5458 214 197 224 207
patient0066_0224 0 0.5110 213 197 224 207
patient0066_0225 0 0.3636 212 196 223 207
patient0067_0002 0 0.2562 338 391 350 408
patient0067_0007 0 0.2693 216 254 236 272
patient0067_0010 0 0.4423 216 270 245 291
patient0067_0010 0 0.2720 215 270 247 301
patient0067_0011 0 0.4189 236 286 262 311
patient0067_0012 0 0.4042 228 285 261 309
patient0067_0018 0 0.2886 66 271 106 319
patient0067_0019 0 0.5168 69 269 115 312
patient0067_0030 0 0.2504 179 433 256 511
patient0067_0033 0 0.3269 371 332 413 386
patient0067_0042 0 0.2890 360 312 393 358
patient0067_0072 0 0.3646 284 291 309 322
patient0067_0098 0 0.4963 190 315 223 344
patient0067_0110 0 0.3272 106 229 143 269
patient0067_0111 0 0.2731 106 231 142 268
patient0067_0143 0 0.3595 213 317 236 341
patient0067_0144 0 0.5260 213 317 235 338
patient0067_0145 0 0.4293 212 315 236 337
patient0067_0146 0 0.2610 213 318 238 332
patient0067_0172 0 0.4875 190 305 212 323
patient0067_0173 0 0.7224 188 301 212 324
patient0067_0174 0 0.8008 184 298 214 325
patient0067_0175 0 0.8120 183 298 215 325
patient0067_0176 0 0.8083 183 295 217 326
patient0067_0177 0 0.8156 181 293 218 326
patient0067_0178 0 0.8106 179 292 218 326
patient0067_0179 0 0.8071 177 275 224 327
patient0067_0180 0 0.8301 179 275 226 328
patient0067_0181 0 0.8570 177 273 228 328
patient0067_0182 0 0.8656 175 273 231 328
patient0067_0183 0 0.8780 177 273 231 329
patient0067_0184 0 0.9260 174 273 232 329
patient0067_0185 0 0.9285 172 274 233 329
patient0067_0186 0 0.9267 171 273 235 329
patient0067_0187 0 0.9211 170 274 234 330
patient0067_0188 0 0.9127 169 275 235 330
patient0067_0189 0 0.9144 168 275 236 331
patient0067_0190 0 0.8870 169 275 235 331
patient0067_0191 0 0.8223 172 274 236 330
patient0067_0192 0 0.7833 172 273 236 330
patient0067_0193 0 0.7200 164 274 237 333
patient0067_0193 0 0.6866 185 272 236 332
patient0067_0194 0 0.7737 205 274 236 333
patient0067_0194 0 0.4148 194 275 237 332
patient0067_0195 0 0.8278 192 274 235 334
patient0067_0196 0 0.7715 206 275 236 334
patient0067_0196 0 0.4865 194 274 235 335
patient0067_0197 0 0.8806 205 274 236 335
patient0067_0198 0 0.8746 205 273 236 335
patient0067_0199 0 0.8529 204 272 237 335
patient0067_0200 0 0.7583 206 272 243 335
patient0067_0201 0 0.8191 206 272 245 335
patient0067_0202 0 0.7215 204 271 246 337
patient0067_0203 0 0.7629 204 270 247 335
patient0067_0204 0 0.7966 203 269 245 335
patient0067_0205 0 0.8060 202 270 244 334
patient0067_0206 0 0.8125 201 270 241 335
patient0067_0207 0 0.7946 201 271 239 335
patient0067_0208 0 0.7967 198 271 238 335
patient0067_0209 0 0.7328 198 270 238 334
patient0067_0210 0 0.4546 222 267 241 287
patient0067_0211 0 0.5217 221 266 239 284
patient0067_0212 0 0.5264 221 266 238 284
patient0067_0213 0 0.5069 220 267 237 284
patient0067_0213 0 0.2643 216 268 236 284
patient0067_0214 0 0.4604 210 269 236 285
patient0067_0215 0 0.5332 211 268 234 284
patient0067_0216 0 0.6179 209 269 233 284
patient0067_0217 0 0.5614 211 270 230 282
patient0067_0218 0 0.4892 214 270 228 281
patient0067_0219 0 0.5330 213 271 227 281
patient0067_0220 0 0.4831 212 271 226 281
patient0067_0221 0 0.4142 212 271 225 281
patient0067_0222 0 0.3440 210 273 224 281
patient0067_0223 0 0.5358 207 274 219 281
patient0067_0224 0 0.2852 208 274 219 282
patient0067_0226 0 0.3790 191 273 219 330
patient0067_0229 0 0.3384 189 275 222 329
patient0067_0230 0 0.3892 190 277 220 328
patient0068_0004 0 0.2867 284 381 318 399
patient0068_0005 0 0.5764 283 379 316 400
patient0068_0012 0 0.5036 155 288 192 330
patient0068_0013 0 0.3133 154 287 193 331
patient0068_0014 0 0.3055 152 286 195 332
patient0068_0015 0 0.4938 151 287 195 331
patient0068_0016 0 0.3560 152 287 197 331
patient0068_0017 0 0.3983 153 286 202 331
patient0068_0017 0 0.3143 153 284 206 361
patient0068_0018 0 0.3276 153 291 198 332
patient0068_0018 0 0.2743 152 308 183 330
patient0068_0019 0 0.3944 154 289 196 331
patient0068_0019 0 0.3049 153 313 181 330
patient0068_0020 0 0.3342 153 289 202 331
patient0068_0021 0 0.4604 152 315 175 330
patient0068_0022 0 0.3457 154 285 213 332
patient0068_0027 0 0.4580 151 313 172 330
patient0068_0028 0 0.4687 152 314 173 330
patient0068_0034 0 0.3049 84 54 151 89
patient0068_0035 0 0.3126 94 55 158 93
patient0068_0037 0 0.4876 116 54 160 82
patient0068_0040 0 0.5260 134 299 170 331
patient0068_0041 0 0.6661 136 298 172 332
patient0068_0042 0 0.5931 139 299 173 331
patient0068_0043 0 0.4643 137 299 175 332
patient0068_0048 0 0.4325 233 218 270 253
patient0068_0049 0 0.3322 236 219 268 254
patient0068_0050 0 0.3069 232 225 269 257
patient0068_0051 0 0.3048 155 299 183 333
patient0068_0164 0 0.4338 172 263 191 285
patient0068_0165 0 0.7754 169 262 195 288
patient0068_0166 0 0.8044 169 261 195 288
patient0068_0167 0 0.8593 168 260 195 288
patient0068_0168 0 0.8705 167 258 195 288
patient0068_0169 0 0.8458 166 257 196 289
patient0068_0170 0 0.8275 165 255 196 289
patient0068_0171 0 0.7826 163 255 196 288
patient0068_0172 0 0.7055 162 254 198 288
patient0068_0173 0 0.8298 161 237 207 289
patient0068_0174 0 0.8602 160 237 208 290
patient0068_0175 0 0.8578 159 235 209 290
patient0068_0176 0 0.8987 157 235 211 291
patient0068_0177 0 0.9062 156 234 211 291
patient0068_0178 0 0.8927 155 234 212 292
patient0068_0179 0 0.8696 154 233 213 291
patient0068_0180 0 0.8775 153 234 213 292
patient0068_0181 0 0.8950 153 234 213 293
patient0068_0182 0 0.9058 152 234 213 293
patient0068_0183 0 0.9176 152 234 214 293
patient0068_0184 0 0.9063 152 234 214 293
patient0068_0185 0 0.8756 153 235 213 293
patient0068_0186 0 0.8633 170 235 214 293
patient0068_0187 0 0.8627 176 234 214 293
patient0068_0188 0 0.8834 178 234 215 294
patient0068_0189 0 0.8445 185 236 215 294
patient0068_0190 0 0.8850 187 235 224 294
patient0068_0191 0 0.9128 187 234 224 294
patient0068_0192 0 0.9390 186 233 223 293
patient0068_0193 0 0.9212 186 232 222 294
patient0068_0194 0 0.8877 185 232 221 295
patient0068_0195 0 0.8959 184 231 221 292
patient0068_0196 0 0.8933 183 231 220 292
patient0068_0197 0 0.8801 182 230 219 292
patient0068_0198 0 0.8566 181 229 218 292
patient0068_0199 0 0.8235 179 229 217 292
patient0068_0200 0 0.8189 178 231 216 292
patient0068_0200 0 0.3967 192 230 218 254
patient0068_0201 0 0.7912 178 232 215 292
patient0068_0201 0 0.5611 191 231 217 252
patient0068_0202 0 0.6353 192 232 216 251
patient0068_0202 0 0.5681 178 233 215 292
patient0068_0203 0 0.5983 193 234 214 249
patient0068_0204 0 0.5701 191 234 210 246
patient0068_0205 0 0.5671 192 235 207 246
patient0068_0206 0 0.5701 193 234 207 245
patient0068_0207 0 0.5557 193 234 205 245
patient0068_0208 0 0.5603 193 234 204 244
patient0068_0209 0 0.5987 193 234 204 245
patient0068_0210 0 0.5816 193 234 204 244
patient0068_0211 0 0.4590 192 234 203 245
patient0068_0212 0 0.2788 190 235 202 244
patient0069_0002 0 0.3432 132 486 186 512
patient0069_0007 0 0.3388 190 468 244 512
patient0069_0010 0 0.4739 188 467 244 512
patient0069_0011 0 0.6016 185 466 244 512
patient0069_0012 0 0.5015 180 466 244 512
patient0069_0013 0 0.3076 177 465 243 512
patient0069_0014 0 0.2666 177 465 241 512
patient0069_0023 0 0.2957 169 375 218 422
patient0069_0027 0 0.3880 170 369 190 394
patient0069_0028 0 0.3231 169 369 185 389
patient0069_0029 0 0.4605 168 368 183 387
patient0069_0030 0 0.3261 168 368 183 388
patient0069_0045 0 0.3129 172 35 192 53
patient0069_0090 0 0.5619 247 216 287 257
patient0069_0091 0 0.4410 246 221 281 263
patient0069_0092 0 0.2524 244 222 278 266
patient0069_0104 0 0.4038 81 85 109 113
patient0069_0152 0 0.2695 231 271 288 334
patient0069_0156 0 0.2793 230 268 292 337
patient0069_0174 0 0.6444 214 222 229 261
patient0069_0175 0 0.7444 214 220 231 262
patient0069_0176 0 0.5796 214 196 262 265
patient0069_0176 0 0.4706 213 218 233 264
patient0069_0177 0 0.8677 213 201 261 266
patient0069_0178 0 0.8752 215 204 263 266
patient0069_0179 0 0.8981 214 208 266 267
patient0069_0180 0 0.9053 212 204 268 268
patient0069_0181 0 0.9275 212 202 269 269
patient0069_0182 0 0.9370 211 203 270 270
patient0069_0183 0 0.9250 210 202 272 270
patient0069_0184 0 0.9270 210 201 272 271
patient0069_0185 0 0.9197 209 201 272 271
patient0069_0186 0 0.9085 208 200 273 271
patient0069_0187 0 0.9026 209 200 274 272
patient0069_0188 0 0.8937 210 200 275 273
patient0069_0189 0 0.8926 210 199 275 272
patient0069_0190 0 0.9126 207 196 275 272
patient0069_0191 0 0.9106 210 197 276 272
patient0069_0192 0 0.8185 220 214 275 271
patient0069_0193 0 0.8655 225 216 275 271
patient0069_0194 0 0.8749 228 216 275 272
patient0069_0195 0 0.8686 229 216 275 271
patient0069_0196 0 0.9208 229 215 276 271
patient0069_0197 0 0.9154 229 214 276 271
patient0069_0198 0 0.8969 230 214 277 271
patient0069_0199 0 0.8689 230 213 278 271
patient0069_0200 0 0.8857 231 213 278 271
patient0069_0201 0 0.8996 230 211 278 271
patient0069_0202 0 0.9182 230 208 280 271
patient0069_0203 0 0.9102 230 208 281 271
patient0069_0204 0 0.9051 230 206 281 271
patient0069_0205 0 0.8869 230 205 282 270
patient0069_0206 0 0.8698 230 205 281 270
patient0069_0207 0 0.8436 229 207 282 270
patient0069_0208 0 0.8136 229 203 280 271
patient0069_0209 0 0.6894 228 202 280 270
patient0069_0209 0 0.4009 256 203 281 227
patient0069_0210 0 0.8225 225 202 280 270
patient0069_0210 0 0.3162 256 203 281 226
patient0069_0211 0 0.8567 226 202 279 269
patient0069_0211 0 0.3779 261 204 281 223
patient0069_0212 0 0.8018 225 205 278 269
patient0069_0212 0 0.5754 262 205 279 222
patient0069_0213 0 0.7932 226 206 275 268
patient0069_0213 0 0.6106 262 205 276 219
patient0069_0214 0 0.6112 264 204 275 218
patient0069_0214 0 0.5874 226 205 274 267
patient0069_0215 0 0.6398 226 204 273 267
patient0069_0215 0 0.5562 265 203 275 217
patient0069_0216 0 0.4494 265 203 275 216
patient0069_0217 0 0.5183 263 201 273 214
patient0069_0218 0 0.5252 262 201 272 214
patient0069_0219 0 0.4095 261 200 271 214
patient0069_0220 0 0.3938 259 200 269 212
patient0069_0230 0 0.2643 256 206 263 215
patient0069_0231 0 0.2649 254 208 262 216
patient0069_0238 0 0.3363 237 215 258 246
patient0070_0020 0 0.2930 320 451 363 512
patient0070_0025 0 0.3934 319 456 362 512
patient0070_0026 0 0.3709 320 455 366 512
patient0070_0035 0 0.5045 251 343 281 376
patient0070_0036 0 0.3050 252 342 277 378
patient0070_0040 0 0.3281 216 287 243 314
patient0070_0044 0 0.2601 248 324 286 348
patient0070_0045 0 0.3445 244 324 281 348
patient0070_0214 0 0.3674 269 337 323 394
patient0070_0219 0 0.6683 253 307 272 330
patient0070_0220 0 0.8084 251 305 271 328
patient0070_0221 0 0.8205 251 303 271 329
patient0070_0222 0 0.8369 250 301 272 330
patient0070_0223 0 0.8331 249 299 273 330
patient0070_0224 0 0.8500 247 296 273 331
patient0070_0225 0 0.8215 245 295 273 332
patient0070_0226 0 0.8034 243 285 273 333
patient0070_0227 0 0.8276 241 283 274 333
patient0070_0228 0 0.8216 240 283 275 334
patient0070_0229 0 0.8236 238 282 276 334
patient0070_0230 0 0.8525 238 282 277 335
patient0070_0231 0 0.9111 237 281 279 336
patient0070_0232 0 0.9170 235 282 281 337
patient0070_0233 0 0.9100 235 281 282 336
patient0070_0234 0 0.9001 234 282 283 335
patient0070_0235 0 0.8877 232 282 283 335
patient0070_0236 0 0.8509 231 282 283 336
patient0070_0237 0 0.7492 233 282 284 337
patient0070_0238 0 0.4955 237 281 286 338
patient0070_0238 0 0.3870 255 282 285 337
patient0070_0239 0 0.6112 257 282 285 337
patient0070_0239 0 0.4765 246 281 286 338
patient0070_0240 0 0.8763 245 281 286 336
patient0070_0241 0 0.8511 245 281 286 334
patient0070_0242 0 0.6915 251 281 287 336
patient0070_0243 0 0.5976 249 282 287 336
patient0070_0244 0 0.7884 248 282 287 335
patient0070_0245 0 0.8328 250 282 287 334
patient0070_0246 0 0.8927 252 282 287 334
patient0070_0247 0 0.8639 254 281 287 334
patient0070_0248 0 0.8789 256 280 287 334
patient0070_0249 0 0.8768 257 280 288 334
patient0070_0250 0 0.8657 258 279 287 334
patient0070_0251 0 0.8405 259 280 286 334
patient0070_0252 0 0.8007 260 280 285 334
patient0070_0253 0 0.8133 261 280 286 333
patient0070_0254 0 0.8192 262 280 286 333
patient0070_0255 0 0.8395 262 280 286 333
patient0070_0256 0 0.8586 262 280 286 333
patient0070_0257 0 0.8558 262 280 285 332
patient0070_0258 0 0.8352 262 280 285 332
patient0070_0259 0 0.8193 262 279 284 333
patient0070_0260 0 0.7930 261 278 284 333
patient0070_0261 0 0.8158 260 277 288 332
patient0070_0262 0 0.8238 259 276 286 332
patient0070_0263 0 0.8844 259 274 299 332
patient0070_0264 0 0.9011 259 274 298 331
patient0070_0265 0 0.8714 258 274 296 331
patient0070_0266 0 0.8326 258 273 290 329
patient0070_0267 0 0.8100 256 274 285 329
patient0070_0268 0 0.8162 255 274 285 329
patient0070_0269 0 0.8126 255 274 285 329
patient0070_0270 0 0.7470 254 274 284 328
patient0070_0270 0 0.3369 269 274 282 284
patient0070_0271 0 0.7026 253 274 283 328
patient0070_0271 0 0.4482 268 274 282 284
patient0070_0272 0 0.5248 268 274 283 284
patient0070_0272 0 0.4696 251 274 282 328
patient0070_0273 0 0.4908 269 274 280 282
patient0070_0273 0 0.3390 250 274 279 327
patient0070_0274 0 0.5186 269 273 279 281
patient0070_0275 0 0.5062 267 272 278 280
patient0070_0276 0 0.5300 265 272 277 280
patient0070_0277 0 0.3208 265 272 276 279
patient0070_0290 0 0.3071 248 277 271 321
patient0070_0291 0 0.5088 249 277 271 320
patient0070_0292 0 0.6615 249 278 271 319
patient0070_0293 0 0.5655 249 278 271 318
patient0070_0294 0 0.5853 249 279 272 317
patient0070_0295 0 0.5968 248 280 271 316
patient0070_0296 0 0.5875 248 282 271 315
patient0070_0297 0 0.7073 248 284 271 315
patient0070_0298 0 0.5160 249 283 272 313
patient0070_0299 0 0.3268 249 283 272 312
patient0071_0002 0 0.2731 143 186 168 204
patient0071_0003 0 0.2641 142 187 167 203
patient0071_0004 0 0.3952 142 184 167 204
patient0071_0005 0 0.3964 142 182 165 205
patient0071_0006 0 0.3447 142 181 164 202
patient0071_0007 0 0.2727 143 181 164 200
patient0071_0051 0 0.2811 391 371 405 386
patient0071_0052 0 0.2813 390 370 404 385
patient0071_0085 0 0.3130 260 203 285 224
patient0071_0086 0 0.5759 258 203 282 223
patient0071_0086 0 0.2822 258 199 288 223
patient0071_0087 0 0.4121 255 203 284 221
patient0071_0088 0 0.3287 248 202 281 220
patient0071_0091 0 0.3143 234 201 269 232
patient0071_0092 0 0.3972 230 199 269 233
patient0071_0096 0 0.3498 215 192 236 213
patient0071_0138 0 0.3514 233 250 275 307
patient0071_0139 0 0.3772 232 251 274 309
patient0071_0184 0 0.2776 184 266 197 285
patient0071_0197 0 0.6524 183 261 197 286
patient0071_0198 0 0.8075 183 258 200 288
patient0071_0199 0 0.8338 183 257 201 289
patient0071_0200 0 0.8226 184 255 202 290
patient0071_0201 0 0.8475 183 255 203 291
patient0071_0202 0 0.8944 182 252 205 292
patient0071_0203 0 0.8847 182 251 206 293
patient0071_0204 0 0.8289 182 250 206 294
patient0071_0205 0 0.8351 183 244 229 295
patient0071_0206 0 0.8269 182 237 230 295
patient0071_0207 0 0.8550 181 236 229 296
patient0071_0208 0 0.8928 181 236 232 297
patient0071_0209 0 0.9200 181 239 233 297
patient0071_0210 0 0.9333 180 241 233 297
patient0071_0211 0 0.9575 181 239 234 297
patient0071_0212 0 0.9663 180 237 235 297
patient0071_0213 0 0.9553 180 237 236 297
patient0071_0214 0 0.9460 181 237 236 298
patient0071_0215 0 0.9422 181 237 236 298
patient0071_0216 0 0.9357 180 237 236 298
patient0071_0217 0 0.9308 179 237 237 299
patient0071_0218 0 0.9305 179 236 238 299
patient0071_0219 0 0.9266 180 235 239 299
patient0071_0220 0 0.9218 182 240 239 299
patient0071_0221 0 0.8596 193 248 241 300
patient0071_0222 0 0.8942 197 249 242 299
patient0071_0223 0 0.9092 197 249 242 300
patient0071_0224 0 0.9148 197 248 242 300
patient0071_0225 0 0.9027 196 247 242 300
patient0071_0226 0 0.9160 195 247 242 300
patient0071_0227 0 0.9336 195 247 243 300
patient0071_0228 0 0.9221 195 246 243 299
patient0071_0229 0 0.9087 195 246 243 298
patient0071_0230 0 0.8996 195 246 243 297
patient0071_0231 0 0.8279 194 246 243 297
patient0071_0231 0 0.4148 227 246 243 264
patient0071_0232 0 0.7608 194 246 243 297
patient0071_0232 0 0.6296 222 247 243 263
patient0071_0233 0 0.7701 193 246 243 297
patient0071_0233 0 0.6279 222 246 243 262
patient0071_0234 0 0.7055 221 247 242 262
patient0071_0234 0 0.4296 192 245 242 296
patient0071_0235 0 0.7269 223 246 241 261
patient0071_0236 0 0.7008 225 247 240 259
patient0071_0237 0 0.6882 224 247 239 258
patient0071_0238 0 0.6902 225 246 238 258
patient0071_0239 0 0.6805 226 246 237 257
patient0071_0240 0 0.6681 226 245 237 257
patient0071_0241 0 0.6379 227 244 236 256
patient0071_0242 0 0.4408 227 245 235 255
patient0071_0243 0 0.3799 227 244 235 256
patient0072_0009 0 0.3941 346 319 414 390
patient0072_0010 0 0.2872 348 320 413 391
patient0072_0014 0 0.4001 318 243 352 275
patient0072_0015 0 0.5988 122 166 157 201
patient0072_0016 0 0.3210 189 394 304 483
patient0072_0017 0 0.4178 189 394 303 495
patient0072_0018 0 0.2530 189 236 216 262
patient0072_0021 0 0.3019 191 396 303 473
patient0072_0022 0 0.4484 190 395 303 484
patient0072_0023 0 0.4286 190 395 300 488
patient0072_0024 0 0.3495 189 395 303 491
patient0072_0024 0 0.2711 440 300 505 392
patient0072_0026 0 0.3248 193 395 299 493
patient0072_0027 0 0.2793 193 394 286 499
patient0072_0028 0 0.6622 26 308 73 344
patient0072_0029 0 0.3929 28 306 71 343
patient0072_0030 0 0.2620 28 296 74 337
patient0072_0031 0 0.5373 25 299 73 337
patient0072_0032 0 0.2851 18 306 53 334
patient0072_0041 0 0.3533 436 310 486 357
patient0072_0054 0 0.3903 429 324 473 380
patient0072_0056 0 0.3192 413 360 475 464
patient0072_0080 0 0.3073 259 250 280 266
patient0072_0080 0 0.2512 257 250 281 271
patient0072_0101 0 0.3877 205 301 236 326
patient0072_0102 0 0.4789 204 303 237 329
patient0072_0106 0 0.4341 178 291 230 336
patient0072_0120 0 0.2507 196 311 220 334
patient0072_0134 0 0.3088 249 282 265 296
patient0072_0141 0 0.4723 231 321 276 371
patient0072_0144 0 0.5315 221 307 282 379
patient0072_0145 0 0.6717 224 307 285 374
patient0072_0146 0 0.5847 227 304 284 376
patient0072_0160 0 0.2526 227 296 297 378
patient0072_0172 0 0.3320 216 272 230 295
patient0072_0173 0 0.4605 216 272 231 296
patient0072_0174 0 0.4155 220 272 234 297
patient0072_0175 0 0.6439 218 270 236 298
patient0072_0176 0 0.7690 217 269 237 301
patient0072_0177 0 0.7819 214 267 238 301
patient0072_0178 0 0.7104 215 250 263 302
patient0072_0179 0 0.8174 215 250 265 305
patient0072_0180 0 0.8606 213 251 265 305
patient0072_0181 0 0.8643 211 251 268 305
patient0072_0182 0 0.8249 212 249 270 306
patient0072_0183 0 0.8667 213 249 269 307
patient0072_0184 0 0.9001 211 251 270 307
patient0072_0185 0 0.9159 211 251 271 308
patient0072_0186 0 0.9091 209 250 271 309
patient0072_0187 0 0.9059 209 250 272 309
patient0072_0188 0 0.9032 210 250 272 310
patient0072_0189 0 0.8995 208 250 272 310
patient0072_0190 0 0.8914 206 249 272 310
patient0072_0191 0 0.9043 206 249 272 310
patient0072_0192 0 0.9033 205 249 273 310
patient0072_0193 0 0.8980 202 249 273 311
patient0072_0194 0 0.8949 203 248 273 311
patient0072_0195 0 0.8911 202 249 273 311
patient0072_0196 0 0.7977 231 250 273 312
patient0072_0196 0 0.7086 203 249 273 311
patient0072_0197 0 0.9001 230 251 274 312
patient0072_0198 0 0.8925 231 251 273 312
patient0072_0199 0 0.8968 231 251 273 312
patient0072_0200 0 0.9166 231 252 274 312
patient0072_0201 0 0.9267 231 252 275 312
patient0072_0202 0 0.9028 230 251 277 311
patient0072_0203 0 0.9152 230 250 279 311
patient0072_0204 0 0.9085 229 250 280 310
patient0072_0205 0 0.8674 228 249 280 310
patient0072_0206 0 0.8321 228 247 279 310
patient0072_0207 0 0.6702 227 248 278 310
patient0072_0207 0 0.5244 251 249 278 278
patient0072_0208 0 0.7950 228 248 278 310
patient0072_0209 0 0.7663 228 249 277 309
patient0072_0210 0 0.6650 249 249 277 273
patient0072_0211 0 0.6578 248 249 277 273
patient0072_0211 0 0.3933 226 247 275 308
patient0072_0212 0 0.7526 226 248 274 307
patient0072_0212 0 0.5288 247 247 277 274
patient0072_0213 0 0.7911 224 248 273 307
patient0072_0213 0 0.2739 249 247 276 273
patient0072_0214 0 0.7345 223 248 272 307
patient0072_0214 0 0.5085 249 246 275 273
patient0072_0215 0 0.6432 249 248 274 272
patient0072_0215 0 0.5455 222 250 272 307
patient0072_0216 0 0.6069 249 249 269 265
patient0072_0216 0 0.3329 249 249 273 269
patient0072_0217 0 0.6140 250 249 266 263
patient0072_0218 0 0.6173 250 249 264 262
patient0072_0219 0 0.6043 250 248 263 263
patient0072_0220 0 0.6192 249 249 262 262
patient0072_0221 0 0.5946 250 248 262 262
patient0072_0222 0 0.5702 248 248 261 261
patient0072_0223 0 0.5673 249 249 260 260
patient0072_0224 0 0.6086 248 249 258 259
patient0072_0225 0 0.6312 248 249 257 258
patient0072_0226 0 0.5517 248 249 256 258
patient0072_0227 0 0.3431 248 248 257 259
patient0072_0228 0 0.2925 247 249 257 260
patient0072_0247 0 0.2753 149 286 160 296
patient0073_0004 0 0.3154 128 146 154 163
patient0073_0006 0 0.3387 264 192 285 222
patient0073_0007 0 0.6027 264 193 285 224
patient0073_0008 0 0.2654 264 193 284 218
patient0073_0012 0 0.4379 224 253 249 290
patient0073_0017 0 0.4968 221 261 246 293
patient0073_0018 0 0.5168 222 261 249 295
patient0073_0035 0 0.2821 275 65 320 115
patient0073_0044 0 0.2536 104 49 125 64
patient0073_0052 0 0.3158 116 48 145 64
patient0073_0053 0 0.3921 114 47 145 64
patient0073_0054 0 0.2684 117 47 145 63
patient0073_0068 0 0.3478 280 102 315 128
patient0073_0143 0 0.2974 213 263 226 283
patient0073_0151 0 0.5606 203 256 228 285
patient0073_0152 0 0.7712 201 255 226 286
patient0073_0153 0 0.8559 201 251 227 286
patient0073_0154 0 0.8797 201 250 228 288
patient0073_0155 0 0.8800 201 250 227 288
patient0073_0156 0 0.8707 201 250 227 289
patient0073_0157 0 0.8656 201 247 227 290
patient0073_0158 0 0.8747 200 246 228 291
patient0073_0159 0 0.8868 200 245 228 291
patient0073_0160 0 0.8877 200 244 228 291
patient0073_0161 0 0.8893 199 244 229 291
patient0073_0162 0 0.8837 198 243 229 292
patient0073_0163 0 0.8654 197 243 229 292
patient0073_0164 0 0.8287 194 242 228 293
patient0073_0165 0 0.7469 193 234 230 293
patient0073_0165 0 0.5717 193 232 245 293
patient0073_0166 0 0.9004 193 231 245 293
patient0073_0167 0 0.9300 192 232 246 294
patient0073_0168 0 0.9344 192 231 246 295
patient0073_0169 0 0.9269 191 231 247 295
patient0073_0170 0 0.9217 190 231 248 295
patient0073_0171 0 0.9178 189 231 250 295
patient0073_0172 0 0.9195 189 232 251 295
patient0073_0173 0 0.9147 188 232 250 295
patient0073_0174 0 0.8936 191 232 250 295
patient0073_0175 0 0.8917 197 232 250 296
patient0073_0176 0 0.8877 200 232 249 296
patient0073_0177 0 0.8920 203 233 250 296
patient0073_0178 0 0.8913 205 233 251 297
patient0073_0179 0 0.8625 217 232 251 297
patient0073_0180 0 0.8825 218 233 251 298
patient0073_0181 0 0.8810 218 234 251 298
patient0073_0182 0 0.8847 217 234 251 298
patient0073_0183 0 0.8842 215 234 251 299
patient0073_0184 0 0.8828 214 234 252 298
patient0073_0185 0 0.8739 213 234 252 298
patient0073_0186 0 0.8769 212 234 255 298
patient0073_0187 0 0.8797 211 233 256 298
patient0073_0188 0 0.8528 209 233 260 297
patient0073_0189 0 0.8904 207 233 259 297
patient0073_0190 0 0.8271 206 233 259 297
patient0073_0191 0 0.6710 205 232 258 297
patient0073_0191 0 0.2967 230 233 259 275
patient0073_0192 0 0.7640 229 232 259 273
patient0073_0193 0 0.7535 227 232 259 269
patient0073_0194 0 0.7303 227 232 257 265
patient0073_0195 0 0.7107 229 234 255 263
patient0073_0196 0 0.7574 228 233 255 261
patient0073_0197 0 0.7257 227 232 254 259
patient0073_0198 0 0.6495 233 232 254 257
patient0073_0199 0 0.6655 233 232 253 256
patient0073_0200 0 0.6908 231 232 252 254
patient0073_0201 0 0.7062 231 233 252 253
patient0073_0202 0 0.7282 230 234 251 254
patient0073_0203 0 0.7182 230 235 250 253
patient0073_0204 0 0.6859 230 235 249 251
patient0073_0205 0 0.6685 230 235 247 250
patient0073_0206 0 0.6548 231 236 245 249
patient0073_0207 0 0.6273 230 235 243 248
patient0073_0208 0 0.6159 230 235 242 248
patient0073_0209 0 0.6187 229 236 241 247
patient0073_0210 0 0.5935 228 237 240 247
patient0073_0211 0 0.5200 226 237 239 248
patient0073_0212 0 0.3863 226 238 238 248
patient0073_0216 0 0.3454 224 240 236 255
patient0074_0004 0 0.2565 111 216 151 260
patient0074_0016 0 0.4272 138 438 232 512
patient0074_0016 0 0.3531 140 439 207 512
patient0074_0028 0 0.3168 315 435 347 470
patient0074_0029 0 0.4532 314 436 348 470
patient0074_0030 0 0.4974 314 436 350 470
patient0074_0031 0 0.3330 323 436 351 469
patient0074_0055 0 0.4341 354 349 378 379
patient0074_0079 0 0.2876 225 260 251 279
patient0074_0084 0 0.3123 210 250 253 301
patient0074_0085 0 0.4833 213 250 255 305
patient0074_0085 0 0.4145 211 249 255 277
patient0074_0086 0 0.5609 213 249 251 311
patient0074_0086 0 0.2864 212 249 250 278
patient0074_0087 0 0.5760 183 267 227 300
patient0074_0125 0 0.2614 218 289 250 312
patient0074_0127 0 0.2775 218 289 251 311
patient0074_0128 0 0.2519 218 289 249 311
patient0074_0141 0 0.3262 203 270 215 299
patient0074_0145 0 0.3894 205 272 217 298
patient0074_0146 0 0.6674 204 271 217 298
patient0074_0147 0 0.6908 203 270 219 298
patient0074_0148 0 0.8398 202 257 242 298
patient0074_0149 0 0.8465 201 256 243 300
patient0074_0150 0 0.8612 201 256 244 301
patient0074_0151 0 0.8995 201 256 244 302
patient0074_0152 0 0.9307 199 255 245 303
patient0074_0153 0 0.9494 199 255 246 303
patient0074_0154 0 0.9576 198 255 246 304
patient0074_0155 0 0.9492 196 254 246 304
patient0074_0156 0 0.9482 195 253 247 304
patient0074_0157 0 0.9309 194 253 248 305
patient0074_0158 0 0.9408 193 254 248 305
patient0074_0159 0 0.9473 192 254 248 305
patient0074_0160 0 0.9433 192 253 248 305
patient0074_0161 0 0.8894 190 255 248 305
patient0074_0162 0 0.8121 197 257 248 306
patient0074_0162 0 0.4512 190 245 248 306
patient0074_0163 0 0.8903 210 259 247 306
patient0074_0164 0 0.9079 212 259 246 306
patient0074_0165 0 0.9144 213 258 247 306
patient0074_0166 0 0.9110 213 258 247 306
patient0074_0167 0 0.8838 212 258 247 306
patient0074_0168 0 0.8837 211 259 247 306
patient0074_0169 0 0.8756 212 258 250 306
patient0074_0170 0 0.8639 212 258 248 307
patient0074_0171 0 0.8605 212 258 246 306
patient0074_0172 0 0.8609 212 260 246 306
patient0074_0173 0 0.8623 213 259 248 306
patient0074_0174 0 0.8731 213 255 251 306
patient0074_0175 0 0.8801 213 254 252 307
patient0074_0176 0 0.8764 213 254 252 306
patient0074_0177 0 0.8980 214 254 254 305
patient0074_0178 0 0.8533 215 254 253 305
patient0074_0179 0 0.8379 215 253 251 304
patient0074_0180 0 0.8544 215 252 250 303
patient0074_0181 0 0.8460 214 252 249 303
patient0074_0182 0 0.8417 214 253 250 303
patient0074_0183 0 0.8526 213 253 249 303
patient0074_0184 0 0.8259 212 253 247 302
patient0074_0185 0 0.4755 237 250 249 263
patient0074_0186 0 0.5705 235 251 247 262
patient0074_0187 0 0.5924 232 252 246 262
patient0074_0188 0 0.5121 232 251 245 262
patient0074_0189 0 0.5871 232 250 243 260
patient0074_0190 0 0.5915 232 250 242 260
patient0074_0191 0 0.5372 230 249 241 259
patient0074_0192 0 0.5309 230 249 241 259
patient0074_0193 0 0.4865 231 250 240 259
patient0074_0194 0 0.4901 230 250 240 260
patient0074_0195 0 0.5660 230 251 240 261
patient0074_0196 0 0.4995 230 250 240 263
patient0074_0203 0 0.5395 216 259 239 290
patient0074_0204 0 0.4834 216 259 240 291
patient0075_0001 0 0.5220 195 218 223 243
patient0075_0002 0 0.5582 195 217 227 246
patient0075_0003 0 0.3125 195 216 231 248
patient0075_0103 0 0.4866 198 220 232 296
patient0075_0161 0 0.3140 226 308 239 321
patient0075_0162 0 0.4087 224 307 239 320
patient0075_0163 0 0.4789 225 306 238 320
patient0075_0164 0 0.4308 227 306 237 319
patient0075_0173 0 0.3694 219 283 230 312
patient0075_0174 0 0.6973 213 279 227 301
patient0075_0175 0 0.7093 214 279 227 302
patient0075_0176 0 0.6773 213 276 227 305
patient0075_0177 0 0.7014 211 273 228 308
patient0075_0178 0 0.7417 211 272 228 309
patient0075_0179 0 0.7534 211 270 228 310
patient0075_0180 0 0.7651 211 268 229 311
patient0075_0181 0 0.7909 210 267 230 312
patient0075_0182 0 0.7949 211 265 231 312
patient0075_0183 0 0.8024 208 262 232 313
patient0075_0184 0 0.7742 208 258 242 313
patient0075_0185 0 0.8721 207 257 243 314
patient0075_0186 0 0.8991 205 255 245 314
patient0075_0187 0 0.9284 204 255 246 314
patient0075_0188 0 0.9234 202 253 247 314
patient0075_0189 0 0.9183 201 253 249 315
patient0075_0190 0 0.9333 201 254 249 315
patient0075_0191 0 0.8692 202 256 247 315
patient0075_0192 0 0.8698 201 256 248 315
patient0075_0193 0 0.7314 204 263 251 314
patient0075_0194 0 0.7902 214 272 252 314
patient0075_0195 0 0.7573 213 272 252 314
patient0075_0196 0 0.8067 214 272 252 314
patient0075_0197 0 0.8378 214 273 252 313
patient0075_0198 0 0.8746 214 272 253 313
patient0075_0199 0 0.9007 213 273 252 313
patient0075_0200 0 0.9047 212 273 253 313
patient0075_0201 0 0.8936 211 273 254 312
patient0075_0202 0 0.8908 211 272 255 312
patient0075_0203 0 0.8760 211 272 256 312
patient0075_0204 0 0.8677 212 273 256 311
patient0075_0205 0 0.8813 211 272 255 311
patient0075_0206 0 0.8745 211 273 255 310
patient0075_0207 0 0.8706 209 273 255 311
patient0075_0208 0 0.8196 207 272 254 310
patient0075_0209 0 0.7883 229 272 254 309
patient0075_0209 0 0.5050 213 271 254 309
patient0075_0210 0 0.7981 228 270 256 307
patient0075_0211 0 0.7045 229 268 256 306
patient0075_0212 0 0.6565 230 268 257 302
patient0075_0213 0 0.7300 230 268 256 302
patient0075_0214 0 0.8093 228 269 256 302
patient0075_0215 0 0.8256 228 267 255 301
patient0075_0216 0 0.7897 229 268 255 299
patient0075_0217 0 0.7866 231 269 255 297
patient0075_0218 0 0.7513 232 269 254 295
patient0075_0219 0 0.5778 231 268 253 288
patient0075_0220 0 0.4991 238 269 251 285
patient0075_0221 0 0.4783 238 269 250 284
patient0075_0222 0 0.3504 239 269 249 279
patient0075_0222 0 0.3272 238 268 249 283
patient0075_0223 0 0.4168 237 269 248 279
patient0075_0224 0 0.5286 235 269 245 279
patient0075_0225 0 0.5791 233 267 244 278
patient0075_0226 0 0.6316 232 267 242 278
patient0075_0227 0 0.6147 232 267 241 279
patient0075_0228 0 0.3927 232 267 241 279
patient0075_0230 0 0.2949 217 270 238 303
patient0076_0015 0 0.3373 80 290 123 326
patient0076_0018 0 0.3034 80 293 123 329
patient0076_0022 0 0.2757 88 291 116 320
patient0076_0023 0 0.4179 88 291 111 321
patient0076_0024 0 0.3675 88 291 108 324
patient0076_0024 0 0.2749 296 415 325 449
patient0076_0025 0 0.3985 181 350 221 379
patient0076_0026 0 0.4638 181 350 205 376
patient0076_0026 0 0.3330 181 351 216 376
patient0076_0027 0 0.5454 183 351 208 376
patient0076_0028 0 0.5856 185 355 209 376
patient0076_0029 0 0.4465 185 355 209 375
patient0076_0032 0 0.4934 187 354 216 376
patient0076_0033 0 0.5852 187 354 216 376
patient0076_0034 0 0.5141 186 354 216 376
patient0076_0035 0 0.5017 185 355 216 377
patient0076_0037 0 0.3371 187 354 216 376
patient0076_0038 0 0.5048 185 353 217 377
patient0076_0039 0 0.6040 183 353 217 378
patient0076_0040 0 0.6114 185 353 214 377
patient0076_0041 0 0.4997 185 353 215 377
patient0076_0044 0 0.3514 186 353 217 377
patient0076_0052 0 0.4343 0 353 43 389
patient0076_0053 0 0.2714 0 352 42 392
patient0076_0055 0 0.3489 0 358 44 391
patient0076_0056 0 0.2655 0 358 44 390
patient0076_0066 0 0.4452 365 358 394 408
patient0076_0067 0 0.6101 365 359 394 406
patient0076_0068 0 0.6825 365 359 393 405
patient0076_0069 0 0.7142 365 363 392 406
patient0076_0070 0 0.7126 365 363 392 405
patient0076_0071 0 0.6040 364 365 391 404
patient0076_0072 0 0.4082 365 367 389 402
patient0076_0072 0 0.3560 365 366 387 384
patient0076_0073 0 0.3397 366 368 389 405
patient0076_0074 0 0.4154 263 282 299 327
patient0076_0074 0 0.2776 366 371 389 405
patient0076_0075 0 0.3176 258 283 292 329
patient0076_0075 0 0.3133 366 371 389 405
patient0076_0076 0 0.5044 367 371 388 405
patient0076_0077 0 0.4447 368 372 387 404
patient0076_0078 0 0.4478 368 373 387 404
patient0076_0078 0 0.3651 367 373 387 395
patient0076_0079 0 0.4274 367 375 386 396
patient0076_0080 0 0.2960 368 376 386 405
patient0076_0081 0 0.3280 366 376 385 395
patient0076_0081 0 0.2538 244 293 282 333
patient0076_0082 0 0.4884 366 377 385 407
patient0076_0082 0 0.2562 244 294 280 330
patient0076_0083 0 0.3940 368 378 385 407
patient0076_0084 0 0.2789 237 299 272 331
patient0076_0090 0 0.3072 181 395 230 477
patient0076_0094 0 0.2501 322 344 364 390
patient0076_0095 0 0.3724 326 344 363 388
patient0076_0101 0 0.3469 198 334 246 383
patient0076_0102 0 0.4139 197 332 242 382
patient0076_0103 0 0.3896 196 331 237 383
patient0076_0104 0 0.5964 196 332 235 384
patient0076_0105 0 0.6545 194 337 244 385
patient0076_0106 0 0.6114 192 336 236 385
patient0076_0107 0 0.5586 190 336 234 386
patient0076_0108 0 0.5899 188 336 235 387
patient0076_0109 0 0.4674 189 337 236 387
patient0076_0166 0 0.2579 217 264 244 300
patient0076_0180 0 0.2948 224 308 261 341
patient0076_0180 0 0.2861 220 266 261 323
patient0076_0208 0 0.6453 184 275 203 302
patient0076_0209 0 0.7462 187 274 205 300
patient0076_0210 0 0.7754 187 273 205 300
patient0076_0211 0 0.8133 186 272 205 301
patient0076_0212 0 0.8382 185 271 205 302
patient0076_0213 0 0.8480 185 271 206 303
patient0076_0214 0 0.8434 185 271 206 304
patient0076_0215 0 0.8270 184 271 206 304
patient0076_0216 0 0.8289 183 270 207 305
patient0076_0217 0 0.8176 183 269 208 305
patient0076_0218 0 0.8155 183 268 208 306
patient0076_0219 0 0.8182 182 267 208 306
patient0076_0220 0 0.8282 182 266 208 307
patient0076_0221 0 0.8249 181 265 209 307
patient0076_0222 0 0.8500 180 259 211 307
patient0076_0223 0 0.8937 180 258 220 308
patient0076_0224 0 0.9396 178 260 224 307
patient0076_0225 0 0.9451 178 258 226 307
patient0076_0226 0 0.9481 177 259 227 307
patient0076_0227 0 0.9516 177 259 227 308
patient0076_0228 0 0.9348 177 259 228 308
patient0076_0229 0 0.9331 176 258 228 308
patient0076_0230 0 0.9346 175 257 228 309
patient0076_0231 0 0.9358 174 257 230 309
patient0076_0232 0 0.9396 174 258 230 309
patient0076_0233 0 0.9408 174 257 229 309
patient0076_0234 0 0.9402 173 257 230 309
patient0076_0235 0 0.9357 173 256 229 309
patient0076_0236 0 0.9293 173 257 229 308
patient0076_0237 0 0.8527 188 261 229 308
patient0076_0238 0 0.8953 189 262 229 309
patient0076_0239 0 0.8994 192 262 228 309
patient0076_0240 0 0.9144 193 262 228 309
patient0076_0241 0 0.9082 194 261 228 309
patient0076_0242 0 0.8836 198 261 229 309
patient0076_0243 0 0.8912 200 261 230 308
patient0076_0244 0 0.8787 200 261 234 309
patient0076_0245 0 0.8958 199 260 236 309
patient0076_0246 0 0.9028 199 261 237 309
patient0076_0247 0 0.9002 198 261 237 308
patient0076_0248 0 0.8948 197 260 237 309
patient0076_0249 0 0.9067 196 260 236 309
patient0076_0250 0 0.9174 195 260 236 309
patient0076_0251 0 0.9118 194 260 236 309
patient0076_0252 0 0.8666 193 260 235 309
patient0076_0253 0 0.8778 193 260 235 308
patient0076_0254 0 0.8976 192 260 235 308
patient0076_0255 0 0.8887 192 261 234 307
patient0076_0256 0 0.8614 192 261 234 307
patient0076_0257 0 0.7527 191 262 234 307
patient0076_0258 0 0.5910 211 262 235 279
patient0076_0259 0 0.6144 214 262 234 278
patient0076_0260 0 0.6432 214 262 232 276
patient0076_0261 0 0.6315 213 262 231 275
patient0076_0262 0 0.6313 215 262 230 274
patient0076_0263 0 0.6282 217 262 230 273
patient0076_0264 0 0.6024 217 262 229 273
patient0076_0265 0 0.6032 217 262 228 272
patient0076_0266 0 0.6153 216 261 228 272
patient0076_0267 0 0.6251 216 261 228 272
patient0076_0268 0 0.6300 215 260 227 272
patient0076_0269 0 0.6347 213 261 226 272
patient0076_0270 0 0.6511 213 261 225 272
patient0076_0271 0 0.6637 213 261 224 272
patient0076_0272 0 0.6455 213 261 223 272
patient0076_0273 0 0.5930 212 261 223 272
patient0076_0274 0 0.5003 212 261 222 272
patient0076_0275 0 0.4150 212 262 222 273
patient0076_0277 0 0.2558 211 263 219 272
patient0076_0282 0 0.3192 193 268 219 300
patient0076_0283 0 0.5389 196 269 219 299
patient0076_0284 0 0.6934 197 272 218 298
patient0076_0285 0 0.6596 197 272 217 298
patient0076_0286 0 0.5351 198 271 216 297
patient0077_0006 0 0.2538 225 286 264 318
patient0077_0007 0 0.5167 128 232 158 268
patient0077_0009 0 0.3037 148 238 160 256
patient0077_0011 0 0.3859 134 239 154 268
patient0077_0094 0 0.2729 289 223 311 242
patient0077_0095 0 0.3070 290 222 309 242
patient0077_0096 0 0.3550 288 221 307 242
patient0077_0100 0 0.3029 290 221 302 235
patient0077_0101 0 0.2671 288 221 300 234
patient0077_0116 0 0.3403 271 220 291 236
patient0077_0118 0 0.2910 268 217 290 238
patient0077_0131 0 0.2688 230 274 282 345
patient0077_0133 0 0.3670 242 269 317 342
patient0077_0134 0 0.7595 231 268 315 342
patient0077_0135 0 0.4302 230 263 316 346
patient0077_0145 0 0.2541 238 242 248 251
patient0077_0155 0 0.4022 236 228 258 272
patient0077_0159 0 0.6168 211 238 225 263
patient0077_0160 0 0.7633 211 236 226 264
patient0077_0161 0 0.8162 209 233 229 267
patient0077_0162 0 0.8710 208 232 232 269
patient0077_0163 0 0.8669 207 232 232 270
patient0077_0164 0 0.8500 207 230 234 270
patient0077_0165 0 0.8523 206 229 235 271
patient0077_0166 0 0.8273 205 228 237 272
patient0077_0167 0 0.8641 203 208 253 273
patient0077_0168 0 0.8842 202 209 254 273
patient0077_0169 0 0.9027 200 209 256 273
patient0077_0170 0 0.9123 199 208 257 273
patient0077_0171 0 0.9082 197 209 258 273
patient0077_0172 0 0.9086 196 207 259 274
patient0077_0173 0 0.8912 195 207 259 274
patient0077_0174 0 0.8906 193 205 261 273
patient0077_0175 0 0.8940 193 207 261 273
patient0077_0176 0 0.8921 192 206 262 273
patient0077_0177 0 0.8932 191 205 262 273
patient0077_0178 0 0.8975 191 205 262 273
patient0077_0179 0 0.9024 190 205 263 274
patient0077_0180 0 0.8989 190 204 263 274
patient0077_0181 0 0.9039 190 204 264 274
patient0077_0182 0 0.9056 190 204 264 274
patient0077_0183 0 0.9046 212 206 263 274
patient0077_0184 0 0.8405 219 206 263 274
patient0077_0185 0 0.8897 232 205 266 274
patient0077_0186 0 0.9178 233 204 271 274
patient0077_0187 0 0.9316 233 204 273 274
patient0077_0188 0 0.9307 233 203 275 274
patient0077_0189 0 0.9254 232 203 276 273
patient0077_0190 0 0.9222 232 203 277 273
patient0077_0191 0 0.9100 231 202 280 273
patient0077_0192 0 0.9011 230 201 279 273
patient0077_0193 0 0.8792 230 201 275 274
patient0077_0194 0 0.8420 229 200 273 274
patient0077_0195 0 0.8149 228 201 271 274
patient0077_0196 0 0.8101 227 202 270 273
patient0077_0197 0 0.6414 225 201 271 274
patient0077_0197 0 0.6201 239 202 270 226
patient0077_0198 0 0.5409 239 202 269 223
patient0077_0199 0 0.5324 241 202 269 222
patient0077_0200 0 0.5642 237 203 267 221
patient0077_0201 0 0.5322 237 203 264 220
patient0077_0202 0 0.5011 239 203 260 217
patient0077_0203 0 0.5579 238 203 259 216
patient0077_0204 0 0.5771 238 203 258 216
patient0077_0205 0 0.5350 238 203 256 215
patient0077_0206 0 0.5149 238 203 254 215
patient0077_0207 0 0.5831 237 204 252 214
patient0077_0208 0 0.6128 236 204 251 213
patient0077_0209 0 0.5695 237 204 251 213
patient0077_0210 0 0.5346 237 204 250 213
patient0077_0211 0 0.5045 237 204 250 214
patient0077_0212 0 0.4851 237 204 249 214
patient0077_0216 0 0.2610 235 207 248 219
patient0077_0217 0 0.2967 235 209 247 220
patient0077_0218 0 0.6814 225 214 247 260
patient0077_0219 0 0.6927 227 217 247 259
patient0077_0220 0 0.7105 227 218 258 259
patient0077_0221 0 0.6642 229 225 249 257
patient0078_0001 0 0.2652 264 231 303 266
patient0078_0011 0 0.3731 120 150 156 192
patient0078_0012 0 0.4130 123 152 158 187
patient0078_0012 0 0.2720 166 366 193 397
patient0078_0013 0 0.3236 166 370 193 399
patient0078_0014 0 0.3623 168 369 198 407
patient0078_0015 0 0.6388 160 372 198 406
patient0078_0015 0 0.2778 401 369 421 390
patient0078_0016 0 0.5793 160 371 198 405
patient0078_0017 0 0.3135 253 102 301 137
patient0078_0022 0 0.2788 164 497 221 512
patient0078_0024 0 0.4359 391 392 410 416
patient0078_0026 0 0.4012 394 395 409 422
patient0078_0027 0 0.4536 393 394 410 423
patient0078_0028 0 0.4200 392 395 410 424
patient0078_0030 0 0.3177 151 178 173 192
patient0078_0031 0 0.2857 152 178 173 192
patient0078_0035 0 0.2620 236 97 262 121
patient0078_0050 0 0.3645 81 41 123 79
patient0078_0065 0 0.2673 130 424 228 511
patient0078_0076 0 0.3334 183 20 217 41
patient0078_0078 0 0.3860 187 21 217 42
patient0078_0172 0 0.7196 189 263 209 291
patient0078_0173 0 0.8450 187 261 208 292
patient0078_0174 0 0.8464 188 261 206 293
patient0078_0175 0 0.8189 187 260 206 297
patient0078_0176 0 0.8090 186 258 207 298
patient0078_0177 0 0.7925 186 258 207 300
patient0078_0178 0 0.7291 186 257 209 302
patient0078_0178 0 0.2883 186 256 219 302
patient0078_0179 0 0.6562 185 257 221 303
patient0078_0179 0 0.5851 187 256 212 302
patient0078_0180 0 0.6706 188 255 223 304
patient0078_0180 0 0.6355 186 255 213 303
patient0078_0181 0 0.6485 187 256 209 304
patient0078_0181 0 0.6088 189 255 222 304
patient0078_0182 0 0.6860 186 255 211 305
patient0078_0182 0 0.6705 186 253 222 305
patient0078_0183 0 0.7599 186 254 210 306
patient0078_0184 0 0.8030 185 254 210 307
patient0078_0185 0 0.8069 184 252 211 308
patient0078_0186 0 0.8093 183 251 212 308
patient0078_0187 0 0.8082 181 251 212 309
patient0078_0188 0 0.7987 181 250 216 309
patient0078_0189 0 0.8043 180 250 216 309
patient0078_0190 0 0.8769 179 248 227 309
patient0078_0191 0 0.9188 178 248 229 310
patient0078_0192 0 0.9086 177 246 230 311
patient0078_0193 0 0.9364 175 242 233 312
patient0078_0194 0 0.9466 175 241 235 312
patient0078_0195 0 0.9358 174 241 236 312
patient0078_0196 0 0.9237 174 242 238 312
patient0078_0197 0 0.9247 173 242 238 312
patient0078_0198 0 0.9068 171 242 239 313
patient0078_0199 0 0.9072 170 243 240 313
patient0078_0200 0 0.8982 170 244 240 313
patient0078_0201 0 0.9028 169 243 240 313
patient0078_0202 0 0.8995 168 244 240 313
patient0078_0203 0 0.9000 170 247 240 313
patient0078_0204 0 0.9027 173 250 240 314
patient0078_0205 0 0.8948 188 258 239 313
patient0078_0206 0 0.9053 190 259 239 314
patient0078_0207 0 0.9167 188 259 239 314
patient0078_0208 0 0.9146 185 259 241 315
patient0078_0209 0 0.9101 184 260 241 315
patient0078_0210 0 0.8821 183 260 244 315
patient0078_0211 0 0.8691 182 261 244 316
patient0078_0212 0 0.7120 183 261 245 316
patient0078_0212 0 0.5492 207 261 245 301
patient0078_0213 0 0.8047 208 262 245 301
patient0078_0214 0 0.8157 209 262 244 300
patient0078_0215 0 0.8091 209 262 244 300
patient0078_0216 0 0.7652 210 262 243 298
patient0078_0217 0 0.7533 211 262 243 295
patient0078_0218 0 0.7672 213 262 242 292
patient0078_0219 0 0.7971 215 262 242 292
patient0078_0220 0 0.7610 214 262 242 292
patient0078_0221 0 0.7694 213 263 243 291
patient0078_0221 0 0.4244 212 262 245 304
patient0078_0222 0 0.7999 212 263 241 291
patient0078_0222 0 0.4466 211 262 245 314
patient0078_0223 0 0.7932 213 263 242 289
patient0078_0223 0 0.2734 211 262 247 316
patient0078_0224 0 0.7725 213 262 243 288
patient0078_0225 0 0.7069 215 263 242 285
patient0078_0226 0 0.5786 221 263 241 283
patient0078_0226 0 0.3634 215 262 242 285
patient0078_0227 0 0.6453 223 264 241 283
patient0078_0228 0 0.6481 221 264 241 283
patient0078_0229 0 0.6865 223 262 240 282
patient0078_0230 0 0.6509 224 261 239 281
patient0078_0231 0 0.5906 225 261 239 281
patient0078_0232 0 0.5510 226 261 238 279
patient0078_0233 0 0.5515 224 262 236 278
patient0078_0234 0 0.6258 219 263 234 276
patient0078_0235 0 0.6659 217 263 233 276
patient0078_0236 0 0.6315 220 264 230 275
patient0078_0237 0 0.6028 219 263 229 275
patient0078_0238 0 0.6169 217 263 228 274
patient0078_0239 0 0.6370 216 263 227 274
patient0078_0240 0 0.5891 216 263 226 274
patient0078_0241 0 0.4359 216 263 224 273
patient0079_0002 0 0.2862 157 204 174 220
patient0079_0005 0 0.2741 92 221 121 249
patient0079_0006 0 0.3175 91 222 121 249
patient0079_0007 0 0.3309 85 223 122 248
patient0079_0029 0 0.4262 406 355 438 375
patient0079_0030 0 0.3652 404 357 444 388
patient0079_0030 0 0.2927 404 353 440 377
patient0079_0038 0 0.3113 400 346 429 382
patient0079_0048 0 0.2902 392 354 416 389
patient0079_0049 0 0.3180 391 356 415 389
patient0079_0079 0 0.5011 234 242 305 334
patient0079_0080 0 0.5038 231 244 304 333
patient0079_0086 0 0.2729 220 254 259 289
patient0079_0152 0 0.4318 208 260 231 287
patient0079_0153 0 0.7709 207 259 231 288
patient0079_0154 0 0.7901 207 257 231 289
patient0079_0155 0 0.8053 206 256 232 290
patient0079_0156 0 0.7659 204 253 232 290
patient0079_0157 0 0.7782 201 251 233 292
patient0079_0158 0 0.8070 202 250 232 293
patient0079_0159 0 0.8221 203 251 232 294
patient0079_0160 0 0.8304 204 250 232 295
patient0079_0161 0 0.8105 202 250 232 296
patient0079_0162 0 0.8114 202 249 231 296
patient0079_0163 0 0.7994 201 247 231 297
patient0079_0164 0 0.7901 201 248 244 298
patient0079_0164 0 0.6657 200 247 232 298
patient0079_0165 0 0.8107 202 247 248 298
patient0079_0165 0 0.5677 200 246 235 299
patient0079_0166 0 0.8032 201 246 232 299
patient0079_0167 0 0.8305 201 245 232 299
patient0079_0168 0 0.8160 201 244 234 299
patient0079_0169 0 0.8446 198 242 243 300
patient0079_0170 0 0.9162 196 241 245 301
patient0079_0171 0 0.9114 193 241 246 302
patient0079_0172 0 0.9167 192 241 248 302
patient0079_0173 0 0.9272 191 241 249 303
patient0079_0174 0 0.9200 190 241 250 303
patient0079_0175 0 0.9195 190 241 251 303
patient0079_0176 0 0.9079 189 241 251 303
patient0079_0177 0 0.8845 188 241 252 303
patient0079_0178 0 0.8764 188 241 253 303
patient0079_0179 0 0.7798 188 242 252 302
patient0079_0179 0 0.2629 204 246 253 303
patient0079_0180 0 0.8260 215 247 254 303
patient0079_0181 0 0.9115 213 247 255 306
patient0079_0182 0 0.9080 212 247 257 307
patient0079_0183 0 0.9044 209 247 258 308
patient0079_0184 0 0.9068 208 247 259 308
patient0079_0185 0 0.8526 206 249 261 307
patient0079_0186 0 0.8342 205 250 261 308
patient0079_0187 0 0.7544 226 250 262 288
patient0079_0187 0 0.4055 203 250 262 308
patient0079_0188 0 0.8025 226 251 262 288
patient0079_0189 0 0.8017 226 251 262 287
patient0079_0190 0 0.7959 227 251 261 286
patient0079_0191 0 0.7846 228 251 261 283
patient0079_0192 0 0.7994 229 251 259 280
patient0079_0193 0 0.8043 229 251 259 279
patient0079_0194 0 0.7813 228 251 259 278
patient0079_0195 0 0.7541 228 251 259 278
patient0079_0196 0 0.7101 229 251 258 275
patient0079_0197 0 0.7087 229 251 257 273
patient0079_0198 0 0.7087 229 251 257 271
patient0079_0199 0 0.7119 229 251 256 270
patient0079_0200 0 0.6931 229 250 255 269
patient0079_0201 0 0.6733 230 251 255 269
patient0079_0202 0 0.6697 230 251 255 268
patient0079_0203 0 0.6739 233 250 253 267
patient0079_0204 0 0.6627 235 248 253 266
patient0079_0205 0 0.6389 235 249 252 266
patient0079_0206 0 0.6737 235 251 251 266
patient0079_0207 0 0.6475 234 251 249 266
patient0079_0208 0 0.6626 231 252 247 265
patient0079_0209 0 0.6763 233 254 246 264
patient0079_0210 0 0.6506 234 254 246 264
patient0079_0210 0 0.3502 216 254 245 309
patient0079_0211 0 0.5996 235 255 245 264
patient0079_0211 0 0.4648 216 255 245 308
patient0079_0212 0 0.5792 217 255 244 307
patient0079_0212 0 0.4917 234 255 243 263
patient0079_0213 0 0.5068 233 254 242 262
patient0079_0214 0 0.5346 231 254 241 263
patient0079_0215 0 0.5964 230 255 240 262
patient0079_0216 0 0.5934 230 255 239 262
patient0079_0241 0 0.3809 259 319 283 341
patient0080_0017 0 0.3297 104 266 125 290
patient0080_0020 0 0.3285 86 230 118 266
patient0080_0021 0 0.5988 89 231 117 265
patient0080_0021 0 0.4962 88 231 116 256
patient0080_0027 0 0.3629 279 326 298 342
patient0080_0045 0 0.3135 197 323 222 356
patient0080_0130 0 0.3928 250 276 281 322
patient0080_0131 0 0.2669 251 276 279 323
patient0080_0135 0 0.2741 224 314 280 405
patient0080_0137 0 0.5340 221 307 278 405
patient0080_0138 0 0.5052 219 325 279 406
patient0080_0138 0 0.3704 220 355 280 407
patient0080_0139 0 0.6645 219 355 276 408
patient0080_0140 0 0.5187 218 352 276 408
patient0080_0141 0 0.2865 219 338 277 408
patient0080_0144 0 0.2722 217 345 278 406
patient0080_0175 0 0.7053 193 328 213 351
patient0080_0176 0 0.7604 192 326 215 352
patient0080_0177 0 0.8028 191 325 218 355
patient0080_0178 0 0.8536 190 324 218 356
patient0080_0179 0 0.8657 187 320 218 356
patient0080_0180 0 0.8625 187 320 218 356
patient0080_0181 0 0.8302 186 298 228 358
patient0080_0182 0 0.8894 185 299 229 358
patient0080_0183 0 0.8749 184 293 233 358
patient0080_0184 0 0.9153 183 304 235 358
patient0080_0185 0 0.9307 182 303 236 359
patient0080_0186 0 0.9334 180 302 236 359
patient0080_0187 0 0.9333 180 301 236 359
patient0080_0188 0 0.9350 179 301 237 360
patient0080_0189 0 0.9250 179 300 239 359
patient0080_0190 0 0.9396 179 300 238 360
patient0080_0191 0 0.9189 178 300 238 360
patient0080_0192 0 0.8814 177 299 239 360
patient0080_0193 0 0.8804 198 299 239 360
patient0080_0194 0 0.8668 199 299 240 360
patient0080_0195 0 0.8587 203 298 241 361
patient0080_0196 0 0.8573 205 299 247 361
patient0080_0197 0 0.8544 209 298 250 362
patient0080_0198 0 0.8540 209 297 248 361
patient0080_0199 0 0.8615 209 297 244 362
patient0080_0200 0 0.8755 209 297 245 361
patient0080_0201 0 0.8987 208 298 249 361
patient0080_0202 0 0.8757 208 298 249 360
patient0080_0203 0 0.8568 208 298 249 360
patient0080_0204 0 0.8869 207 298 249 360
patient0080_0205 0 0.8296 205 298 249 361
patient0080_0205 0 0.3904 216 297 250 328
patient0080_0206 0 0.8481 205 298 248 361
patient0080_0207 0 0.7615 204 298 247 360
patient0080_0207 0 0.5168 216 299 248 323
patient0080_0208 0 0.6204 226 299 247 320
patient0080_0208 0 0.2545 203 299 246 360
patient0080_0209 0 0.6380 221 299 245 317
patient0080_0210 0 0.6897 221 301 243 316
patient0080_0211 0 0.6760 222 301 241 316
patient0080_0212 0 0.6405 222 300 241 315
patient0080_0213 0 0.5847 224 302 240 314
patient0080_0214 0 0.5521 225 302 239 313
patient0080_0215 0 0.5253 223 300 238 313
patient0080_0216 0 0.5503 224 299 236 313
patient0080_0217 0 0.4310 224 299 235 312
patient0080_0225 0 0.2554 214 319 238 350
patient0081_0001 0 0.3984 146 266 166 284
patient0081_0016 0 0.5029 149 236 177 275
patient0081_0021 0 0.4179 278 217 326 282
patient0081_0021 0 0.3368 158 244 180 272
patient0081_0022 0 0.5162 282 216 325 280
patient0081_0022 0 0.3053 162 242 181 275
patient0081_0023 0 0.6227 282 216 326 281
patient0081_0027 0 0.3153 161 243 185 279
patient0081_0028 0 0.3495 163 248 182 281
patient0081_0029 0 0.5039 164 249 197 284
patient0081_0030 0 0.4828 164 250 197 283
patient0081_0037 0 0.2648 243 301 274 334
patient0081_0038 0 0.2521 242 300 277 332
patient0081_0055 0 0.4951 245 263 278 301
patient0081_0064 0 0.4803 316 171 343 188
patient0081_0122 0 0.3773 213 306 236 332
patient0081_0162 0 0.2550 238 314 272 335
patient0081_0199 0 0.6190 218 277 230 303
patient0081_0200 0 0.6608 218 277 231 306
patient0081_0201 0 0.7478 218 276 232 308
patient0081_0202 0 0.8170 217 272 232 309
patient0081_0203 0 0.8100 217 270 234 310
patient0081_0204 0 0.8499 217 269 236 312
patient0081_0205 0 0.8348 218 268 237 312
patient0081_0206 0 0.8588 218 268 238 313
patient0081_0207 0 0.8564 217 252 261 314
patient0081_0208 0 0.8414 217 253 264 315
patient0081_0209 0 0.8962 217 254 266 315
patient0081_0210 0 0.8794 215 253 267 315
patient0081_0211 0 0.9106 215 253 268 315
patient0081_0212 0 0.9102 215 253 269 316
patient0081_0213 0 0.8976 214 253 269 317
patient0081_0214 0 0.9259 214 253 270 317
patient0081_0215 0 0.9126 213 253 271 317
patient0081_0216 0 0.9071 210 254 271 318
patient0081_0217 0 0.9264 211 254 273 318
patient0081_0218 0 0.9256 210 254 273 318
patient0081_0219 0 0.9228 210 254 273 318
patient0081_0220 0 0.9345 210 255 274 319
patient0081_0221 0 0.9411 210 255 274 319
patient0081_0222 0 0.9372 210 256 275 319
patient0081_0223 0 0.9318 209 256 276 319
patient0081_0224 0 0.9222 207 255 277 319
patient0081_0225 0 0.9022 204 253 277 319
patient0081_0226 0 0.8964 204 253 277 319
patient0081_0227 0 0.9046 226 262 275 319
patient0081_0227 0 0.6717 204 255 276 319
patient0081_0228 0 0.9082 226 262 275 320
patient0081_0228 0 0.2536 209 255 276 319
patient0081_0229 0 0.9082 225 262 277 320
patient0081_0230 0 0.9006 226 263 278 320
patient0081_0231 0 0.9137 226 262 280 320
patient0081_0232 0 0.9073 226 263 281 320
patient0081_0233 0 0.8729 226 263 281 320
patient0081_0234 0 0.8622 225 264 280 319
patient0081_0235 0 0.8551 227 265 279 319
patient0081_0236 0 0.8494 225 265 279 318
patient0081_0237 0 0.8063 224 264 279 319
patient0081_0238 0 0.6863 224 263 279 319
patient0081_0238 0 0.2505 263 263 279 289
patient0081_0239 0 0.5095 250 263 279 288
patient0081_0239 0 0.4198 260 262 278 289
patient0081_0240 0 0.6670 262 264 278 287
patient0081_0241 0 0.7062 261 264 278 286
patient0081_0242 0 0.6788 262 264 278 285
patient0081_0243 0 0.6600 261 264 277 284
patient0081_0244 0 0.6682 258 263 276 283
patient0081_0245 0 0.6671 257 264 276 282
patient0081_0246 0 0.6256 258 265 275 281
patient0081_0247 0 0.6324 256 266 273 279
patient0081_0248 0 0.6602 255 266 271 279
patient0081_0249 0 0.6342 259 266 270 278
patient0081_0250 0 0.6213 259 266 269 277
patient0081_0251 0 0.5679 257 260 269 277
patient0081_0252 0 0.5430 257 260 268 276
patient0081_0253 0 0.5145 257 262 267 277
patient0081_0254 0 0.5340 255 263 266 276
patient0081_0255 0 0.5165 254 263 264 276
patient0081_0256 0 0.5902 252 262 262 276
patient0081_0257 0 0.5500 251 261 261 274
patient0081_0258 0 0.4729 250 264 259 274
patient0081_0258 0 0.2675 251 262 260 275
patient0082_0001 0 0.3828 63 455 94 507
patient0082_0002 0 0.5378 64 451 95 510
patient0082_0003 0 0.2905 137 413 184 512
patient0082_0006 0 0.3075 129 413 186 512
patient0082_0006 0 0.2906 138 409 217 511
patient0082_0007 0 0.5414 137 412 212 512
patient0082_0008 0 0.2720 138 408 216 511
patient0082_0009 0 0.3063 140 410 215 511
patient0082_0009 0 0.2989 467 466 511 512
patient0082_0011 0 0.3216 138 412 188 470
patient0082_0013 0 0.2684 145 418 207 474
patient0082_0029 0 0.3174 131 409 212 512
patient0082_0031 0 0.3121 129 409 216 511
patient0082_0033 0 0.3863 127 408 218 512
patient0082_0037 0 0.3336 127 410 219 511
patient0082_0038 0 0.2950 126 414 221 512
patient0082_0040 0 0.2591 126 412 222 512
patient0082_0043 0 0.2673 144 419 223 511
patient0082_0045 0 0.3021 143 422 223 511
patient0082_0046 0 0.4302 142 422 222 512
patient0082_0048 0 0.4935 137 417 225 512
patient0082_0049 0 0.5412 136 421 225 511
patient0082_0050 0 0.4538 136 421 224 512
patient0082_0051 0 0.6100 137 423 223 512
patient0082_0052 0 0.5846 137 422 224 511
patient0082_0053 0 0.3822 140 424 225 511
patient0082_0058 0 0.4448 137 422 216 510
patient0082_0059 0 0.5138 139 420 220 510
patient0082_0060 0 0.6819 138 422 230 510
patient0082_0061 0 0.6559 138 421 231 510
patient0082_0062 0 0.2522 138 421 231 509
patient0082_0120 0 0.2784 137 216 159 243
patient0082_0122 0 0.4912 139 216 159 240
patient0082_0123 0 0.3422 138 211 159 239
patient0082_0125 0 0.2659 358 307 396 329
patient0082_0126 0 0.3761 362 307 394 329
patient0082_0133 0 0.5050 137 210 154 228
patient0082_0134 0 0.4171 136 210 156 228
patient0082_0163 0 0.2768 209 335 220 349
patient0082_0171 0 0.3555 202 329 223 346
patient0082_0172 0 0.3567 201 328 224 345
patient0082_0173 0 0.4397 200 327 223 345
patient0082_0173 0 0.3279 202 325 220 344
patient0082_0174 0 0.5206 202 325 219 344
patient0082_0175 0 0.4508 203 325 219 343
patient0082_0175 0 0.3483 199 325 221 344
patient0082_0176 0 0.4040 202 325 218 345
patient0082_0176 0 0.3372 194 325 220 349
patient0082_0177 0 0.4201 192 325 219 351
patient0082_0177 0 0.4137 202 325 218 345
patient0082_0178 0 0.3240 203 323 219 343
patient0082_0178 0 0.3168 192 324 220 349
patient0082_0179 0 0.3307 205 326 219 341
patient0082_0180 0 0.3057 203 328 220 342
patient0082_0180 0 0.2687 202 324 217 342
patient0082_0181 0 0.3860 196 324 220 343
patient0082_0181 0 0.2917 192 323 219 346
patient0082_0182 0 0.4758 195 323 219 343
patient0082_0183 0 0.3677 196 323 218 342
patient0082_0184 0 0.2516 196 322 218 340
patient0082_0192 0 0.5226 191 311 207 333
patient0082_0193 0 0.7399 188 309 208 334
patient0082_0194 0 0.7843 188 307 208 336
patient0082_0195 0 0.8219 188 306 208 336
patient0082_0196 0 0.8431 187 305 210 337
patient0082_0197 0 0.8500 186 304 211 338
patient0082_0198 0 0.8437 186 303 212 339
patient0082_0199 0 0.8505 184 302 212 339
patient0082_0200 0 0.8324 184 301 213 339
patient0082_0200 0 0.7084 184 292 221 339
patient0082_0201 0 0.8779 183 289 228 340
patient0082_0202 0 0.9012 182 289 229 339
patient0082_0203 0 0.9150 180 289 229 339
patient0082_0204 0 0.9097 180 288 228 339
patient0082_0205 0 0.9099 179 287 229 339
patient0082_0206 0 0.9118 178 286 230 340
patient0082_0207 0 0.9092 177 286 231 341
patient0082_0208 0 0.9072 177 286 231 342
patient0082_0209 0 0.8919 176 286 232 342
patient0082_0210 0 0.8608 175 286 232 342
patient0082_0211 0 0.8549 175 285 232 342
patient0082_0212 0 0.8385 173 283 231 342
patient0082_0213 0 0.8358 172 285 232 343
patient0082_0214 0 0.9024 173 288 233 344
patient0082_0215 0 0.8984 173 288 234 345
patient0082_0216 0 0.8891 172 286 234 344
patient0082_0217 0 0.8124 171 286 234 344
patient0082_0218 0 0.6780 184 287 234 344
patient0082_0219 0 0.7309 191 290 235 344
patient0082_0220 0 0.7722 193 289 233 344
patient0082_0221 0 0.7198 196 287 234 344
patient0082_0222 0 0.6867 201 285 234 344
patient0082_0223 0 0.7877 199 286 235 344
patient0082_0224 0 0.7920 199 291 235 344
patient0082_0225 0 0.7592 203 296 236 344
patient0082_0226 0 0.7965 204 298 236 345
patient0082_0227 0 0.8101 205 290 236 345
patient0082_0228 0 0.8407 204 293 235 345
patient0082_0229 0 0.8297 204 289 234 345
patient0082_0230 0 0.8210 205 284 234 345
patient0082_0231 0 0.8052 206 283 234 345
patient0082_0232 0 0.8063 205 282 238 345
patient0082_0233 0 0.8100 204 282 240 345
patient0082_0234 0 0.8160 204 281 240 345
patient0082_0235 0 0.8360 203 280 241 345
patient0082_0236 0 0.8471 203 279 241 345
patient0082_0237 0 0.8347 202 279 242 345
patient0082_0238 0 0.8369 203 280 242 344
patient0082_0239 0 0.8144 203 280 241 344
patient0082_0240 0 0.8244 202 278 241 344
patient0082_0241 0 0.8169 202 281 239 344
patient0082_0242 0 0.8088 202 279 239 343
patient0082_0243 0 0.7890 201 279 239 342
patient0082_0244 0 0.8202 201 280 239 342
patient0082_0245 0 0.7358 201 281 239 341
patient0082_0245 0 0.4610 218 281 239 302
patient0082_0246 0 0.5395 200 282 238 341
patient0082_0246 0 0.5016 219 281 237 299
patient0082_0247 0 0.5499 219 282 235 297
patient0082_0247 0 0.3160 198 282 236 342
patient0082_0248 0 0.6104 197 283 233 342
patient0082_0248 0 0.4706 217 282 234 297
patient0082_0249 0 0.7492 197 284 233 341
patient0082_0249 0 0.3741 217 282 234 297
patient0082_0250 0 0.7586 197 284 232 340
patient0082_0250 0 0.3682 218 282 233 296
patient0082_0251 0 0.7144 197 282 231 341
patient0082_0251 0 0.4331 217 281 232 295
patient0082_0252 0 0.6431 197 282 230 341
patient0082_0252 0 0.4609 217 282 231 294
patient0082_0253 0 0.4895 216 282 230 293
patient0082_0254 0 0.4779 214 282 229 293
patient0082_0255 0 0.5179 213 282 227 291
patient0082_0255 0 0.4057 193 282 227 339
patient0082_0256 0 0.5445 213 282 225 291
patient0082_0256 0 0.3576 194 282 226 339
patient0082_0257 0 0.5521 212 281 225 292
patient0082_0258 0 0.4996 212 281 226 293
patient0082_0259 0 0.3883 212 281 226 294
patient0082_0260 0 0.4038 213 285 226 295
patient0082_0261 0 0.4782 213 286 226 296
patient0082_0262 0 0.5071 212 286 225 297
patient0082_0263 0 0.3657 210 281 223 297
patient0082_0264 0 0.4125 209 280 222 298
patient0082_0265 0 0.2867 210 283 221 297
patient0082_0266 0 0.4115 211 288 221 299
patient0082_0266 0 0.3113 210 285 221 298
patient0082_0267 0 0.4914 212 290 221 300
patient0082_0267 0 0.3048 210 286 221 301
patient0082_0268 0 0.5321 210 290 221 303
patient0082_0269 0 0.4263 211 290 221 303
patient0082_0271 0 0.5264 204 295 219 326
patient0082_0272 0 0.6370 204 295 220 326
patient0082_0273 0 0.3039 204 296 221 325
patient0083_0003 0 0.3118 133 224 171 263
patient0083_0004 0 0.2865 128 225 169 263
patient0083_0013 0 0.2543 133 226 163 262
patient0083_0022 0 0.4944 267 69 301 93
patient0083_0023 0 0.2558 268 68 302 94
patient0083_0024 0 0.2581 272 69 302 94
patient0083_0025 0 0.5426 270 67 299 95
patient0083_0026 0 0.4543 270 69 300 94
patient0083_0027 0 0.4899 270 69 299 94
patient0083_0028 0 0.2588 271 69 298 94
patient0083_0029 0 0.2529 271 69 297 92
patient0083_0099 0 0.2967 0 138 42 190
patient0083_0110 0 0.3475 0 165 60 205
patient0083_0111 0 0.2696 0 173 60 208
patient0083_0192 0 0.2659 230 252 286 323
patient0083_0238 0 0.2820 214 269 225 299
patient0083_0239 0 0.2956 213 269 225 299
patient0083_0240 0 0.3798 212 270 224 299
patient0083_0241 0 0.3561 212 270 224 300
patient0083_0244 0 0.6455 210 271 225 299
patient0083_0245 0 0.8179 208 272 225 298
patient0083_0246 0 0.8051 208 271 225 299
patient0083_0247 0 0.8391 207 271 225 301
patient0083_0248 0 0.8268 206 270 225 301
patient0083_0249 0 0.8157 206 269 225 302
patient0083_0250 0 0.8223 206 268 225 302
patient0083_0251 0 0.8530 205 268 225 303
patient0083_0252 0 0.8194 204 268 226 304
patient0083_0253 0 0.7475 204 264 227 304
patient0083_0253 0 0.6864 203 256 232 304
patient0083_0254 0 0.8206 203 253 238 305
patient0083_0255 0 0.8450 203 253 239 306
patient0083_0256 0 0.8536 202 252 241 306
patient0083_0257 0 0.8465 201 252 243 306
patient0083_0258 0 0.8779 199 254 243 306
patient0083_0259 0 0.9039 198 254 245 306
patient0083_0260 0 0.9120 198 253 246 307
patient0083_0261 0 0.9206 197 252 246 308
patient0083_0262 0 0.9091 196 253 247 308
patient0083_0263 0 0.9077 195 253 249 308
patient0083_0264 0 0.9210 194 254 250 309
patient0083_0265 0 0.9212 194 254 250 309
patient0083_0266 0 0.9230 193 252 249 309
patient0083_0267 0 0.9139 193 251 249 309
patient0083_0268 0 0.8902 193 251 250 309
patient0083_0269 0 0.8790 193 252 250 310
patient0083_0270 0 0.8867 193 252 251 310
patient0083_0271 0 0.8967 193 252 251 310
patient0083_0272 0 0.8881 192 252 251 310
patient0083_0273 0 0.8894 192 252 253 310
patient0083_0274 0 0.9081 193 252 260 310
patient0083_0275 0 0.9105 192 253 262 310
patient0083_0276 0 0.8805 192 253 262 310
patient0083_0277 0 0.8122 212 252 266 311
patient0083_0277 0 0.5950 193 253 263 311
patient0083_0278 0 0.8196 213 254 265 312
patient0083_0279 0 0.8708 214 253 265 312
patient0083_0280 0 0.8979 213 254 265 313
patient0083_0281 0 0.9008 212 255 264 313
patient0083_0282 0 0.8689 211 256 264 312
patient0083_0283 0 0.8613 210 255 262 312
patient0083_0284 0 0.8672 210 256 263 313
patient0083_0285 0 0.8662 210 256 263 312
patient0083_0286 0 0.8534 209 256 263 313
patient0083_0287 0 0.8251 207 256 262 312
patient0083_0288 0 0.5996 230 257 262 285
patient0083_0288 0 0.5944 207 256 262 312
patient0083_0289 0 0.7358 230 257 262 284
patient0083_0290 0 0.7204 231 257 262 283
patient0083_0291 0 0.6699 233 257 262 282
patient0083_0292 0 0.6354 234 256 261 280
patient0083_0293 0 0.4998 245 256 260 278
patient0083_0293 0 0.4321 237 253 261 280
patient0083_0294 0 0.4857 246 264 260 278
patient0083_0294 0 0.3036 244 255 260 279
patient0083_0294 0 0.2659 245 261 260 279
patient0083_0295 0 0.4550 246 265 260 278
patient0083_0295 0 0.3641 243 255 260 278
patient0083_0295 0 0.3038 245 261 260 279
patient0083_0295 0 0.2824 240 249 260 279
patient0083_0296 0 0.4817 245 263 259 277
patient0083_0296 0 0.4562 242 258 259 277
patient0083_0296 0 0.3447 240 252 260 278
patient0083_0297 0 0.5912 240 253 259 277
patient0083_0298 0 0.5714 240 254 258 277
patient0083_0299 0 0.5885 237 255 257 275
patient0083_0300 0 0.6090 238 255 256 274
patient0083_0301 0 0.6187 239 254 256 273
patient0083_0302 0 0.6130 240 254 255 273
patient0083_0303 0 0.6270 240 254 254 272
patient0083_0304 0 0.6153 238 254 252 271
patient0083_0305 0 0.5624 236 256 250 269
patient0083_0306 0 0.5436 236 257 249 268
patient0083_0307 0 0.5247 237 257 248 268
patient0083_0308 0 0.5207 236 258 247 268
patient0083_0309 0 0.5318 236 258 247 268
patient0083_0310 0 0.5076 234 258 246 267
patient0083_0311 0 0.5248 232 257 243 266
patient0083_0312 0 0.3991 232 257 243 266
patient0083_0313 0 0.3436 233 259 244 267
patient0083_0314 0 0.4108 233 259 244 268
patient0083_0315 0 0.3782 233 260 243 268
patient0084_0025 0 0.3225 417 269 494 368
patient0084_0026 0 0.5052 439 271 492 367
patient0084_0067 0 0.3235 173 217 206 249
patient0084_0068 0 0.3605 172 213 195 230
patient0084_0073 0 0.3212 186 152 214 177
patient0084_0074 0 0.4653 107 197 144 240
patient0084_0075 0 0.5884 107 197 144 239
patient0084_0103 0 0.4090 218 242 243 282
patient0084_0104 0 0.3169 221 239 243 282
patient0084_0106 0 0.2811 218 232 248 284
patient0084_0143 0 0.7742 180 226 196 252
patient0084_0144 0 0.8033 178 223 198 253
patient0084_0145 0 0.8771 176 222 199 255
patient0084_0146 0 0.8812 176 220 199 256
patient0084_0147 0 0.8664 176 220 200 257
patient0084_0148 0 0.8698 176 219 200 258
patient0084_0149 0 0.8423 175 218 200 258
patient0084_0150 0 0.8236 175 217 201 259
patient0084_0151 0 0.8169 175 216 201 259
patient0084_0152 0 0.8310 175 215 202 260
patient0084_0153 0 0.8353 174 214 202 261
patient0084_0154 0 0.8358 173 214 202 261
patient0084_0155 0 0.8379 172 214 202 262
patient0084_0156 0 0.8256 171 213 203 262
patient0084_0157 0 0.8091 170 211 203 262
patient0084_0158 0 0.8616 168 208 211 263
patient0084_0159 0 0.9118 167 207 215 264
patient0084_0160 0 0.9045 166 208 217 264
patient0084_0161 0 0.9091 166 207 219 264
patient0084_0162 0 0.9089 166 207 219 264
patient0084_0163 0 0.8981 164 207 220 264
patient0084_0164 0 0.9103 164 208 221 264
patient0084_0165 0 0.9248 164 208 222 265
patient0084_0166 0 0.9257 163 208 222 265
patient0084_0167 0 0.9091 163 209 222 265
patient0084_0168 0 0.9111 162 208 223 265
patient0084_0169 0 0.8961 163 209 224 265
patient0084_0170 0 0.8811 170 209 225 265
patient0084_0171 0 0.7706 186 210 229 266
patient0084_0171 0 0.2839 173 209 224 265
patient0084_0172 0 0.9170 187 210 229 266
patient0084_0173 0 0.9196 187 210 231 266
patient0084_0174 0 0.9028 187 210 232 266
patient0084_0175 0 0.9064 186 210 232 266
patient0084_0176 0 0.8494 184 210 232 267
patient0084_0177 0 0.6558 183 210 232 267
patient0084_0177 0 0.5796 201 211 232 243
patient0084_0178 0 0.7793 200 211 232 242
patient0084_0179 0 0.7785 200 212 231 241
patient0084_0180 0 0.7556 200 212 230 240
patient0084_0181 0 0.7719 200 212 230 238
patient0084_0182 0 0.7201 199 210 229 236
patient0084_0183 0 0.7386 200 210 229 235
patient0084_0184 0 0.7566 200 209 229 235
patient0084_0185 0 0.7603 200 210 229 234
patient0084_0186 0 0.7435 200 210 228 233
patient0084_0187 0 0.7087 200 210 227 232
patient0084_0188 0 0.6726 200 210 227 231
patient0084_0189 0 0.6114 201 211 227 229
patient0084_0190 0 0.6451 203 210 225 229
patient0084_0191 0 0.5818 203 209 225 228
patient0084_0192 0 0.5384 202 210 224 228
patient0084_0193 0 0.5573 201 211 223 227
patient0084_0194 0 0.5653 205 212 221 226
patient0084_0195 0 0.5765 206 213 220 225
patient0084_0196 0 0.5787 205 212 218 224
patient0084_0197 0 0.6354 202 212 217 224
patient0084_0198 0 0.6217 201 213 216 225
patient0084_0199 0 0.6119 202 213 215 224
patient0084_0200 0 0.6207 202 214 214 224
patient0084_0201 0 0.6179 200 215 213 225
patient0084_0202 0 0.5661 200 216 212 225
patient0084_0202 0 0.2967 184 216 211 263
patient0084_0203 0 0.5573 200 216 211 226
patient0084_0204 0 0.3947 200 215 210 227
patient0085_0009 0 0.3351 127 183 141 202
patient0085_0010 0 0.3044 127 182 145 201
patient0085_0175 0 0.2830 220 289 261 327
patient0085_0175 0 0.2558 226 289 260 321
patient0085_0176 0 0.4678 227 289 260 319
patient0085_0191 0 0.3917 182 312 202 328
patient0085_0192 0 0.3931 182 311 203 327
patient0085_0217 0 0.4475 193 283 206 302
patient0085_0218 0 0.6527 192 283 207 303
patient0085_0219 0 0.7113 191 281 208 304
patient0085_0220 0 0.7601 190 280 208 305
patient0085_0221 0 0.8188 190 278 209 306
patient0085_0222 0 0.8641 189 277 210 306
patient0085_0223 0 0.8658 188 276 211 306
patient0085_0224 0 0.8331 188 258 229 307
patient0085_0225 0 0.8600 188 259 232 307
patient0085_0226 0 0.8652 188 258 233 308
patient0085_0227 0 0.8782 187 259 233 308
patient0085_0228 0 0.8945 186 259 234 308
patient0085_0229 0 0.9096 186 259 235 309
patient0085_0230 0 0.9261 184 259 235 309
patient0085_0231 0 0.9305 184 259 236 309
patient0085_0232 0 0.9401 183 259 236 309
patient0085_0233 0 0.9478 182 259 236 309
patient0085_0234 0 0.9475 181 259 237 309
patient0085_0235 0 0.9463 181 259 237 309
patient0085_0236 0 0.9454 180 259 237 309
patient0085_0237 0 0.9446 180 259 238 309
patient0085_0238 0 0.9474 179 259 238 310
patient0085_0239 0 0.9510 178 259 238 310
patient0085_0240 0 0.9492 178 259 239 310
patient0085_0241 0 0.9484 177 260 238 310
patient0085_0242 0 0.9446 176 260 238 310
patient0085_0243 0 0.9428 176 259 238 310
patient0085_0244 0 0.9440 175 259 239 310
patient0085_0245 0 0.9447 175 259 239 310
patient0085_0246 0 0.9426 175 259 239 311
patient0085_0247 0 0.8894 174 258 239 311
patient0085_0248 0 0.8712 198 258 238 311
patient0085_0249 0 0.8827 199 259 237 311
patient0085_0250 0 0.8860 200 259 238 312
patient0085_0251 0 0.8770 201 260 238 312
patient0085_0252 0 0.8738 204 260 237 312
patient0085_0253 0 0.8899 206 259 238 312
patient0085_0254 0 0.8701 207 259 238 311
patient0085_0255 0 0.8775 209 258 238 312
patient0085_0256 0 0.8611 210 258 239 312
patient0085_0257 0 0.8617 210 258 240 312
patient0085_0258 0 0.8334 211 258 243 312
patient0085_0259 0 0.8165 211 257 245 312
patient0085_0260 0 0.8515 211 257 249 312
patient0085_0261 0 0.8495 211 257 246 313
patient0085_0262 0 0.8440 211 258 247 313
patient0085_0263 0 0.8348 211 258 246 313
patient0085_0264 0 0.8447 211 256 246 312
patient0085_0265 0 0.8517 210 255 245 312
patient0085_0266 0 0.8663 210 254 244 311
patient0085_0267 0 0.8715 210 254 244 312
patient0085_0268 0 0.8698 209 254 243 313
patient0085_0269 0 0.8733 209 254 243 313
patient0085_0270 0 0.8842 208 254 242 313
patient0085_0271 0 0.8889 208 255 242 314
patient0085_0272 0 0.8946 207 256 241 313
patient0085_0273 0 0.8935 207 256 240 313
patient0085_0274 0 0.8883 206 256 239 313
patient0085_0275 0 0.8755 205 256 238 313
patient0085_0276 0 0.8713 205 257 237 313
patient0085_0277 0 0.8643 205 257 236 313
patient0085_0278 0 0.8649 204 257 235 312
patient0085_0279 0 0.8613 204 257 235 312
patient0085_0280 0 0.8523 204 257 234 312
patient0085_0281 0 0.8333 203 257 234 311
patient0085_0282 0 0.8071 202 257 233 311
patient0085_0282 0 0.3860 224 255 236 267
patient0085_0283 0 0.7981 202 257 233 311
patient0085_0283 0 0.3850 224 256 235 267
patient0085_0284 0 0.7734 201 257 232 311
patient0085_0284 0 0.4163 223 256 233 265
patient0085_0285 0 0.7393 201 256 231 310
patient0085_0285 0 0.5094 222 255 232 265
patient0085_0286 0 0.6171 200 256 231 310
patient0085_0286 0 0.5692 221 255 231 265
patient0085_0287 0 0.5838 220 255 231 265
patient0085_0288 0 0.5799 220 255 231 265
patient0085_0289 0 0.5945 220 255 230 265
patient0085_0290 0 0.5670 220 254 230 265
patient0085_0291 0 0.4725 219 254 230 265
patient0085_0292 0 0.3836 219 254 229 265
patient0085_0307 0 0.6164 209 280 227 300
patient0085_0308 0 0.3452 209 280 227 299
patient0086_0003 0 0.4031 381 294 427 347
patient0086_0009 0 0.3383 251 186 280 218
patient0086_0029 0 0.3133 189 298 217 318
patient0086_0030 0 0.3018 188 299 215 317
patient0086_0030 0 0.2977 187 299 220 350
patient0086_0032 0 0.2843 187 299 221 351
patient0086_0039 0 0.2604 88 225 111 257
patient0086_0041 0 0.3091 90 218 109 238
patient0086_0042 0 0.3160 88 212 118 246
patient0086_0042 0 0.2797 88 210 109 235
patient0086_0044 0 0.3314 88 228 105 244
patient0086_0100 0 0.2552 142 163 200 207
patient0086_0101 0 0.5113 139 164 196 217
patient0086_0101 0 0.2592 139 165 197 256
patient0086_0102 0 0.2955 139 165 192 219
patient0086_0102 0 0.2801 138 165 193 249
patient0086_0105 0 0.4497 137 174 162 200
patient0086_0110 0 0.4146 134 188 155 226
patient0086_0146 0 0.2731 241 317 274 362
patient0086_0149 0 0.2991 241 314 280 363
patient0086_0164 0 0.2833 240 299 252 312
patient0086_0167 0 0.2896 241 296 252 310
patient0086_0168 0 0.4280 241 296 253 309
patient0086_0177 0 0.3569 231 278 242 300
patient0086_0178 0 0.6952 227 276 244 301
patient0086_0179 0 0.6905 230 274 246 303
patient0086_0180 0 0.7160 226 272 248 305
patient0086_0181 0 0.8323 225 269 250 305
patient0086_0182 0 0.8570 224 266 251 307
patient0086_0183 0 0.8549 223 264 251 307
patient0086_0184 0 0.8447 223 264 253 308
patient0086_0185 0 0.8170 224 263 254 308
patient0086_0186 0 0.8153 222 262 253 309
patient0086_0187 0 0.7906 221 262 253 309
patient0086_0188 0 0.8135 220 261 255 310
patient0086_0189 0 0.8467 220 259 256 311
patient0086_0190 0 0.8597 218 259 257 312
patient0086_0191 0 0.8720 217 258 258 312
patient0086_0192 0 0.8525 217 257 258 313
patient0086_0193 0 0.8437 216 256 264 313
patient0086_0194 0 0.8960 216 256 268 313
patient0086_0195 0 0.8776 215 254 271 314
patient0086_0196 0 0.8858 216 253 273 314
patient0086_0197 0 0.9023 216 251 275 315
patient0086_0198 0 0.9180 216 253 277 315
patient0086_0199 0 0.9218 214 252 278 315
patient0086_0200 0 0.9153 213 253 279 315
patient0086_0201 0 0.8859 211 252 278 315
patient0086_0202 0 0.8932 211 252 278 315
patient0086_0203 0 0.8953 210 251 278 316
patient0086_0204 0 0.8983 209 251 279 315
patient0086_0205 0 0.8945 209 252 281 316
patient0086_0206 0 0.2684 217 258 283 317
patient0086_0207 0 0.7946 245 261 285 316
patient0086_0208 0 0.8341 237 261 289 319
patient0086_0209 0 0.8642 236 261 293 320
patient0086_0210 0 0.8739 235 260 294 320
patient0086_0211 0 0.8588 233 261 294 320
patient0086_0212 0 0.8444 233 262 295 320
patient0086_0213 0 0.7396 232 260 294 320
patient0086_0214 0 0.7314 232 262 294 319
patient0086_0214 0 0.2550 258 262 293 296
patient0086_0215 0 0.6853 255 264 293 293
patient0086_0216 0 0.7416 255 263 292 292
patient0086_0217 0 0.7522 256 260 291 291
patient0086_0218 0 0.6542 255 263 290 289
patient0086_0219 0 0.6797 255 264 290 289
patient0086_0220 0 0.7151 258 263 290 288
patient0086_0221 0 0.4790 261 256 289 286
patient0086_0221 0 0.4348 273 256 289 285
patient0086_0222 0 0.4807 273 256 289 285
patient0086_0222 0 0.3915 263 255 288 285
patient0086_0223 0 0.4913 273 256 288 284
patient0086_0223 0 0.4162 266 256 288 284
patient0086_0224 0 0.5591 271 257 286 283
patient0086_0225 0 0.5915 271 258 286 282
patient0086_0226 0 0.6299 270 259 285 281
patient0086_0227 0 0.5341 262 260 284 281
patient0086_0228 0 0.5358 269 262 284 281
patient0086_0228 0 0.3943 258 262 284 281
patient0086_0229 0 0.5797 269 262 283 280
patient0086_0230 0 0.5586 270 262 281 279
patient0086_0231 0 0.4282 270 263 280 278
patient0086_0232 0 0.4906 268 265 279 277
patient0086_0233 0 0.5667 265 265 277 275
patient0086_0234 0 0.5951 264 265 275 275
patient0086_0235 0 0.5920 264 264 274 275
patient0086_0236 0 0.5468 263 264 273 274
patient0086_0237 0 0.5448 261 264 272 275
patient0086_0238 0 0.6192 258 263 270 276
patient0086_0239 0 0.5977 257 263 269 276
patient0086_0240 0 0.4894 256 265 267 276
patient0086_0241 0 0.5883 254 266 267 277
patient0086_0242 0 0.5656 252 266 265 277
patient0086_0243 0 0.5846 251 266 263 277
patient0086_0244 0 0.5503 251 267 263 278
patient0086_0246 0 0.3037 217 272 270 326
patient0086_0247 0 0.3322 249 267 263 283
patient0086_0247 0 0.2955 218 270 264 325
patient0086_0248 0 0.4031 219 271 261 325
patient0086_0248 0 0.3378 249 268 261 282
patient0086_0249 0 0.3636 219 269 259 325
patient0086_0249 0 0.3276 247 268 258 282
patient0086_0250 0 0.5199 217 269 260 325
patient0086_0250 0 0.3811 245 268 257 281
patient0086_0251 0 0.3020 217 283 262 325
patient0086_0251 0 0.2907 246 268 256 281
patient0086_0253 0 0.5178 212 286 261 325
patient0087_0003 0 0.2565 109 217 132 249
patient0087_0005 0 0.5743 168 328 225 368
patient0087_0068 0 0.2740 156 246 184 266
patient0087_0129 0 0.7009 215 266 251 300
patient0087_0130 0 0.6111 215 263 252 299
patient0087_0131 0 0.5010 215 262 262 300
patient0087_0133 0 0.3480 213 255 263 303
patient0087_0134 0 0.3212 212 257 266 304
patient0087_0135 0 0.3945 212 256 268 305
patient0087_0136 0 0.6178 212 254 265 308
patient0087_0137 0 0.6070 210 252 266 309
patient0087_0138 0 0.5237 207 246 267 313
patient0087_0139 0 0.5878 207 248 266 314
patient0087_0154 0 0.3370 200 214 234 263
patient0087_0158 0 0.7359 181 223 207 252
patient0087_0159 0 0.7639 180 220 207 253
patient0087_0160 0 0.7985 179 216 207 253
patient0087_0161 0 0.7729 178 215 207 254
patient0087_0162 0 0.7681 178 215 203 254
patient0087_0163 0 0.8347 177 214 205 254
patient0087_0164 0 0.8483 176 213 207 256
patient0087_0165 0 0.8390 175 212 208 257
patient0087_0166 0 0.8203 175 210 210 258
patient0087_0167 0 0.8721 173 191 223 258
patient0087_0168 0 0.9021 171 192 224 258
patient0087_0169 0 0.9205 171 193 225 258
patient0087_0170 0 0.9207 170 193 227 259
patient0087_0171 0 0.9325 170 191 227 259
patient0087_0172 0 0.9234 168 192 228 259
patient0087_0173 0 0.9222 167 192 228 258
patient0087_0174 0 0.9227 167 192 228 259
patient0087_0175 0 0.9276 166 193 229 259
patient0087_0176 0 0.9294 166 193 230 259
patient0087_0177 0 0.9331 165 193 230 259
patient0087_0178 0 0.9427 164 192 230 259
patient0087_0179 0 0.9359 163 192 231 259
patient0087_0180 0 0.9288 163 192 232 258
patient0087_0181 0 0.9214 163 193 232 258
patient0087_0182 0 0.9208 163 193 232 258
patient0087_0183 0 0.9148 162 193 233 258
patient0087_0184 0 0.8946 162 192 233 258
patient0087_0185 0 0.8138 194 194 232 259
patient0087_0185 0 0.6038 161 192 232 259
patient0087_0186 0 0.8558 195 194 232 259
patient0087_0187 0 0.8792 201 194 233 260
patient0087_0188 0 0.9015 200 194 236 259
patient0087_0189 0 0.9034 201 194 239 259
patient0087_0190 0 0.9224 201 194 241 259
patient0087_0191 0 0.9278 200 194 242 259
patient0087_0192 0 0.9371 200 191 242 259
patient0087_0193 0 0.9356 199 190 243 259
patient0087_0194 0 0.9260 198 191 244 259
patient0087_0195 0 0.9247 197 191 243 258
patient0087_0196 0 0.9159 196 190 244 258
patient0087_0197 0 0.8783 196 190 242 258
patient0087_0198 0 0.7957 196 191 241 258
patient0087_0199 0 0.5250 215 192 241 223
patient0087_0200 0 0.6055 213 192 240 221
patient0087_0201 0 0.6408 212 191 239 218
patient0087_0202 0 0.6114 214 197 237 216
patient0087_0203 0 0.6784 214 197 235 214
patient0087_0204 0 0.6120 216 197 234 213
patient0087_0205 0 0.5453 212 199 232 213
patient0087_0206 0 0.6190 214 198 230 212
patient0087_0207 0 0.6844 214 198 229 211
patient0087_0208 0 0.6881 214 199 229 211
patient0087_0209 0 0.6511 215 199 228 210
patient0087_0210 0 0.5875 215 198 227 209
patient0087_0211 0 0.6171 215 198 226 209
patient0087_0212 0 0.6384 213 198 224 209
patient0087_0213 0 0.6218 212 198 223 209
patient0087_0214 0 0.4929 213 198 223 210
patient0087_0215 0 0.3239 213 201 223 210
patient0088_0006 0 0.3078 211 237 247 260
patient0088_0007 0 0.3703 216 240 247 261
patient0088_0008 0 0.2979 218 239 256 265
patient0088_0016 0 0.3197 392 325 413 349
patient0088_0020 0 0.3068 391 388 410 401
patient0088_0124 0 0.3669 258 265 279 282
patient0088_0125 0 0.7285 217 331 249 380
patient0088_0125 0 0.3553 258 265 280 283
patient0088_0126 0 0.7237 217 332 249 381
patient0088_0127 0 0.5977 215 332 249 384
patient0088_0129 0 0.2676 213 334 228 347
patient0088_0130 0 0.4757 212 329 270 383
patient0088_0132 0 0.5294 214 330 271 382
patient0088_0133 0 0.6772 212 330 270 383
patient0088_0134 0 0.6769 212 328 269 384
patient0088_0135 0 0.3042 213 324 270 384
patient0088_0136 0 0.5699 219 326 270 384
patient0088_0137 0 0.4566 220 325 269 388
patient0088_0138 0 0.2985 218 325 269 391
patient0088_0155 0 0.2870 214 294 228 313
patient0088_0156 0 0.2749 212 293 225 304
patient0088_0160 0 0.6478 189 296 205 321
patient0088_0161 0 0.8059 189 294 206 324
patient0088_0162 0 0.8738 187 293 207 324
patient0088_0163 0 0.8816 186 289 209 325
patient0088_0164 0 0.8831 186 287 211 326
patient0088_0165 0 0.8649 183 285 212 326
patient0088_0166 0 0.8785 182 284 213 327
patient0088_0167 0 0.8589 181 283 213 327
patient0088_0168 0 0.8294 181 281 214 327
patient0088_0169 0 0.8298 180 279 215 328
patient0088_0170 0 0.7990 180 277 217 328
patient0088_0171 0 0.8043 180 272 227 329
patient0088_0172 0 0.8516 180 269 230 329
patient0088_0173 0 0.8796 178 266 235 329
patient0088_0174 0 0.8978 178 268 238 329
patient0088_0175 0 0.8995 177 268 241 330
patient0088_0176 0 0.8763 175 268 242 330
patient0088_0177 0 0.8785 175 266 242 331
patient0088_0178 0 0.8945 174 266 243 331
patient0088_0179 0 0.9051 171 265 243 331
patient0088_0180 0 0.9144 170 264 244 332
patient0088_0181 0 0.9146 170 264 244 332
patient0088_0182 0 0.9215 168 264 243 332
patient0088_0183 0 0.9260 168 264 244 333
patient0088_0184 0 0.9088 167 265 244 333
patient0088_0185 0 0.9013 188 274 245 334
patient0088_0185 0 0.3478 167 267 245 333
patient0088_0186 0 0.9015 192 274 246 334
patient0088_0187 0 0.8690 192 274 246 334
patient0088_0188 0 0.8830 204 274 246 334
patient0088_0189 0 0.8866 205 274 246 334
patient0088_0190 0 0.8746 204 274 246 334
patient0088_0191 0 0.8826 203 273 246 334
patient0088_0192 0 0.9024 202 272 249 334
patient0088_0193 0 0.9227 202 272 252 334
patient0088_0194 0 0.9015 202 272 251 333
patient0088_0195 0 0.9144 201 272 249 333
patient0088_0196 0 0.8812 200 271 249 333
patient0088_0197 0 0.7849 198 270 248 333
patient0088_0198 0 0.7854 198 272 246 332
patient0088_0198 0 0.3227 219 266 247 297
patient0088_0199 0 0.6778 197 268 245 332
patient0088_0199 0 0.3729 230 267 247 296
patient0088_0199 0 0.3154 224 267 247 296
patient0088_0200 0 0.5439 230 268 246 294
patient0088_0201 0 0.6586 230 268 246 292
patient0088_0202 0 0.6770 230 268 246 291
patient0088_0203 0 0.6998 230 268 245 289
patient0088_0204 0 0.6854 229 268 245 288
patient0088_0205 0 0.6688 226 268 244 288
patient0088_0206 0 0.6175 226 268 243 287
patient0088_0207 0 0.6413 224 269 241 284
patient0088_0208 0 0.6615 222 270 240 284
patient0088_0209 0 0.6656 222 271 239 283
patient0088_0210 0 0.6627 223 269 237 282
patient0088_0211 0 0.7000 223 267 237 281
patient0088_0212 0 0.6810 222 267 235 281
patient0088_0213 0 0.6126 220 268 235 281
patient0088_0214 0 0.6122 220 268 233 281
patient0088_0215 0 0.6139 219 268 231 281
patient0088_0216 0 0.5494 218 268 230 280
patient0088_0217 0 0.4601 218 268 229 280
patient0088_0218 0 0.3810 217 269 228 280
patient0088_0219 0 0.4457 216 269 228 281
patient0088_0220 0 0.5359 215 270 227 281
patient0088_0221 0 0.3460 215 271 226 282
patient0088_0223 0 0.3007 188 273 225 325
patient0089_0029 0 0.2589 96 234 131 256
patient0089_0033 0 0.2715 329 192 364 222
patient0089_0034 0 0.4091 46 256 63 270
patient0089_0034 0 0.3022 327 185 363 216
patient0089_0046 0 0.2972 198 178 221 200
patient0089_0047 0 0.2880 197 178 223 201
patient0089_0052 0 0.2739 148 27 187 55
patient0089_0054 0 0.2877 146 162 212 252
patient0089_0058 0 0.2785 157 31 189 51
patient0089_0063 0 0.4023 135 219 149 250
patient0089_0064 0 0.3974 135 225 150 248
patient0089_0065 0 0.3875 136 226 151 248
patient0089_0066 0 0.3469 137 230 151 250
patient0089_0067 0 0.3320 137 231 150 250
patient0089_0079 0 0.3630 160 40 189 65
patient0089_0085 0 0.2915 145 219 163 244
patient0089_0086 0 0.2899 143 222 162 257
patient0089_0087 0 0.2700 143 236 156 257
patient0089_0088 0 0.3150 142 237 166 267
patient0089_0116 0 0.4034 207 280 233 303
patient0089_0120 0 0.3100 225 215 262 257
patient0089_0121 0 0.2743 223 217 256 264
patient0089_0135 0 0.2677 169 228 209 271
patient0089_0136 0 0.3321 167 227 214 270
patient0089_0137 0 0.6623 167 226 213 271
patient0089_0138 0 0.5810 166 225 212 273
patient0089_0141 0 0.2925 163 218 212 277
patient0089_0158 0 0.3852 227 306 262 349
patient0089_0159 0 0.7549 229 318 262 352
patient0089_0160 0 0.8007 229 318 263 353
patient0089_0161 0 0.6951 230 317 263 353
patient0089_0162 0 0.6165 230 314 264 353
patient0089_0163 0 0.5221 230 315 270 354
patient0089_0164 0 0.5414 231 314 283 355
patient0089_0165 0 0.6428 232 315 283 355
patient0089_0166 0 0.6275 232 315 282 356
patient0089_0167 0 0.6385 230 314 283 356
patient0089_0168 0 0.6134 231 314 280 357
patient0089_0169 0 0.7154 231 313 280 357
patient0089_0170 0 0.4835 232 312 281 357
patient0089_0177 0 0.4388 206 292 233 314
patient0089_0178 0 0.4807 209 292 231 315
patient0089_0179 0 0.7047 207 284 230 316
patient0089_0180 0 0.8112 206 282 231 317
patient0089_0181 0 0.8090 203 279 230 317
patient0089_0182 0 0.7705 203 276 228 317
patient0089_0183 0 0.7993 203 274 228 319
patient0089_0184 0 0.8333 203 272 230 320
patient0089_0185 0 0.8325 201 271 230 320
patient0089_0186 0 0.8415 200 269 229 320
patient0089_0187 0 0.8216 199 267 229 321
patient0089_0188 0 0.8471 198 261 231 321
patient0089_0189 0 0.8597 198 261 233 322
patient0089_0190 0 0.8392 197 260 238 322
patient0089_0191 0 0.8626 194 256 242 322
patient0089_0192 0 0.9056 193 256 248 321
patient0089_0193 0 0.9126 190 255 250 322
patient0089_0194 0 0.9128 189 255 249 323
patient0089_0195 0 0.8761 188 255 252 323
patient0089_0196 0 0.8844 186 255 252 323
patient0089_0197 0 0.8818 187 256 252 324
patient0089_0198 0 0.8864 194 262 252 324
patient0089_0199 0 0.9025 196 263 254 324
patient0089_0200 0 0.9014 198 263 254 324
patient0089_0201 0 0.8885 201 265 255 325
patient0089_0202 0 0.8826 202 264 255 325
patient0089_0203 0 0.8745 204 265 256 325
patient0089_0204 0 0.8748 206 266 256 325
patient0089_0205 0 0.8907 209 266 257 326
patient0089_0206 0 0.8917 212 268 258 325
patient0089_0207 0 0.9022 213 267 257 326
patient0089_0208 0 0.8706 215 267 257 326
patient0089_0209 0 0.8770 216 267 257 326
patient0089_0210 0 0.8714 215 267 258 326
patient0089_0211 0 0.8668 215 267 258 327
patient0089_0212 0 0.8840 213 267 257 327
patient0089_0213 0 0.8931 213 267 256 327
patient0089_0214 0 0.9010 212 268 256 327
patient0089_0215 0 0.8980 211 268 256 328
patient0089_0216 0 0.9002 210 268 256 327
patient0089_0217 0 0.9167 208 267 256 327
patient0089_0218 0 0.9074 207 266 256 327
patient0089_0219 0 0.9013 205 265 256 326
patient0089_0220 0 0.8700 203 265 259 327
patient0089_0221 0 0.7906 202 263 261 327
patient0089_0222 0 0.6650 200 263 262 326
patient0089_0222 0 0.3339 228 262 262 313
patient0089_0223 0 0.7777 227 262 261 299
patient0089_0224 0 0.7370 227 262 260 298
patient0089_0225 0 0.6310 227 262 259 296
patient0089_0226 0 0.6422 229 261 259 290
patient0089_0227 0 0.6516 228 257 257 285
patient0089_0228 0 0.6168 229 258 256 283
patient0089_0229 0 0.6362 229 258 256 281
patient0089_0230 0 0.5561 230 259 256 279
patient0089_0231 0 0.5415 240 258 255 276
patient0089_0231 0 0.3042 234 258 255 276
patient0089_0232 0 0.5576 239 257 252 274
patient0089_0233 0 0.6009 238 256 250 271
patient0089_0234 0 0.5991 237 258 248 270
patient0089_0235 0 0.6651 231 256 246 269
patient0089_0236 0 0.6917 231 256 245 269
patient0089_0237 0 0.5719 231 257 244 268
patient0089_0238 0 0.5568 230 258 242 268
patient0089_0239 0 0.5481 230 257 241 267
patient0089_0240 0 0.4832 229 257 241 267
patient0089_0241 0 0.4568 228 255 240 269
patient0089_0242 0 0.4382 228 256 240 269
patient0089_0245 0 0.3054 226 259 238 271
patient0089_0274 0 0.3836 227 317 246 335
patient0089_0275 0 0.4348 227 318 247 336
patient0089_0276 0 0.3723 227 318 247 336
patient0089_0277 0 0.3191 228 318 248 336
patient0089_0278 0 0.3859 232 319 250 336
patient0089_0279 0 0.3044 231 319 251 337
patient0090_0046 0 0.3425 104 33 133 63
patient0090_0052 0 0.3243 179 35 216 53
patient0090_0053 0 0.3148 178 35 219 54
patient0090_0054 0 0.2703 178 36 221 55
patient0090_0055 0 0.3265 179 36 219 55
patient0090_0056 0 0.3561 179 36 223 59
patient0090_0057 0 0.2852 179 36 220 58
patient0090_0058 0 0.3672 178 36 219 59
patient0090_0059 0 0.3656 179 37 219 60
patient0090_0075 0 0.5062 89 92 134 136
patient0090_0077 0 0.2659 208 259 234 282
patient0090_0078 0 0.2832 209 260 232 281
patient0090_0080 0 0.3098 208 263 227 284
patient0090_0108 0 0.3487 281 181 300 200
patient0090_0109 0 0.2859 280 184 299 200
patient0090_0109 0 0.2836 281 178 301 200
patient0090_0141 0 0.2895 232 244 295 325
patient0090_0149 0 0.2970 242 208 254 221
patient0090_0149 0 0.2638 232 237 247 255
patient0090_0150 0 0.3418 242 208 253 221
patient0090_0151 0 0.2628 241 207 253 221
patient0090_0166 0 0.2954 215 205 227 234
patient0090_0170 0 0.5704 216 210 235 240
patient0090_0171 0 0.6711 215 206 237 240
patient0090_0171 0 0.2612 215 206 236 226
patient0090_0172 0 0.6000 216 204 238 241
patient0090_0173 0 0.7082 215 202 242 245
patient0090_0174 0 0.7485 214 201 243 248
patient0090_0175 0 0.7436 213 199 244 249
patient0090_0176 0 0.8210 211 196 245 249
patient0090_0177 0 0.8050 210 196 248 249
patient0090_0177 0 0.7933 210 190 263 250
patient0090_0178 0 0.8420 212 183 270 251
patient0090_0179 0 0.8648 211 184 272 252
patient0090_0180 0 0.8777 209 183 273 252
patient0090_0181 0 0.8859 209 182 273 253
patient0090_0182 0 0.8856 209 181 273 254
patient0090_0183 0 0.8817 209 182 274 254
patient0090_0184 0 0.8876 208 183 275 254
patient0090_0185 0 0.9003 208 182 275 254
patient0090_0186 0 0.9092 206 182 275 254
patient0090_0187 0 0.9134 204 182 276 254
patient0090_0188 0 0.9212 203 182 277 254
patient0090_0189 0 0.9281 203 181 277 255
patient0090_0190 0 0.9334 203 180 278 255
patient0090_0191 0 0.9344 202 180 278 255
patient0090_0192 0 0.9264 203 182 278 255
patient0090_0193 0 0.9195 203 183 278 255
patient0090_0194 0 0.9213 202 183 278 255
patient0090_0195 0 0.9196 202 182 279 255
patient0090_0196 0 0.8674 202 182 280 254
patient0090_0196 0 0.6323 235 181 283 255
patient0090_0197 0 0.8309 236 184 289 255
patient0090_0198 0 0.8714 237 181 295 254
patient0090_0199 0 0.8807 236 184 294 254
patient0090_0200 0 0.8761 236 184 293 253
patient0090_0201 0 0.8860 235 184 292 252
patient0090_0202 0 0.9060 234 183 292 252
patient0090_0203 0 0.8928 233 183 292 252
patient0090_0204 0 0.7717 233 182 291 252
patient0090_0205 0 0.7390 232 183 291 251
patient0090_0206 0 0.6896 233 182 291 251
patient0090_0207 0 0.4352 271 183 290 213
patient0090_0207 0 0.3755 232 182 290 252
patient0090_0208 0 0.5753 271 185 289 211
patient0090_0209 0 0.5629 269 183 287 209
patient0090_0210 0 0.5641 268 182 286 208
patient0090_0210 0 0.3879 269 188 286 208
patient0090_0211 0 0.4612 269 182 285 207
patient0090_0212 0 0.5067 269 183 282 204
patient0090_0213 0 0.4308 260 182 282 204
patient0090_0214 0 0.4979 262 183 282 204
patient0090_0214 0 0.3131 259 183 287 206
patient0090_0215 0 0.5071 264 184 278 201
patient0090_0216 0 0.4927 266 183 276 198
patient0090_0217 0 0.5389 265 184 276 198
patient0090_0218 0 0.5190 265 184 276 199
patient0090_0219 0 0.4423 263 184 276 198
patient0090_0220 0 0.3701 261 184 273 196
patient0090_0220 0 0.2589 262 185 275 198
patient0090_0221 0 0.3323 260 183 272 197
patient0090_0222 0 0.4827 258 183 269 196
patient0090_0223 0 0.4685 259 184 269 197
patient0090_0224 0 0.3612 258 184 268 197
patient0091_0002 0 0.3202 286 312 325 346
patient0091_0003 0 0.4812 287 312 326 342
patient0091_0017 0 0.3110 104 219 127 252
patient0091_0018 0 0.3561 397 326 422 354
patient0091_0019 0 0.4857 399 329 423 355
patient0091_0020 0 0.4766 400 332 424 355
patient0091_0021 0 0.3995 400 334 426 354
patient0091_0022 0 0.5012 401 336 427 354
patient0091_0023 0 0.4956 403 335 429 354
patient0091_0024 0 0.4393 407 328 434 356
patient0091_0024 0 0.3955 112 219 145 253
patient0091_0024 0 0.3575 216 307 243 328
patient0091_0025 0 0.4776 119 219 146 253
patient0091_0025 0 0.3937 407 327 435 356
patient0091_0026 0 0.3277 406 328 435 356
patient0091_0028 0 0.2678 409 328 435 359
patient0091_0029 0 0.5830 412 325 434 357
patient0091_0030 0 0.5470 413 326 434 356
patient0091_0031 0 0.5501 415 323 435 356
patient0091_0032 0 0.5527 415 321 435 355
patient0091_0033 0 0.4426 412 325 435 361
patient0091_0044 0 0.2627 219 314 245 330
patient0091_0064 0 0.4964 248 240 352 346
patient0091_0066 0 0.4024 251 242 350 343
patient0091_0067 0 0.5370 253 242 347 341
patient0091_0069 0 0.3204 258 243 331 338
patient0091_0070 0 0.2761 261 242 340 338
patient0091_0071 0 0.3520 263 244 337 341
patient0091_0072 0 0.2617 262 246 349 345
patient0091_0094 0 0.2702 191 286 222 327
patient0091_0095 0 0.2956 191 286 222 328
patient0091_0142 0 0.2655 141 218 181 254
patient0091_0143 0 0.5262 139 214 183 254
patient0091_0144 0 0.5267 137 214 181 254
patient0091_0145 0 0.4709 135 213 174 253
patient0091_0146 0 0.3115 136 213 175 244
patient0091_0193 0 0.3249 231 259 247 276
patient0091_0194 0 0.4019 230 259 249 277
patient0091_0195 0 0.6055 228 258 249 278
patient0091_0196 0 0.6529 227 257 250 281
patient0091_0197 0 0.6905 226 256 250 282
patient0091_0198 0 0.7071 224 256 250 283
patient0091_0199 0 0.7396 223 256 251 284
patient0091_0200 0 0.8257 222 254 252 286
patient0091_0201 0 0.7827 220 253 252 286
patient0091_0202 0 0.7167 219 252 249 285
patient0091_0203 0 0.7389 219 251 252 286
patient0091_0204 0 0.6956 218 250 253 286
patient0091_0205 0 0.6480 217 250 252 287
patient0091_0206 0 0.7272 216 243 251 287
patient0091_0207 0 0.8171 215 236 252 287
patient0091_0208 0 0.8360 214 235 254 287
patient0091_0209 0 0.8347 213 234 252 287
patient0091_0210 0 0.8268 210 237 254 287
patient0091_0211 0 0.8131 209 236 256 288
patient0091_0212 0 0.8131 209 233 256 289
patient0091_0213 0 0.8047 209 236 261 288
patient0091_0214 0 0.8729 208 240 264 288
patient0091_0215 0 0.8581 206 239 264 289
patient0091_0216 0 0.7181 228 239 264 289
patient0091_0217 0 0.7599 228 236 265 289
patient0091_0218 0 0.6721 228 241 266 288
patient0091_0219 0 0.5997 230 242 265 289
patient0091_0220 0 0.5927 231 239 265 289
patient0091_0221 0 0.7174 233 240 265 290
patient0091_0222 0 0.7929 232 240 265 291
patient0091_0223 0 0.7807 232 239 265 291
patient0091_0224 0 0.5357 235 240 264 290
patient0091_0224 0 0.4984 236 239 263 272
patient0091_0225 0 0.5472 236 240 263 281
patient0091_0225 0 0.5390 236 240 262 269
patient0091_0226 0 0.6170 236 242 265 291
patient0091_0227 0 0.7476 237 243 264 291
patient0091_0228 0 0.7731 237 239 264 291
patient0091_0229 0 0.7409 236 240 266 290
patient0091_0230 0 0.4792 237 240 271 290
patient0091_0230 0 0.3663 237 238 266 264
patient0091_0231 0 0.5092 241 235 265 261
patient0091_0231 0 0.3433 237 237 273 290
patient0091_0232 0 0.4746 241 234 263 261
patient0091_0232 0 0.4607 236 234 271 290
patient0091_0233 0 0.5538 235 232 273 292
patient0091_0233 0 0.3463 242 233 264 262
patient0091_0234 0 0.7023 236 233 272 291
patient0091_0234 0 0.2585 236 233 271 274
patient0091_0235 0 0.8273 237 234 267 290
patient0091_0236 0 0.8239 236 233 269 291
patient0091_0237 0 0.8389 235 232 274 291
patient0091_0238 0 0.8090 235 232 274 291
patient0091_0239 0 0.6652 247 232 273 267
patient0091_0240 0 0.5823 233 232 273 292
patient0091_0240 0 0.4151 247 232 273 262
patient0091_0241 0 0.3951 249 230 272 259
patient0091_0241 0 0.3369 233 231 272 292
patient0091_0241 0 0.2515 234 254 269 291
patient0091_0242 0 0.4611 249 232 270 258
patient0091_0243 0 0.3658 250 231 270 257
patient0091_0243 0 0.3159 232 232 270 291
patient0091_0244 0 0.4591 250 232 269 255
patient0091_0244 0 0.4206 232 233 268 290
patient0091_0245 0 0.5875 250 233 268 253
patient0091_0246 0 0.6279 249 234 267 252
patient0091_0247 0 0.6489 247 235 267 252
patient0091_0247 0 0.2894 229 235 267 291
patient0091_0248 0 0.6189 247 235 267 252
patient0091_0248 0 0.3994 228 235 266 291
patient0091_0249 0 0.6586 229 236 262 291
patient0091_0249 0 0.5374 247 235 266 251
patient0091_0250 0 0.6028 247 235 264 248
patient0091_0251 0 0.5765 248 235 261 246
patient0091_0252 0 0.5864 248 236 260 245
patient0091_0253 0 0.5967 247 236 258 244
patient0091_0253 0 0.2532 247 236 260 245
patient0091_0254 0 0.5777 246 236 257 244
patient0091_0255 0 0.5187 245 236 257 244
patient0091_0256 0 0.4818 245 236 257 244
patient0091_0257 0 0.5080 245 236 255 244
patient0091_0258 0 0.5143 244 236 254 244
patient0091_0259 0 0.5102 244 237 253 245
patient0091_0260 0 0.5085 243 237 253 245
patient0091_0261 0 0.4836 243 237 253 245
patient0091_0262 0 0.4476 242 237 252 245
patient0091_0263 0 0.3729 241 237 252 246
patient0091_0263 0 0.2760 227 238 253 290
patient0091_0264 0 0.6852 228 240 252 289
patient0091_0265 0 0.5452 226 240 252 290
patient0091_0266 0 0.4588 242 240 251 248
patient0091_0267 0 0.5203 230 241 252 286
patient0091_0268 0 0.3837 230 242 255 286
patient0091_0269 0 0.2688 240 241 254 255
patient0091_0270 0 0.4739 232 243 255 284
patient0091_0271 0 0.7123 234 248 254 282
patient0091_0272 0 0.7212 236 251 252 281
patient0091_0273 0 0.7440 236 251 252 280
patient0091_0274 0 0.6390 237 251 253 279
patient0091_0275 0 0.3985 237 251 255 279
patient0091_0298 0 0.2835 212 335 242 347
patient0091_0299 0 0.4323 213 337 241 347
patient0091_0373 0 0.2662 210 282 219 294
patient0091_0374 0 0.3654 210 282 221 295
patient0091_0375 0 0.2725 210 283 221 296
patient0092_0001 0 0.4293 333 255 369 293
patient0092_0003 0 0.3782 138 242 156 275
patient0092_0004 0 0.2621 138 242 158 278
patient0092_0013 0 0.3293 215 332 243 353
patient0092_0019 0 0.2638 215 336 244 356
patient0092_0020 0 0.3755 216 336 247 358
patient0092_0021 0 0.3480 214 333 246 357
patient0092_0022 0 0.4285 206 331 245 357
patient0092_0023 0 0.5810 210 331 245 358
patient0092_0024 0 0.2817 212 332 227 347
patient0092_0025 0 0.2539 210 333 228 348
patient0092_0130 0 0.2679 281 228 306 250
patient0092_0131 0 0.3539 281 228 305 249
patient0092_0150 0 0.4066 244 271 262 291
patient0092_0151 0 0.4289 245 270 261 289
patient0092_0152 0 0.2690 273 233 302 284
patient0092_0154 0 0.2984 244 273 258 286
patient0092_0155 0 0.2985 243 274 258 285
patient0092_0169 0 0.5220 221 294 279 344
patient0092_0170 0 0.4909 225 292 283 345
patient0092_0171 0 0.5993 231 292 284 346
patient0092_0172 0 0.7500 222 290 285 347
patient0092_0173 0 0.7676 224 291 287 348
patient0092_0182 0 0.2777 236 262 260 293
patient0092_0198 0 0.2622 223 254 236 265
patient0092_0199 0 0.4642 224 254 234 263
patient0092_0200 0 0.4197 224 254 234 261
patient0092_0201 0 0.4565 223 252 234 261
patient0092_0202 0 0.2728 223 252 234 260
patient0092_0205 0 0.2780 223 249 233 257
patient0092_0210 0 0.3784 196 264 212 287
patient0092_0211 0 0.7187 197 263 214 290
patient0092_0212 0 0.8129 196 261 215 291
patient0092_0213 0 0.8362 196 259 216 292
patient0092_0214 0 0.8490 195 258 218 293
patient0092_0215 0 0.8310 194 256 219 294
patient0092_0216 0 0.8296 193 254 219 296
patient0092_0217 0 0.7644 193 253 221 296
patient0092_0218 0 0.7897 192 241 240 297
patient0092_0218 0 0.6363 192 251 224 296
patient0092_0219 0 0.8561 191 237 242 297
patient0092_0220 0 0.8845 189 238 244 298
patient0092_0221 0 0.8590 197 238 245 298
patient0092_0222 0 0.9116 195 238 246 298
patient0092_0223 0 0.9199 190 238 246 298
patient0092_0224 0 0.9206 186 238 246 298
patient0092_0225 0 0.9172 187 238 247 299
patient0092_0226 0 0.8976 187 239 247 300
patient0092_0227 0 0.9294 186 239 249 300
patient0092_0228 0 0.9426 185 239 249 300
patient0092_0229 0 0.9410 184 240 249 300
patient0092_0230 0 0.9259 184 240 250 301
patient0092_0231 0 0.8762 184 240 251 301
patient0092_0232 0 0.7832 207 240 253 301
patient0092_0232 0 0.7440 182 238 254 301
patient0092_0233 0 0.9124 206 240 256 302
patient0092_0234 0 0.8905 205 240 259 302
patient0092_0235 0 0.9114 204 240 260 301
patient0092_0236 0 0.9293 204 241 260 302
patient0092_0237 0 0.9236 205 241 262 301
patient0092_0238 0 0.9129 204 242 262 301
patient0092_0239 0 0.8991 203 242 261 301
patient0092_0240 0 0.8796 203 242 260 301
patient0092_0241 0 0.8506 201 242 257 300
patient0092_0242 0 0.7585 200 242 257 300
patient0092_0242 0 0.6910 226 242 259 281
patient0092_0243 0 0.6995 226 244 259 279
patient0092_0243 0 0.5896 199 244 259 302
patient0092_0244 0 0.7501 225 245 259 278
patient0092_0245 0 0.7580 226 246 258 276
patient0092_0246 0 0.7376 228 246 258 274
patient0092_0247 0 0.6588 230 248 256 271
patient0092_0248 0 0.6658 230 249 255 270
patient0092_0249 0 0.6892 229 240 254 268
patient0092_0250 0 0.6234 232 243 254 268
patient0092_0251 0 0.6437 232 249 253 268
patient0092_0252 0 0.6286 229 248 253 268
patient0092_0252 0 0.3535 229 242 253 266
patient0092_0253 0 0.6252 228 244 251 265
patient0092_0254 0 0.6096 228 247 250 266
patient0092_0255 0 0.5957 230 247 247 261
patient0092_0255 0 0.3764 229 247 248 265
patient0092_0256 0 0.6262 230 246 245 259
patient0092_0257 0 0.6464 230 247 244 259
patient0092_0258 0 0.6246 230 248 243 259
patient0092_0259 0 0.6556 229 248 242 259
patient0092_0260 0 0.6862 228 248 241 258
patient0092_0261 0 0.6726 228 247 240 258
patient0092_0262 0 0.6604 228 246 239 256
patient0092_0263 0 0.6424 227 247 237 256
patient0092_0264 0 0.5743 227 247 236 256
patient0092_0265 0 0.4023 227 247 236 256
patient0093_0002 0 0.2775 65 246 109 296
patient0093_0071 0 0.4050 282 272 315 310
patient0093_0072 0 0.5582 284 269 314 306
patient0093_0073 0 0.4789 285 266 317 304
patient0093_0126 0 0.5149 162 264 215 293
patient0093_0127 0 0.3526 162 263 216 294
patient0093_0129 0 0.3101 197 276 218 296
patient0093_0131 0 0.6133 137 236 173 269
patient0093_0132 0 0.4802 136 237 173 268
patient0093_0133 0 0.2834 139 234 172 262
patient0093_0134 0 0.3821 139 232 173 265
patient0093_0134 0 0.2535 141 233 173 252
patient0093_0135 0 0.6038 134 231 173 268
patient0093_0135 0 0.2728 136 232 173 253
patient0093_0136 0 0.3381 133 230 172 271
patient0093_0136 0 0.2795 134 230 171 252
patient0093_0138 0 0.5104 136 227 167 250
patient0093_0139 0 0.5179 135 226 167 252
patient0093_0173 0 0.2667 242 302 291 355
patient0093_0183 0 0.3054 240 275 249 285
patient0093_0184 0 0.3151 240 275 249 284
patient0093_0209 0 0.5979 211 273 228 296
patient0093_0210 0 0.7020 210 275 229 298
patient0093_0211 0 0.7589 209 272 230 299
patient0093_0212 0 0.8003 208 272 231 299
patient0093_0213 0 0.8181 207 272 231 301
patient0093_0214 0 0.8515 207 272 232 301
patient0093_0215 0 0.8448 206 271 232 302
patient0093_0216 0 0.8560 206 269 232 303
patient0093_0217 0 0.8672 204 269 233 303
patient0093_0218 0 0.8470 203 268 234 303
patient0093_0219 0 0.8234 202 268 234 304
patient0093_0220 0 0.8157 201 264 235 304
patient0093_0221 0 0.8214 201 261 235 305
patient0093_0222 0 0.8401 200 253 235 305
patient0093_0223 0 0.8364 199 251 239 305
patient0093_0224 0 0.8738 198 252 241 305
patient0093_0225 0 0.8954 198 252 243 305
patient0093_0226 0 0.8963 196 250 244 305
patient0093_0227 0 0.8979 195 250 245 305
patient0093_0228 0 0.8745 194 249 245 305
patient0093_0229 0 0.8623 194 248 246 305
patient0093_0230 0 0.8831 193 249 248 306
patient0093_0231 0 0.8102 193 249 248 306
patient0093_0232 0 0.8721 193 249 247 307
patient0093_0233 0 0.8904 193 249 247 307
patient0093_0234 0 0.8669 208 249 247 308
patient0093_0235 0 0.8668 208 249 248 308
patient0093_0236 0 0.8611 209 249 248 308
patient0093_0237 0 0.8449 214 249 249 307
patient0093_0238 0 0.8388 220 249 248 308
patient0093_0239 0 0.8640 222 249 249 308
patient0093_0240 0 0.8728 222 250 248 308
patient0093_0241 0 0.8712 221 249 248 309
patient0093_0242 0 0.8785 221 250 248 308
patient0093_0243 0 0.8822 220 250 250 308
patient0093_0244 0 0.8699 219 249 253 308
patient0093_0245 0 0.8845 219 249 258 308
patient0093_0246 0 0.9200 219 249 260 308
patient0093_0247 0 0.9254 218 250 261 308
patient0093_0248 0 0.9027 217 250 261 307
patient0093_0249 0 0.6397 226 248 262 296
patient0093_0249 0 0.3083 219 250 261 307
patient0093_0250 0 0.7205 226 247 263 292
patient0093_0251 0 0.7448 227 247 263 291
patient0093_0252 0 0.7313 227 247 263 290
patient0093_0253 0 0.6657 228 247 263 289
patient0093_0254 0 0.6504 235 246 263 288
patient0093_0255 0 0.7076 236 246 262 287
patient0093_0256 0 0.7742 234 247 262 286
patient0093_0257 0 0.7332 233 248 260 282
patient0093_0258 0 0.6489 233 248 258 278
patient0093_0259 0 0.6109 234 249 257 275
patient0093_0260 0 0.6336 234 250 255 274
patient0093_0261 0 0.6571 232 250 253 272
patient0093_0262 0 0.6178 231 250 252 270
patient0093_0263 0 0.6029 231 252 250 268
patient0093_0264 0 0.5787 231 252 249 267
patient0093_0265 0 0.5661 231 253 248 266
patient0093_0266 0 0.5632 231 253 248 266
patient0093_0267 0 0.5733 229 253 246 266
patient0093_0268 0 0.5580 228 254 244 265
patient0093_0269 0 0.5473 228 255 242 264
patient0093_0270 0 0.5345 227 255 240 263
patient0093_0271 0 0.4910 226 255 239 263
patient0093_0271 0 0.2812 212 255 239 307
patient0093_0272 0 0.4802 225 255 239 264
patient0093_0273 0 0.4915 225 255 237 264
patient0093_0274 0 0.3727 213 256 236 307
patient0093_0274 0 0.3672 224 255 236 264
patient0093_0275 0 0.5061 212 257 236 306
patient0093_0276 0 0.7397 212 260 238 306
patient0093_0277 0 0.7309 212 263 238 306
patient0093_0278 0 0.6580 213 263 241 305
patient0093_0279 0 0.6373 213 266 244 305
patient0093_0280 0 0.5802 213 268 243 304
patient0093_0281 0 0.5558 213 267 242 304
patient0094_0001 0 0.3916 103 250 146 278
patient0094_0003 0 0.3880 107 254 139 273
patient0094_0005 0 0.3108 122 241 149 271
patient0094_0018 0 0.3716 349 233 395 260
patient0094_0019 0 0.4240 350 235 392 258
patient0094_0020 0 0.2561 352 235 392 257
patient0094_0021 0 0.3876 352 235 390 257
patient0094_0031 0 0.5442 140 262 185 306
patient0094_0032 0 0.4634 145 261 182 305
patient0094_0032 0 0.2710 169 144 222 203
patient0094_0033 0 0.4686 147 270 183 306
patient0094_0033 0 0.3126 146 263 180 302
patient0094_0034 0 0.2808 147 267 185 308
patient0094_0038 0 0.2725 188 145 232 192
patient0094_0040 0 0.3453 317 153 340 187
patient0094_0048 0 0.3131 257 164 301 203
patient0094_0049 0 0.5924 261 158 300 200
patient0094_0110 0 0.3166 262 242 283 267
patient0094_0129 0 0.2535 245 286 297 346
patient0094_0133 0 0.2760 244 259 306 345
patient0094_0147 0 0.3691 221 254 247 286
patient0094_0163 0 0.7065 219 260 244 286
patient0094_0164 0 0.7110 216 254 244 287
patient0094_0164 0 0.5770 216 235 252 288
patient0094_0165 0 0.7823 215 234 253 288
patient0094_0166 0 0.7925 214 234 257 288
patient0094_0167 0 0.8188 211 234 259 289
patient0094_0168 0 0.8513 209 232 262 289
patient0094_0169 0 0.8906 206 234 263 289
patient0094_0170 0 0.8970 205 233 262 290
patient0094_0171 0 0.9085 204 233 263 290
patient0094_0172 0 0.9121 204 232 263 291
patient0094_0173 0 0.9176 203 231 264 291
patient0094_0174 0 0.9165 203 231 264 290
patient0094_0175 0 0.9136 201 232 264 290
patient0094_0176 0 0.9191 200 232 264 291
patient0094_0177 0 0.8970 200 234 264 291
patient0094_0178 0 0.9291 199 234 264 291
patient0094_0179 0 0.7789 198 232 264 290
patient0094_0180 0 0.8990 213 233 264 291
patient0094_0181 0 0.9048 213 232 264 291
patient0094_0182 0 0.8986 214 231 264 291
patient0094_0183 0 0.8836 218 232 263 292
patient0094_0184 0 0.8776 220 230 264 292
patient0094_0185 0 0.8942 222 230 263 292
patient0094_0186 0 0.8817 223 230 263 292
patient0094_0187 0 0.8760 231 230 263 292
patient0094_0188 0 0.8724 233 231 262 292
patient0094_0189 0 0.8660 234 230 261 292
patient0094_0190 0 0.8806 234 230 261 293
patient0094_0191 0 0.8812 234 228 265 293
patient0094_0192 0 0.8815 234 227 273 294
patient0094_0193 0 0.8642 233 227 271 295
patient0094_0194 0 0.8633 232 226 271 296
patient0094_0195 0 0.8257 233 225 271 295
patient0094_0196 0 0.8195 231 225 270 294
patient0094_0197 0 0.8622 230 225 270 294
patient0094_0198 0 0.8710 228 224 270 294
patient0094_0199 0 0.8101 227 224 268 293
patient0094_0199 0 0.5034 239 224 269 256
patient0094_0200 0 0.8626 225 223 266 292
patient0094_0200 0 0.2607 239 224 267 252
patient0094_0201 0 0.8297 224 224 265 292
patient0094_0202 0 0.6104 241 225 264 247
patient0094_0202 0 0.2684 221 224 264 293
patient0094_0203 0 0.6100 242 226 265 245
patient0094_0204 0 0.5144 243 226 262 242
patient0094_0205 0 0.5146 243 226 260 240
patient0094_0206 0 0.5210 243 226 258 238
patient0094_0206 0 0.3028 219 227 259 291
patient0094_0207 0 0.5543 243 227 256 237
patient0094_0208 0 0.5335 243 227 255 237
patient0094_0209 0 0.5109 243 228 253 237
patient0094_0210 0 0.5078 242 228 253 237
patient0094_0211 0 0.4730 240 229 252 237
patient0094_0212 0 0.3995 238 228 252 237
patient0094_0213 0 0.4688 239 228 251 236
patient0094_0214 0 0.3766 237 228 249 236
patient0094_0215 0 0.3365 236 227 250 237
patient0095_0006 0 0.4345 89 156 109 184
patient0095_0007 0 0.5529 86 156 110 183
patient0095_0008 0 0.5667 84 155 111 181
patient0095_0009 0 0.5526 83 154 111 180
patient0095_0009 0 0.3555 83 153 113 189
patient0095_0010 0 0.4110 83 154 113 177
patient0095_0010 0 0.4074 81 152 115 211
patient0095_0010 0 0.3006 84 153 113 186
patient0095_0011 0 0.5023 81 158 112 212
patient0095_0012 0 0.3644 80 154 113 214
patient0095_0013 0 0.3980 79 171 113 212
patient0095_0014 0 0.3101 82 170 109 210
patient0095_0016 0 0.4949 145 204 167 221
patient0095_0017 0 0.3556 145 203 169 221
patient0095_0019 0 0.3120 150 203 177 224
patient0095_0020 0 0.2524 152 199 181 225
patient0095_0021 0 0.4122 155 197 186 225
patient0095_0022 0 0.6490 157 197 185 226
patient0095_0023 0 0.4577 159 197 186 227
patient0095_0023 0 0.2888 87 167 108 191
patient0095_0025 0 0.2706 99 138 125 164
patient0095_0026 0 0.3627 100 136 128 163
patient0095_0097 0 0.2652 198 219 226 237
patient0095_0144 0 0.7019 231 290 260 320
patient0095_0145 0 0.8522 230 289 260 320
patient0095_0146 0 0.8645 229 287 261 320
patient0095_0147 0 0.7937 225 284 261 321
patient0095_0148 0 0.7063 224 281 261 323
patient0095_0149 0 0.7833 228 280 262 325
patient0095_0150 0 0.7975 228 279 264 326
patient0095_0151 0 0.7508 229 281 277 327
patient0095_0152 0 0.7997 227 278 275 326
patient0095_0153 0 0.7979 227 277 274 329
patient0095_0154 0 0.8184 228 278 274 331
patient0095_0155 0 0.7594 229 277 274 332
patient0095_0156 0 0.6911 229 274 274 333
patient0095_0157 0 0.6272 228 275 274 332
patient0095_0160 0 0.3478 229 277 275 329
patient0095_0186 0 0.5985 212 248 226 268
patient0095_0187 0 0.7174 213 247 228 271
patient0095_0188 0 0.8196 212 246 229 274
patient0095_0189 0 0.8642 211 245 230 274
patient0095_0190 0 0.8393 211 244 231 276
patient0095_0191 0 0.7686 210 229 241 276
patient0095_0191 0 0.5272 210 236 234 277
patient0095_0192 0 0.8603 209 229 243 277
patient0095_0193 0 0.8515 209 230 245 277
patient0095_0194 0 0.8479 209 231 248 278
patient0095_0195 0 0.8776 208 233 250 278
patient0095_0196 0 0.9101 207 233 251 278
patient0095_0197 0 0.9211 207 234 251 278
patient0095_0198 0 0.9241 206 234 251 278
patient0095_0199 0 0.9164 206 233 252 278
patient0095_0200 0 0.9252 205 232 253 278
patient0095_0201 0 0.9434 205 233 253 278
patient0095_0202 0 0.9481 204 233 254 279
patient0095_0203 0 0.9393 203 232 254 279
patient0095_0204 0 0.9367 202 231 255 279
patient0095_0205 0 0.9316 202 230 256 279
patient0095_0206 0 0.9304 202 231 257 279
patient0095_0207 0 0.9337 202 231 257 279
patient0095_0208 0 0.9325 201 231 257 280
patient0095_0209 0 0.9377 201 230 257 280
patient0095_0210 0 0.9373 201 230 258 280
patient0095_0211 0 0.9344 200 230 258 280
patient0095_0212 0 0.9175 199 231 258 280
patient0095_0213 0 0.7897 207 233 258 280
patient0095_0214 0 0.8936 215 233 258 280
patient0095_0215 0 0.9027 216 233 257 281
patient0095_0216 0 0.8996 218 233 257 281
patient0095_0217 0 0.8744 220 233 258 281
patient0095_0218 0 0.8658 224 232 258 281
patient0095_0219 0 0.8715 225 232 257 282
patient0095_0220 0 0.8605 225 232 257 281
patient0095_0221 0 0.8686 225 232 257 281
patient0095_0222 0 0.8692 225 231 258 282
patient0095_0223 0 0.8691 224 231 260 282
patient0095_0224 0 0.8820 225 230 261 282
patient0095_0225 0 0.8821 225 230 262 281
patient0095_0226 0 0.8667 225 229 263 281
patient0095_0227 0 0.8837 225 228 265 281
patient0095_0228 0 0.8931 225 228 266 281
patient0095_0229 0 0.8867 225 228 265 281
patient0095_0230 0 0.8666 224 227 264 281
patient0095_0231 0 0.8299 223 226 264 281
patient0095_0232 0 0.8497 223 226 264 280
patient0095_0233 0 0.8397 222 226 262 279
patient0095_0233 0 0.3179 241 226 263 246
patient0095_0234 0 0.7416 222 227 261 279
patient0095_0234 0 0.6043 242 227 261 245
patient0095_0235 0 0.6475 242 227 260 244
patient0095_0236 0 0.5859 243 227 260 243
patient0095_0237 0 0.5837 243 227 259 241
patient0095_0238 0 0.6222 243 228 256 239
patient0095_0239 0 0.6508 244 228 255 237
patient0095_0240 0 0.6349 244 228 255 237
patient0095_0241 0 0.5940 244 227 255 236
patient0095_0242 0 0.5666 244 226 255 236
patient0095_0243 0 0.5313 243 226 254 236
patient0095_0244 0 0.5214 243 226 254 235
patient0095_0245 0 0.4684 243 226 253 235
patient0095_0246 0 0.4513 243 226 253 235
patient0095_0247 0 0.4023 243 226 253 234
patient0095_0248 0 0.3707 242 225 253 234
patient0095_0249 0 0.3868 241 224 252 233
patient0095_0250 0 0.3607 240 224 251 233
patient0095_0251 0 0.3393 240 224 251 234
patient0095_0252 0 0.3648 239 223 250 233
patient0095_0253 0 0.4064 239 223 249 233
patient0095_0254 0 0.4604 239 223 249 234
patient0095_0255 0 0.3814 239 222 249 234
patient0095_0256 0 0.4289 239 223 249 235
patient0095_0257 0 0.3169 239 223 249 235
patient0096_0001 0 0.3180 134 210 154 225
patient0096_0002 0 0.4741 222 271 265 333
patient0096_0003 0 0.2566 222 271 265 335
patient0096_0007 0 0.3770 221 274 254 309
patient0096_0014 0 0.3877 211 316 247 360
patient0096_0016 0 0.4477 202 316 237 341
patient0096_0017 0 0.4867 204 317 230 340
patient0096_0018 0 0.5781 205 316 229 340
patient0096_0019 0 0.6070 206 318 230 341
patient0096_0020 0 0.6239 204 319 230 341
patient0096_0039 0 0.2612 214 290 242 327
patient0096_0057 0 0.2679 208 305 242 335
patient0096_0111 0 0.2738 246 218 271 268
patient0096_0112 0 0.3191 248 219 270 251
patient0096_0115 0 0.5348 228 239 261 273
patient0096_0116 0 0.5706 228 228 261 274
patient0096_0118 0 0.2630 223 229 268 272
patient0096_0220 0 0.3270 223 280 248 306
patient0096_0221 0 0.2591 223 280 247 306
patient0096_0242 0 0.6014 193 263 207 288
patient0096_0243 0 0.6295 192 261 206 286
patient0096_0244 0 0.5401 192 261 206 286
patient0096_0245 0 0.5302 192 261 206 286
patient0096_0246 0 0.2707 193 260 205 285
patient0096_0250 0 0.3441 196 270 209 291
patient0096_0251 0 0.6792 195 265 211 292
patient0096_0252 0 0.8055 194 265 212 294
patient0096_0253 0 0.8197 193 263 213 295
patient0096_0254 0 0.8333 193 261 214 296
patient0096_0255 0 0.8223 193 259 216 296
patient0096_0256 0 0.8454 193 258 218 296
patient0096_0257 0 0.8688 193 258 219 297
patient0096_0258 0 0.8860 192 255 219 297
patient0096_0259 0 0.8982 191 254 220 298
patient0096_0260 0 0.7801 190 248 250 298
patient0096_0260 0 0.7696 190 251 225 299
patient0096_0261 0 0.8289 190 245 251 299
patient0096_0261 0 0.3182 190 248 230 299
patient0096_0262 0 0.8547 189 242 251 299
patient0096_0263 0 0.8803 189 243 252 299
patient0096_0264 0 0.8569 189 241 254 300
patient0096_0265 0 0.8884 191 241 254 300
patient0096_0266 0 0.9148 190 240 254 300
patient0096_0267 0 0.9224 190 240 254 300
patient0096_0268 0 0.9148 190 239 255 300
patient0096_0269 0 0.9292 189 237 255 299
patient0096_0270 0 0.9318 188 239 256 300
patient0096_0271 0 0.9310 187 239 255 301
patient0096_0272 0 0.9395 187 238 256 301
patient0096_0273 0 0.9442 186 237 256 301
patient0096_0274 0 0.9339 186 236 256 302
patient0096_0275 0 0.9136 185 236 256 302
patient0096_0276 0 0.8987 184 235 257 302
patient0096_0277 0 0.8956 183 234 263 302
patient0096_0278 0 0.9108 182 234 265 302
patient0096_0279 0 0.9118 181 233 265 303
patient0096_0280 0 0.9013 181 232 265 303
patient0096_0281 0 0.7858 179 233 265 303
patient0096_0281 0 0.7174 213 245 266 305
patient0096_0282 0 0.9197 213 245 266 304
patient0096_0283 0 0.9005 213 245 265 304
patient0096_0284 0 0.9087 213 244 265 303
patient0096_0285 0 0.9120 212 242 265 303
patient0096_0286 0 0.9078 212 242 264 303
patient0096_0287 0 0.9054 210 242 264 302
patient0096_0288 0 0.9001 210 243 263 302
patient0096_0289 0 0.8935 209 244 263 302
patient0096_0290 0 0.8923 209 243 262 302
patient0096_0291 0 0.8830 209 243 262 302
patient0096_0292 0 0.8296 208 245 261 301
patient0096_0293 0 0.8238 208 245 260 301
patient0096_0293 0 0.2536 233 246 262 267
patient0096_0294 0 0.7870 208 245 260 301
patient0096_0294 0 0.4288 233 246 261 266
patient0096_0295 0 0.5985 232 246 261 265
patient0096_0295 0 0.5964 208 246 259 301
patient0096_0296 0 0.6556 233 246 261 265
patient0096_0296 0 0.4390 207 246 258 301
patient0096_0297 0 0.6392 233 246 259 263
patient0096_0297 0 0.5288 206 246 254 301
patient0096_0298 0 0.6196 235 245 257 261
patient0096_0298 0 0.4543 206 246 254 301
patient0096_0299 0 0.6859 239 245 257 260
patient0096_0299 0 0.2944 205 245 255 300
patient0096_0300 0 0.7200 240 245 256 259
patient0096_0300 0 0.2912 204 244 255 300
patient0096_0301 0 0.7298 240 244 256 259
patient0096_0302 0 0.6858 243 243 255 259
patient0096_0303 0 0.5140 243 244 254 257
patient0096_0304 0 0.2516 243 245 253 257
patient0097_0008 0 0.2593 273 244 293 275
patient0097_0125 0 0.4145 221 237 276 308
patient0097_0139 0 0.2523 223 229 248 263
patient0097_0140 0 0.2710 223 232 249 263
patient0097_0149 0 0.6991 187 233 206 260
patient0097_0150 0 0.8164 186 232 209 262
patient0097_0151 0 0.8299 185 229 210 263
patient0097_0152 0 0.8179 185 228 211 264
patient0097_0153 0 0.8368 187 227 211 264
patient0097_0154 0 0.8475 184 226 212 264
patient0097_0155 0 0.8300 182 225 212 264
patient0097_0156 0 0.8130 182 219 214 264
patient0097_0157 0 0.8211 182 214 213 265
patient0097_0158 0 0.7935 180 215 214 265
patient0097_0159 0 0.8185 179 213 226 264
patient0097_0160 0 0.8914 180 213 227 265
patient0097_0161 0 0.9148 179 213 227 264
patient0097_0162 0 0.9029 177 212 227 264
patient0097_0163 0 0.8596 177 212 227 264
patient0097_0164 0 0.8221 177 213 226 264
patient0097_0165 0 0.8592 176 213 229 264
patient0097_0166 0 0.8822 178 213 230 264
patient0097_0167 0 0.8819 175 213 229 264
patient0097_0168 0 0.9008 174 213 231 264
patient0097_0169 0 0.8872 173 214 230 265
patient0097_0170 0 0.9030 174 214 230 265
patient0097_0171 0 0.8333 181 214 231 265
patient0097_0172 0 0.8956 191 214 232 266
patient0097_0173 0 0.7995 202 213 232 266
patient0097_0174 0 0.8755 206 214 233 266
patient0097_0175 0 0.8954 205 213 242 266
patient0097_0176 0 0.8669 205 214 246 265
patient0097_0177 0 0.8699 205 214 247 265
patient0097_0178 0 0.8546 203 213 247 267
patient0097_0179 0 0.8678 202 212 245 266
patient0097_0180 0 0.8784 201 212 242 266
patient0097_0181 0 0.8627 200 212 239 266
patient0097_0182 0 0.8761 199 212 239 267
patient0097_0183 0 0.8714 197 212 239 267
patient0097_0184 0 0.8495 196 212 237 267
patient0097_0185 0 0.8521 195 212 235 267
patient0097_0186 0 0.7334 193 209 236 267
patient0097_0187 0 0.6178 212 211 236 227
patient0097_0188 0 0.6742 212 210 235 226
patient0097_0189 0 0.6856 213 211 235 226
patient0097_0190 0 0.6887 213 211 234 225
patient0097_0191 0 0.6863 212 210 233 224
patient0097_0192 0 0.6376 213 210 232 223
patient0097_0193 0 0.6232 213 210 230 224
patient0097_0194 0 0.5988 213 210 230 222
patient0097_0195 0 0.6230 215 211 228 221
patient0097_0196 0 0.6432 214 211 226 220
patient0097_0197 0 0.6262 213 211 223 220
patient0097_0198 0 0.5853 212 211 222 220
patient0097_0202 0 0.3091 202 203 216 216
patient0097_0203 0 0.3210 202 203 216 217
patient0098_0001 0 0.2586 203 118 220 147
patient0098_0003 0 0.2752 338 360 355 376
patient0098_0024 0 0.2621 320 325 334 354
patient0098_0037 0 0.3082 318 366 346 386
patient0098_0037 0 0.2601 255 221 271 248
patient0098_0038 0 0.3350 255 221 270 250
patient0098_0039 0 0.2622 212 411 268 456
patient0098_0040 0 0.3189 212 413 268 456
patient0098_0057 0 0.2840 227 93 254 113
patient0098_0089 0 0.2524 137 21 186 65
patient0098_0129 0 0.2687 0 174 43 216
patient0098_0130 0 0.3337 0 176 43 215
patient0098_0154 0 0.4646 216 289 247 319
patient0098_0155 0 0.7045 217 288 248 321
patient0098_0156 0 0.6040 217 288 247 323
patient0098_0157 0 0.7488 217 287 248 324
patient0098_0158 0 0.4297 217 288 247 325
patient0098_0162 0 0.2717 218 271 256 331
patient0098_0163 0 0.3822 218 269 257 332
patient0098_0174 0 0.2532 197 279 232 302
patient0098_0181 0 0.6021 197 267 213 288
patient0098_0182 0 0.7635 196 266 215 292
patient0098_0183 0 0.8241 196 264 216 292
patient0098_0184 0 0.8505 195 262 217 292
patient0098_0185 0 0.8636 193 260 218 292
patient0098_0186 0 0.8570 193 260 218 293
patient0098_0187 0 0.8456 193 259 218 293
patient0098_0188 0 0.8503 193 257 217 294
patient0098_0189 0 0.8373 193 257 217 294
patient0098_0190 0 0.8330 192 256 217 295
patient0098_0191 0 0.8341 192 255 217 295
patient0098_0192 0 0.8286 191 254 217 294
patient0098_0193 0 0.8255 189 253 217 295
patient0098_0194 0 0.8337 188 246 217 295
patient0098_0195 0 0.8487 187 246 217 295
patient0098_0196 0 0.8603 186 246 219 294
patient0098_0197 0 0.8443 185 246 221 295
patient0098_0198 0 0.8707 184 246 223 295
patient0098_0199 0 0.8628 184 245 224 295
patient0098_0200 0 0.8576 183 246 225 295
patient0098_0201 0 0.8515 180 245 226 296
patient0098_0202 0 0.7981 180 245 226 296
patient0098_0203 0 0.8899 178 244 226 296
patient0098_0204 0 0.8674 179 245 226 296
patient0098_0205 0 0.8413 185 248 226 296
patient0098_0206 0 0.8557 185 248 227 296
patient0098_0207 0 0.8363 186 249 227 296
patient0098_0208 0 0.8747 187 249 228 296
patient0098_0209 0 0.8600 188 250 228 295
patient0098_0210 0 0.8466 188 250 228 295
patient0098_0211 0 0.8435 190 251 228 295
patient0098_0212 0 0.8385 191 251 228 295
patient0098_0213 0 0.8384 192 251 228 295
patient0098_0214 0 0.8371 192 251 228 294
patient0098_0215 0 0.8298 194 251 228 295
patient0098_0216 0 0.8307 194 251 228 295
patient0098_0217 0 0.8308 196 250 229 294
patient0098_0218 0 0.8617 199 249 229 294
patient0098_0219 0 0.8650 200 248 229 294
patient0098_0220 0 0.8511 201 249 229 294
patient0098_0221 0 0.8665 201 249 229 293
patient0098_0222 0 0.8630 201 249 230 293
patient0098_0223 0 0.8637 201 249 230 293
patient0098_0224 0 0.8673 200 248 229 293
patient0098_0225 0 0.8664 199 248 229 293
patient0098_0226 0 0.8751 199 248 230 293
patient0098_0227 0 0.8728 198 248 229 292
patient0098_0228 0 0.8657 197 247 229 292
patient0098_0229 0 0.8607 197 246 229 292
patient0098_0230 0 0.8376 197 246 229 292
patient0098_0231 0 0.7966 196 246 230 291
patient0098_0232 0 0.6423 205 244 233 290
patient0098_0233 0 0.5611 207 244 237 285
patient0098_0234 0 0.7033 208 245 237 276
patient0098_0235 0 0.7575 208 244 236 277
patient0098_0236 0 0.7259 209 243 236 277
patient0098_0237 0 0.7738 209 242 236 277
patient0098_0238 0 0.7870 209 242 235 276
patient0098_0239 0 0.7918 209 242 235 274
patient0098_0240 0 0.7841 208 243 234 272
patient0098_0241 0 0.7682 208 243 234 270
patient0098_0242 0 0.7533 208 242 233 267
patient0098_0243 0 0.7140 208 241 233 265
patient0098_0244 0 0.6936 207 241 231 263
patient0098_0245 0 0.6852 207 242 230 261
patient0098_0246 0 0.6870 206 242 230 260
patient0098_0247 0 0.6685 207 242 229 259
patient0098_0248 0 0.6356 209 242 226 256
patient0098_0249 0 0.6419 209 242 223 255
patient0098_0250 0 0.6169 208 242 222 254
patient0098_0251 0 0.6006 209 242 221 252
patient0098_0252 0 0.5886 209 242 220 252
patient0098_0253 0 0.5889 208 242 218 251
patient0098_0254 0 0.5965 207 242 217 251
patient0098_0255 0 0.5999 207 242 217 252
patient0098_0256 0 0.6016 207 242 217 252
patient0098_0257 0 0.5862 207 242 216 252
patient0098_0258 0 0.5162 207 242 216 251
patient0098_0259 0 0.4096 206 241 216 252
patient0098_0260 0 0.3042 204 242 215 252
patient0098_0266 0 0.4268 187 253 211 284
patient0098_0267 0 0.5159 188 254 210 284
patient0098_0268 0 0.3260 190 255 210 283
patient0098_0269 0 0.2724 191 254 211 283
patient0099_0001 0 0.7143 147 448 232 512
patient0099_0001 0 0.4493 116 188 135 214
patient0099_0002 0 0.6535 147 445 232 512
patient0099_0003 0 0.4140 146 444 234 512
patient0099_0005 0 0.3052 147 444 233 512
patient0099_0008 0 0.2612 146 446 235 512
patient0099_0009 0 0.4640 143 446 235 512
patient0099_0010 0 0.4139 143 445 235 512
patient0099_0016 0 0.3150 141 453 233 512
patient0099_0017 0 0.2624 141 450 233 512
patient0099_0020 0 0.3594 141 447 231 512
patient0099_0021 0 0.3470 141 447 231 512
patient0099_0023 0 0.3154 141 447 230 512
patient0099_0024 0 0.2730 141 446 231 512
patient0099_0125 0 0.4334 139 226 186 278
patient0099_0170 0 0.7203 202 301 241 341
patient0099_0171 0 0.7393 201 308 241 341
patient0099_0172 0 0.6616 201 308 240 341
patient0099_0173 0 0.6940 200 306 239 343
patient0099_0174 0 0.7622 199 297 238 343
patient0099_0175 0 0.5959 199 295 237 344
patient0099_0176 0 0.3533 199 306 238 345
patient0099_0177 0 0.3633 198 307 237 345
patient0099_0178 0 0.5368 198 307 238 345
patient0099_0179 0 0.5681 197 306 239 345
patient0099_0180 0 0.5215 197 302 244 346
patient0099_0181 0 0.5656 197 298 245 346
patient0099_0182 0 0.3609 198 299 255 346
patient0099_0193 0 0.2516 197 274 210 285
patient0099_0199 0 0.2649 194 273 208 283
patient0099_0200 0 0.3550 194 273 207 282
patient0099_0202 0 0.2711 192 271 209 280
patient0099_0203 0 0.3477 191 271 208 279
patient0099_0215 0 0.4715 169 275 192 298
patient0099_0216 0 0.6605 169 274 190 298
patient0099_0217 0 0.7262 168 271 190 300
patient0099_0218 0 0.7849 167 271 190 301
patient0099_0219 0 0.7961 166 270 189 302
patient0099_0220 0 0.8174 166 270 190 304
patient0099_0221 0 0.8347 166 269 190 304
patient0099_0222 0 0.8445 166 267 190 305
patient0099_0223 0 0.8348 165 265 189 305
patient0099_0224 0 0.8186 164 264 189 306
patient0099_0225 0 0.8190 165 264 190 306
patient0099_0226 0 0.8232 164 264 191 307
patient0099_0227 0 0.8298 164 263 191 308
patient0099_0228 0 0.8298 163 262 192 308
patient0099_0229 0 0.8445 162 261 192 309
patient0099_0230 0 0.8560 161 261 192 310
patient0099_0231 0 0.8581 161 260 192 310
patient0099_0232 0 0.8715 161 260 192 310
patient0099_0233 0 0.8701 160 259 193 310
patient0099_0234 0 0.8548 160 253 210 310
patient0099_0235 0 0.9384 159 253 211 311
patient0099_0236 0 0.9488 158 252 211 311
patient0099_0237 0 0.9504 157 252 212 311
patient0099_0238 0 0.9477 156 251 213 311
patient0099_0239 0 0.9447 155 251 213 311
patient0099_0240 0 0.9501 155 251 215 311
patient0099_0241 0 0.9460 154 251 215 311
patient0099_0242 0 0.9381 153 251 215 311
patient0099_0243 0 0.9382 153 251 216 312
patient0099_0244 0 0.9434 153 251 217 312
patient0099_0245 0 0.9449 153 251 217 313
patient0099_0246 0 0.9436 153 251 217 314
patient0099_0247 0 0.9419 153 251 217 314
patient0099_0248 0 0.9443 152 251 217 314
patient0099_0249 0 0.9450 151 251 218 315
patient0099_0250 0 0.9394 151 251 218 315
patient0099_0251 0 0.9224 151 252 218 315
patient0099_0252 0 0.9183 151 252 219 315
patient0099_0253 0 0.9062 151 253 219 315
patient0099_0254 0 0.8422 168 255 220 315
patient0099_0255 0 0.8182 174 256 221 316
patient0099_0256 0 0.9314 176 256 225 315
patient0099_0257 0 0.9474 176 255 224 316
patient0099_0258 0 0.9429 176 256 225 316
patient0099_0259 0 0.9359 175 256 225 316
patient0099_0260 0 0.9360 174 256 225 316
patient0099_0261 0 0.9205 174 257 225 316
patient0099_0262 0 0.8752 172 258 224 316
patient0099_0263 0 0.8541 170 259 225 316
patient0099_0264 0 0.8387 170 259 223 315
patient0099_0265 0 0.7768 170 259 222 315
patient0099_0266 0 0.7103 169 258 222 315
patient0099_0266 0 0.5284 193 260 222 289
patient0099_0267 0 0.7368 193 259 221 289
patient0099_0268 0 0.7389 194 260 221 288
patient0099_0269 0 0.7814 194 262 221 287
patient0099_0270 0 0.7948 194 262 220 287
patient0099_0271 0 0.7951 195 260 219 286
patient0099_0272 0 0.7431 195 259 218 284
patient0099_0273 0 0.7134 195 260 218 283
patient0099_0274 0 0.6805 195 260 218 282
patient0099_0275 0 0.6727 195 260 217 281
patient0099_0276 0 0.6821 195 261 217 280
patient0099_0277 0 0.6634 196 261 217 279
patient0099_0278 0 0.6153 196 261 217 279
patient0099_0279 0 0.6465 196 260 216 278
patient0099_0280 0 0.6757 198 261 216 277
patient0099_0281 0 0.6525 200 263 214 276
patient0099_0282 0 0.6514 201 263 212 275
patient0099_0283 0 0.6555 201 263 211 274
patient0099_0284 0 0.5995 201 264 210 273
patient0099_0285 0 0.5640 199 264 210 273
patient0099_0286 0 0.5474 198 263 209 273
patient0099_0287 0 0.5750 198 263 208 272
patient0099_0288 0 0.5955 198 263 208 272
patient0099_0289 0 0.5544 198 263 207 272
patient0099_0290 0 0.5193 198 264 206 271
patient0099_0291 0 0.4103 197 264 204 271
patient0099_0291 0 0.3348 197 265 205 272
patient0099_0292 0 0.3440 196 265 204 273
patient0099_0292 0 0.3332 196 263 204 272
patient0100_0007 0 0.4073 340 404 368 422
patient0100_0008 0 0.4880 339 404 368 423
patient0100_0009 0 0.2966 337 406 366 424
patient0100_0012 0 0.2553 338 401 362 423
patient0100_0014 0 0.2810 116 251 136 272
patient0100_0029 0 0.3970 128 268 159 293
patient0100_0030 0 0.5276 128 268 160 293
patient0100_0031 0 0.5083 129 266 169 296
patient0100_0032 0 0.3583 109 261 142 294
patient0100_0033 0 0.5769 110 259 144 296
patient0100_0034 0 0.5805 112 260 144 297
patient0100_0035 0 0.6974 114 262 145 298
patient0100_0038 0 0.3893 137 276 160 315
patient0100_0039 0 0.6904 138 279 162 314
patient0100_0040 0 0.7092 138 281 163 314
patient0100_0041 0 0.5800 138 283 161 314
patient0100_0117 0 0.2952 213 244 244 282
patient0100_0173 0 0.4313 239 289 259 304
patient0100_0174 0 0.4074 239 288 258 305
patient0100_0175 0 0.2571 232 288 255 312
patient0100_0176 0 0.3111 226 289 262 356
patient0100_0177 0 0.2672 226 290 264 357
patient0100_0184 0 0.4568 219 295 265 357
patient0100_0211 0 0.6667 207 270 223 302
patient0100_0212 0 0.7220 207 267 226 304
patient0100_0213 0 0.7433 207 266 230 304
patient0100_0214 0 0.7815 206 253 252 306
patient0100_0215 0 0.8139 206 255 254 307
patient0100_0216 0 0.8917 206 253 256 308
patient0100_0217 0 0.9004 206 253 256 308
patient0100_0218 0 0.9170 206 253 257 309
patient0100_0219 0 0.9400 206 252 257 309
patient0100_0220 0 0.9586 207 251 257 309
patient0100_0221 0 0.9559 206 249 257 310
patient0100_0222 0 0.9476 205 248 257 310
patient0100_0223 0 0.9478 204 248 258 310
patient0100_0224 0 0.9498 203 249 258 310
patient0100_0225 0 0.9409 203 248 259 310
patient0100_0226 0 0.9266 202 248 259 310
patient0100_0227 0 0.9214 201 248 259 310
patient0100_0228 0 0.9057 200 247 259 310
patient0100_0229 0 0.8981 200 247 259 310
patient0100_0230 0 0.7165 205 250 261 310
patient0100_0231 0 0.9021 220 251 261 310
patient0100_0232 0 0.9110 220 251 261 310
patient0100_0233 0 0.9149 220 251 262 310
patient0100_0234 0 0.9202 220 251 262 310
patient0100_0235 0 0.9222 220 251 263 310
patient0100_0236 0 0.9213 220 251 265 310
patient0100_0237 0 0.9185 220 251 265 309
patient0100_0238 0 0.9142 220 251 266 309
patient0100_0239 0 0.9019 220 251 266 309
patient0100_0240 0 0.9038 220 251 266 309
patient0100_0241 0 0.9034 219 251 265 309
patient0100_0242 0 0.9038 219 250 265 309
patient0100_0243 0 0.9090 218 250 265 309
patient0100_0244 0 0.9078 218 250 265 309
patient0100_0245 0 0.8905 217 250 265 309
patient0100_0246 0 0.8853 217 251 265 308
patient0100_0247 0 0.8643 216 250 265 307
patient0100_0248 0 0.8216 215 250 264 306
patient0100_0248 0 0.4482 244 249 265 269
patient0100_0249 0 0.6866 215 251 264 306
patient0100_0249 0 0.6344 244 250 265 268
patient0100_0250 0 0.7165 213 252 263 305
patient0100_0250 0 0.5848 245 250 264 267
patient0100_0251 0 0.7283 212 252 262 305
patient0100_0251 0 0.5572 246 250 263 266
patient0100_0252 0 0.6940 212 252 260 306
patient0100_0252 0 0.5638 245 250 262 265
patient0100_0253 0 0.6277 243 251 260 264
patient0100_0253 0 0.4435 212 252 259 303
patient0100_0254 0 0.6500 244 251 260 263
patient0100_0254 0 0.3355 212 252 259 302
patient0100_0255 0 0.6430 245 251 259 263
patient0100_0256 0 0.6246 246 251 259 262
patient0100_0257 0 0.6106 247 251 258 261
patient0100_0258 0 0.5870 246 251 257 261
patient0100_0259 0 0.5399 245 251 256 260
patient0100_0260 0 0.5541 245 250 255 260
patient0100_0261 0 0.5507 245 249 254 259
patient0100_0262 0 0.5399 245 249 254 259
patient0100_0263 0 0.4711 245 249 254 259
patient0100_0264 0 0.2836 243 245 254 259
patient0100_0265 0 0.2519 242 244 253 258
patient0100_0273 0 0.2762 241 248 251 265
